solid KUIN_G_DDD52MN3XCB6YBD7
  facet normal 0 0 0
    outer loop
      vertex 0.0000 0.0000 0.4000
      vertex 29.0000 0.0000 0.4000
      vertex 29.0000 29.0000 0.4000
    endloop
  endfacet
  facet normal 0 0 0
    outer loop
      vertex 0.0000 0.0000 0.4000
      vertex 29.0000 29.0000 0.4000
      vertex 0.0000 29.0000 0.4000
    endloop
  endfacet
  facet normal 0 0 0
    outer loop
      vertex 0.0000 0.0000 0.4000
      vertex 29.0000 29.0000 0.4000
      vertex 29.0000 0.0000 0.4000
    endloop
  endfacet
  facet normal 0 0 0
    outer loop
      vertex 0.0000 0.0000 0.4000
      vertex 0.0000 29.0000 0.4000
      vertex 29.0000 29.0000 0.4000
    endloop
  endfacet
  facet normal 0 0 0
    outer loop
      vertex 0.0000 0.0000 0.4000
      vertex 0.0000 0.0000 0.4000
      vertex 29.0000 0.0000 0.4000
    endloop
  endfacet
  facet normal 0 0 0
    outer loop
      vertex 0.0000 0.0000 0.4000
      vertex 29.0000 0.0000 0.4000
      vertex 29.0000 0.0000 0.4000
    endloop
  endfacet
  facet normal 0 0 0
    outer loop
      vertex 29.0000 0.0000 0.4000
      vertex 29.0000 0.0000 0.4000
      vertex 29.0000 29.0000 0.4000
    endloop
  endfacet
  facet normal 0 0 0
    outer loop
      vertex 29.0000 0.0000 0.4000
      vertex 29.0000 29.0000 0.4000
      vertex 29.0000 29.0000 0.4000
    endloop
  endfacet
  facet normal 0 0 0
    outer loop
      vertex 29.0000 29.0000 0.4000
      vertex 29.0000 29.0000 0.4000
      vertex 0.0000 29.0000 0.4000
    endloop
  endfacet
  facet normal 0 0 0
    outer loop
      vertex 29.0000 29.0000 0.4000
      vertex 0.0000 29.0000 0.4000
      vertex 0.0000 29.0000 0.4000
    endloop
  endfacet
  facet normal 0 0 0
    outer loop
      vertex 0.0000 29.0000 0.4000
      vertex 0.0000 29.0000 0.4000
      vertex 0.0000 0.0000 0.4000
    endloop
  endfacet
  facet normal 0 0 0
    outer loop
      vertex 0.0000 29.0000 0.4000
      vertex 0.0000 0.0000 0.4000
      vertex 0.0000 0.0000 0.4000
    endloop
  endfacet
  facet normal 0 0 0
    outer loop
      vertex 4.0000 24.0000 0.4000
      vertex 5.0000 24.0000 0.4000
      vertex 5.0000 25.0000 0.4000
    endloop
  endfacet
  facet normal 0 0 0
    outer loop
      vertex 4.0000 24.0000 0.4000
      vertex 5.0000 25.0000 0.4000
      vertex 4.0000 25.0000 0.4000
    endloop
  endfacet
  facet normal 0 0 0
    outer loop
      vertex 4.0000 24.0000 1.0000
      vertex 5.0000 25.0000 1.0000
      vertex 5.0000 24.0000 1.0000
    endloop
  endfacet
  facet normal 0 0 0
    outer loop
      vertex 4.0000 24.0000 1.0000
      vertex 4.0000 25.0000 1.0000
      vertex 5.0000 25.0000 1.0000
    endloop
  endfacet
  facet normal 0 0 0
    outer loop
      vertex 4.0000 24.0000 0.4000
      vertex 4.0000 24.0000 1.0000
      vertex 5.0000 24.0000 1.0000
    endloop
  endfacet
  facet normal 0 0 0
    outer loop
      vertex 4.0000 24.0000 0.4000
      vertex 5.0000 24.0000 1.0000
      vertex 5.0000 24.0000 0.4000
    endloop
  endfacet
  facet normal 0 0 0
    outer loop
      vertex 5.0000 24.0000 0.4000
      vertex 5.0000 24.0000 1.0000
      vertex 5.0000 25.0000 1.0000
    endloop
  endfacet
  facet normal 0 0 0
    outer loop
      vertex 5.0000 24.0000 0.4000
      vertex 5.0000 25.0000 1.0000
      vertex 5.0000 25.0000 0.4000
    endloop
  endfacet
  facet normal 0 0 0
    outer loop
      vertex 5.0000 25.0000 0.4000
      vertex 5.0000 25.0000 1.0000
      vertex 4.0000 25.0000 1.0000
    endloop
  endfacet
  facet normal 0 0 0
    outer loop
      vertex 5.0000 25.0000 0.4000
      vertex 4.0000 25.0000 1.0000
      vertex 4.0000 25.0000 0.4000
    endloop
  endfacet
  facet normal 0 0 0
    outer loop
      vertex 4.0000 25.0000 0.4000
      vertex 4.0000 25.0000 1.0000
      vertex 4.0000 24.0000 1.0000
    endloop
  endfacet
  facet normal 0 0 0
    outer loop
      vertex 4.0000 25.0000 0.4000
      vertex 4.0000 24.0000 1.0000
      vertex 4.0000 24.0000 0.4000
    endloop
  endfacet
  facet normal 0 0 0
    outer loop
      vertex 5.0000 24.0000 0.4000
      vertex 6.0000 24.0000 0.4000
      vertex 6.0000 25.0000 0.4000
    endloop
  endfacet
  facet normal 0 0 0
    outer loop
      vertex 5.0000 24.0000 0.4000
      vertex 6.0000 25.0000 0.4000
      vertex 5.0000 25.0000 0.4000
    endloop
  endfacet
  facet normal 0 0 0
    outer loop
      vertex 5.0000 24.0000 1.0000
      vertex 6.0000 25.0000 1.0000
      vertex 6.0000 24.0000 1.0000
    endloop
  endfacet
  facet normal 0 0 0
    outer loop
      vertex 5.0000 24.0000 1.0000
      vertex 5.0000 25.0000 1.0000
      vertex 6.0000 25.0000 1.0000
    endloop
  endfacet
  facet normal 0 0 0
    outer loop
      vertex 5.0000 24.0000 0.4000
      vertex 5.0000 24.0000 1.0000
      vertex 6.0000 24.0000 1.0000
    endloop
  endfacet
  facet normal 0 0 0
    outer loop
      vertex 5.0000 24.0000 0.4000
      vertex 6.0000 24.0000 1.0000
      vertex 6.0000 24.0000 0.4000
    endloop
  endfacet
  facet normal 0 0 0
    outer loop
      vertex 6.0000 24.0000 0.4000
      vertex 6.0000 24.0000 1.0000
      vertex 6.0000 25.0000 1.0000
    endloop
  endfacet
  facet normal 0 0 0
    outer loop
      vertex 6.0000 24.0000 0.4000
      vertex 6.0000 25.0000 1.0000
      vertex 6.0000 25.0000 0.4000
    endloop
  endfacet
  facet normal 0 0 0
    outer loop
      vertex 6.0000 25.0000 0.4000
      vertex 6.0000 25.0000 1.0000
      vertex 5.0000 25.0000 1.0000
    endloop
  endfacet
  facet normal 0 0 0
    outer loop
      vertex 6.0000 25.0000 0.4000
      vertex 5.0000 25.0000 1.0000
      vertex 5.0000 25.0000 0.4000
    endloop
  endfacet
  facet normal 0 0 0
    outer loop
      vertex 5.0000 25.0000 0.4000
      vertex 5.0000 25.0000 1.0000
      vertex 5.0000 24.0000 1.0000
    endloop
  endfacet
  facet normal 0 0 0
    outer loop
      vertex 5.0000 25.0000 0.4000
      vertex 5.0000 24.0000 1.0000
      vertex 5.0000 24.0000 0.4000
    endloop
  endfacet
  facet normal 0 0 0
    outer loop
      vertex 6.0000 24.0000 0.4000
      vertex 7.0000 24.0000 0.4000
      vertex 7.0000 25.0000 0.4000
    endloop
  endfacet
  facet normal 0 0 0
    outer loop
      vertex 6.0000 24.0000 0.4000
      vertex 7.0000 25.0000 0.4000
      vertex 6.0000 25.0000 0.4000
    endloop
  endfacet
  facet normal 0 0 0
    outer loop
      vertex 6.0000 24.0000 1.0000
      vertex 7.0000 25.0000 1.0000
      vertex 7.0000 24.0000 1.0000
    endloop
  endfacet
  facet normal 0 0 0
    outer loop
      vertex 6.0000 24.0000 1.0000
      vertex 6.0000 25.0000 1.0000
      vertex 7.0000 25.0000 1.0000
    endloop
  endfacet
  facet normal 0 0 0
    outer loop
      vertex 6.0000 24.0000 0.4000
      vertex 6.0000 24.0000 1.0000
      vertex 7.0000 24.0000 1.0000
    endloop
  endfacet
  facet normal 0 0 0
    outer loop
      vertex 6.0000 24.0000 0.4000
      vertex 7.0000 24.0000 1.0000
      vertex 7.0000 24.0000 0.4000
    endloop
  endfacet
  facet normal 0 0 0
    outer loop
      vertex 7.0000 24.0000 0.4000
      vertex 7.0000 24.0000 1.0000
      vertex 7.0000 25.0000 1.0000
    endloop
  endfacet
  facet normal 0 0 0
    outer loop
      vertex 7.0000 24.0000 0.4000
      vertex 7.0000 25.0000 1.0000
      vertex 7.0000 25.0000 0.4000
    endloop
  endfacet
  facet normal 0 0 0
    outer loop
      vertex 7.0000 25.0000 0.4000
      vertex 7.0000 25.0000 1.0000
      vertex 6.0000 25.0000 1.0000
    endloop
  endfacet
  facet normal 0 0 0
    outer loop
      vertex 7.0000 25.0000 0.4000
      vertex 6.0000 25.0000 1.0000
      vertex 6.0000 25.0000 0.4000
    endloop
  endfacet
  facet normal 0 0 0
    outer loop
      vertex 6.0000 25.0000 0.4000
      vertex 6.0000 25.0000 1.0000
      vertex 6.0000 24.0000 1.0000
    endloop
  endfacet
  facet normal 0 0 0
    outer loop
      vertex 6.0000 25.0000 0.4000
      vertex 6.0000 24.0000 1.0000
      vertex 6.0000 24.0000 0.4000
    endloop
  endfacet
  facet normal 0 0 0
    outer loop
      vertex 7.0000 24.0000 0.4000
      vertex 8.0000 24.0000 0.4000
      vertex 8.0000 25.0000 0.4000
    endloop
  endfacet
  facet normal 0 0 0
    outer loop
      vertex 7.0000 24.0000 0.4000
      vertex 8.0000 25.0000 0.4000
      vertex 7.0000 25.0000 0.4000
    endloop
  endfacet
  facet normal 0 0 0
    outer loop
      vertex 7.0000 24.0000 1.0000
      vertex 8.0000 25.0000 1.0000
      vertex 8.0000 24.0000 1.0000
    endloop
  endfacet
  facet normal 0 0 0
    outer loop
      vertex 7.0000 24.0000 1.0000
      vertex 7.0000 25.0000 1.0000
      vertex 8.0000 25.0000 1.0000
    endloop
  endfacet
  facet normal 0 0 0
    outer loop
      vertex 7.0000 24.0000 0.4000
      vertex 7.0000 24.0000 1.0000
      vertex 8.0000 24.0000 1.0000
    endloop
  endfacet
  facet normal 0 0 0
    outer loop
      vertex 7.0000 24.0000 0.4000
      vertex 8.0000 24.0000 1.0000
      vertex 8.0000 24.0000 0.4000
    endloop
  endfacet
  facet normal 0 0 0
    outer loop
      vertex 8.0000 24.0000 0.4000
      vertex 8.0000 24.0000 1.0000
      vertex 8.0000 25.0000 1.0000
    endloop
  endfacet
  facet normal 0 0 0
    outer loop
      vertex 8.0000 24.0000 0.4000
      vertex 8.0000 25.0000 1.0000
      vertex 8.0000 25.0000 0.4000
    endloop
  endfacet
  facet normal 0 0 0
    outer loop
      vertex 8.0000 25.0000 0.4000
      vertex 8.0000 25.0000 1.0000
      vertex 7.0000 25.0000 1.0000
    endloop
  endfacet
  facet normal 0 0 0
    outer loop
      vertex 8.0000 25.0000 0.4000
      vertex 7.0000 25.0000 1.0000
      vertex 7.0000 25.0000 0.4000
    endloop
  endfacet
  facet normal 0 0 0
    outer loop
      vertex 7.0000 25.0000 0.4000
      vertex 7.0000 25.0000 1.0000
      vertex 7.0000 24.0000 1.0000
    endloop
  endfacet
  facet normal 0 0 0
    outer loop
      vertex 7.0000 25.0000 0.4000
      vertex 7.0000 24.0000 1.0000
      vertex 7.0000 24.0000 0.4000
    endloop
  endfacet
  facet normal 0 0 0
    outer loop
      vertex 8.0000 24.0000 0.4000
      vertex 9.0000 24.0000 0.4000
      vertex 9.0000 25.0000 0.4000
    endloop
  endfacet
  facet normal 0 0 0
    outer loop
      vertex 8.0000 24.0000 0.4000
      vertex 9.0000 25.0000 0.4000
      vertex 8.0000 25.0000 0.4000
    endloop
  endfacet
  facet normal 0 0 0
    outer loop
      vertex 8.0000 24.0000 1.0000
      vertex 9.0000 25.0000 1.0000
      vertex 9.0000 24.0000 1.0000
    endloop
  endfacet
  facet normal 0 0 0
    outer loop
      vertex 8.0000 24.0000 1.0000
      vertex 8.0000 25.0000 1.0000
      vertex 9.0000 25.0000 1.0000
    endloop
  endfacet
  facet normal 0 0 0
    outer loop
      vertex 8.0000 24.0000 0.4000
      vertex 8.0000 24.0000 1.0000
      vertex 9.0000 24.0000 1.0000
    endloop
  endfacet
  facet normal 0 0 0
    outer loop
      vertex 8.0000 24.0000 0.4000
      vertex 9.0000 24.0000 1.0000
      vertex 9.0000 24.0000 0.4000
    endloop
  endfacet
  facet normal 0 0 0
    outer loop
      vertex 9.0000 24.0000 0.4000
      vertex 9.0000 24.0000 1.0000
      vertex 9.0000 25.0000 1.0000
    endloop
  endfacet
  facet normal 0 0 0
    outer loop
      vertex 9.0000 24.0000 0.4000
      vertex 9.0000 25.0000 1.0000
      vertex 9.0000 25.0000 0.4000
    endloop
  endfacet
  facet normal 0 0 0
    outer loop
      vertex 9.0000 25.0000 0.4000
      vertex 9.0000 25.0000 1.0000
      vertex 8.0000 25.0000 1.0000
    endloop
  endfacet
  facet normal 0 0 0
    outer loop
      vertex 9.0000 25.0000 0.4000
      vertex 8.0000 25.0000 1.0000
      vertex 8.0000 25.0000 0.4000
    endloop
  endfacet
  facet normal 0 0 0
    outer loop
      vertex 8.0000 25.0000 0.4000
      vertex 8.0000 25.0000 1.0000
      vertex 8.0000 24.0000 1.0000
    endloop
  endfacet
  facet normal 0 0 0
    outer loop
      vertex 8.0000 25.0000 0.4000
      vertex 8.0000 24.0000 1.0000
      vertex 8.0000 24.0000 0.4000
    endloop
  endfacet
  facet normal 0 0 0
    outer loop
      vertex 9.0000 24.0000 0.4000
      vertex 10.0000 24.0000 0.4000
      vertex 10.0000 25.0000 0.4000
    endloop
  endfacet
  facet normal 0 0 0
    outer loop
      vertex 9.0000 24.0000 0.4000
      vertex 10.0000 25.0000 0.4000
      vertex 9.0000 25.0000 0.4000
    endloop
  endfacet
  facet normal 0 0 0
    outer loop
      vertex 9.0000 24.0000 1.0000
      vertex 10.0000 25.0000 1.0000
      vertex 10.0000 24.0000 1.0000
    endloop
  endfacet
  facet normal 0 0 0
    outer loop
      vertex 9.0000 24.0000 1.0000
      vertex 9.0000 25.0000 1.0000
      vertex 10.0000 25.0000 1.0000
    endloop
  endfacet
  facet normal 0 0 0
    outer loop
      vertex 9.0000 24.0000 0.4000
      vertex 9.0000 24.0000 1.0000
      vertex 10.0000 24.0000 1.0000
    endloop
  endfacet
  facet normal 0 0 0
    outer loop
      vertex 9.0000 24.0000 0.4000
      vertex 10.0000 24.0000 1.0000
      vertex 10.0000 24.0000 0.4000
    endloop
  endfacet
  facet normal 0 0 0
    outer loop
      vertex 10.0000 24.0000 0.4000
      vertex 10.0000 24.0000 1.0000
      vertex 10.0000 25.0000 1.0000
    endloop
  endfacet
  facet normal 0 0 0
    outer loop
      vertex 10.0000 24.0000 0.4000
      vertex 10.0000 25.0000 1.0000
      vertex 10.0000 25.0000 0.4000
    endloop
  endfacet
  facet normal 0 0 0
    outer loop
      vertex 10.0000 25.0000 0.4000
      vertex 10.0000 25.0000 1.0000
      vertex 9.0000 25.0000 1.0000
    endloop
  endfacet
  facet normal 0 0 0
    outer loop
      vertex 10.0000 25.0000 0.4000
      vertex 9.0000 25.0000 1.0000
      vertex 9.0000 25.0000 0.4000
    endloop
  endfacet
  facet normal 0 0 0
    outer loop
      vertex 9.0000 25.0000 0.4000
      vertex 9.0000 25.0000 1.0000
      vertex 9.0000 24.0000 1.0000
    endloop
  endfacet
  facet normal 0 0 0
    outer loop
      vertex 9.0000 25.0000 0.4000
      vertex 9.0000 24.0000 1.0000
      vertex 9.0000 24.0000 0.4000
    endloop
  endfacet
  facet normal 0 0 0
    outer loop
      vertex 10.0000 24.0000 0.4000
      vertex 11.0000 24.0000 0.4000
      vertex 11.0000 25.0000 0.4000
    endloop
  endfacet
  facet normal 0 0 0
    outer loop
      vertex 10.0000 24.0000 0.4000
      vertex 11.0000 25.0000 0.4000
      vertex 10.0000 25.0000 0.4000
    endloop
  endfacet
  facet normal 0 0 0
    outer loop
      vertex 10.0000 24.0000 1.0000
      vertex 11.0000 25.0000 1.0000
      vertex 11.0000 24.0000 1.0000
    endloop
  endfacet
  facet normal 0 0 0
    outer loop
      vertex 10.0000 24.0000 1.0000
      vertex 10.0000 25.0000 1.0000
      vertex 11.0000 25.0000 1.0000
    endloop
  endfacet
  facet normal 0 0 0
    outer loop
      vertex 10.0000 24.0000 0.4000
      vertex 10.0000 24.0000 1.0000
      vertex 11.0000 24.0000 1.0000
    endloop
  endfacet
  facet normal 0 0 0
    outer loop
      vertex 10.0000 24.0000 0.4000
      vertex 11.0000 24.0000 1.0000
      vertex 11.0000 24.0000 0.4000
    endloop
  endfacet
  facet normal 0 0 0
    outer loop
      vertex 11.0000 24.0000 0.4000
      vertex 11.0000 24.0000 1.0000
      vertex 11.0000 25.0000 1.0000
    endloop
  endfacet
  facet normal 0 0 0
    outer loop
      vertex 11.0000 24.0000 0.4000
      vertex 11.0000 25.0000 1.0000
      vertex 11.0000 25.0000 0.4000
    endloop
  endfacet
  facet normal 0 0 0
    outer loop
      vertex 11.0000 25.0000 0.4000
      vertex 11.0000 25.0000 1.0000
      vertex 10.0000 25.0000 1.0000
    endloop
  endfacet
  facet normal 0 0 0
    outer loop
      vertex 11.0000 25.0000 0.4000
      vertex 10.0000 25.0000 1.0000
      vertex 10.0000 25.0000 0.4000
    endloop
  endfacet
  facet normal 0 0 0
    outer loop
      vertex 10.0000 25.0000 0.4000
      vertex 10.0000 25.0000 1.0000
      vertex 10.0000 24.0000 1.0000
    endloop
  endfacet
  facet normal 0 0 0
    outer loop
      vertex 10.0000 25.0000 0.4000
      vertex 10.0000 24.0000 1.0000
      vertex 10.0000 24.0000 0.4000
    endloop
  endfacet
  facet normal 0 0 0
    outer loop
      vertex 12.0000 24.0000 0.4000
      vertex 13.0000 24.0000 0.4000
      vertex 13.0000 25.0000 0.4000
    endloop
  endfacet
  facet normal 0 0 0
    outer loop
      vertex 12.0000 24.0000 0.4000
      vertex 13.0000 25.0000 0.4000
      vertex 12.0000 25.0000 0.4000
    endloop
  endfacet
  facet normal 0 0 0
    outer loop
      vertex 12.0000 24.0000 1.0000
      vertex 13.0000 25.0000 1.0000
      vertex 13.0000 24.0000 1.0000
    endloop
  endfacet
  facet normal 0 0 0
    outer loop
      vertex 12.0000 24.0000 1.0000
      vertex 12.0000 25.0000 1.0000
      vertex 13.0000 25.0000 1.0000
    endloop
  endfacet
  facet normal 0 0 0
    outer loop
      vertex 12.0000 24.0000 0.4000
      vertex 12.0000 24.0000 1.0000
      vertex 13.0000 24.0000 1.0000
    endloop
  endfacet
  facet normal 0 0 0
    outer loop
      vertex 12.0000 24.0000 0.4000
      vertex 13.0000 24.0000 1.0000
      vertex 13.0000 24.0000 0.4000
    endloop
  endfacet
  facet normal 0 0 0
    outer loop
      vertex 13.0000 24.0000 0.4000
      vertex 13.0000 24.0000 1.0000
      vertex 13.0000 25.0000 1.0000
    endloop
  endfacet
  facet normal 0 0 0
    outer loop
      vertex 13.0000 24.0000 0.4000
      vertex 13.0000 25.0000 1.0000
      vertex 13.0000 25.0000 0.4000
    endloop
  endfacet
  facet normal 0 0 0
    outer loop
      vertex 13.0000 25.0000 0.4000
      vertex 13.0000 25.0000 1.0000
      vertex 12.0000 25.0000 1.0000
    endloop
  endfacet
  facet normal 0 0 0
    outer loop
      vertex 13.0000 25.0000 0.4000
      vertex 12.0000 25.0000 1.0000
      vertex 12.0000 25.0000 0.4000
    endloop
  endfacet
  facet normal 0 0 0
    outer loop
      vertex 12.0000 25.0000 0.4000
      vertex 12.0000 25.0000 1.0000
      vertex 12.0000 24.0000 1.0000
    endloop
  endfacet
  facet normal 0 0 0
    outer loop
      vertex 12.0000 25.0000 0.4000
      vertex 12.0000 24.0000 1.0000
      vertex 12.0000 24.0000 0.4000
    endloop
  endfacet
  facet normal 0 0 0
    outer loop
      vertex 13.0000 24.0000 0.4000
      vertex 14.0000 24.0000 0.4000
      vertex 14.0000 25.0000 0.4000
    endloop
  endfacet
  facet normal 0 0 0
    outer loop
      vertex 13.0000 24.0000 0.4000
      vertex 14.0000 25.0000 0.4000
      vertex 13.0000 25.0000 0.4000
    endloop
  endfacet
  facet normal 0 0 0
    outer loop
      vertex 13.0000 24.0000 1.0000
      vertex 14.0000 25.0000 1.0000
      vertex 14.0000 24.0000 1.0000
    endloop
  endfacet
  facet normal 0 0 0
    outer loop
      vertex 13.0000 24.0000 1.0000
      vertex 13.0000 25.0000 1.0000
      vertex 14.0000 25.0000 1.0000
    endloop
  endfacet
  facet normal 0 0 0
    outer loop
      vertex 13.0000 24.0000 0.4000
      vertex 13.0000 24.0000 1.0000
      vertex 14.0000 24.0000 1.0000
    endloop
  endfacet
  facet normal 0 0 0
    outer loop
      vertex 13.0000 24.0000 0.4000
      vertex 14.0000 24.0000 1.0000
      vertex 14.0000 24.0000 0.4000
    endloop
  endfacet
  facet normal 0 0 0
    outer loop
      vertex 14.0000 24.0000 0.4000
      vertex 14.0000 24.0000 1.0000
      vertex 14.0000 25.0000 1.0000
    endloop
  endfacet
  facet normal 0 0 0
    outer loop
      vertex 14.0000 24.0000 0.4000
      vertex 14.0000 25.0000 1.0000
      vertex 14.0000 25.0000 0.4000
    endloop
  endfacet
  facet normal 0 0 0
    outer loop
      vertex 14.0000 25.0000 0.4000
      vertex 14.0000 25.0000 1.0000
      vertex 13.0000 25.0000 1.0000
    endloop
  endfacet
  facet normal 0 0 0
    outer loop
      vertex 14.0000 25.0000 0.4000
      vertex 13.0000 25.0000 1.0000
      vertex 13.0000 25.0000 0.4000
    endloop
  endfacet
  facet normal 0 0 0
    outer loop
      vertex 13.0000 25.0000 0.4000
      vertex 13.0000 25.0000 1.0000
      vertex 13.0000 24.0000 1.0000
    endloop
  endfacet
  facet normal 0 0 0
    outer loop
      vertex 13.0000 25.0000 0.4000
      vertex 13.0000 24.0000 1.0000
      vertex 13.0000 24.0000 0.4000
    endloop
  endfacet
  facet normal 0 0 0
    outer loop
      vertex 18.0000 24.0000 0.4000
      vertex 19.0000 24.0000 0.4000
      vertex 19.0000 25.0000 0.4000
    endloop
  endfacet
  facet normal 0 0 0
    outer loop
      vertex 18.0000 24.0000 0.4000
      vertex 19.0000 25.0000 0.4000
      vertex 18.0000 25.0000 0.4000
    endloop
  endfacet
  facet normal 0 0 0
    outer loop
      vertex 18.0000 24.0000 1.0000
      vertex 19.0000 25.0000 1.0000
      vertex 19.0000 24.0000 1.0000
    endloop
  endfacet
  facet normal 0 0 0
    outer loop
      vertex 18.0000 24.0000 1.0000
      vertex 18.0000 25.0000 1.0000
      vertex 19.0000 25.0000 1.0000
    endloop
  endfacet
  facet normal 0 0 0
    outer loop
      vertex 18.0000 24.0000 0.4000
      vertex 18.0000 24.0000 1.0000
      vertex 19.0000 24.0000 1.0000
    endloop
  endfacet
  facet normal 0 0 0
    outer loop
      vertex 18.0000 24.0000 0.4000
      vertex 19.0000 24.0000 1.0000
      vertex 19.0000 24.0000 0.4000
    endloop
  endfacet
  facet normal 0 0 0
    outer loop
      vertex 19.0000 24.0000 0.4000
      vertex 19.0000 24.0000 1.0000
      vertex 19.0000 25.0000 1.0000
    endloop
  endfacet
  facet normal 0 0 0
    outer loop
      vertex 19.0000 24.0000 0.4000
      vertex 19.0000 25.0000 1.0000
      vertex 19.0000 25.0000 0.4000
    endloop
  endfacet
  facet normal 0 0 0
    outer loop
      vertex 19.0000 25.0000 0.4000
      vertex 19.0000 25.0000 1.0000
      vertex 18.0000 25.0000 1.0000
    endloop
  endfacet
  facet normal 0 0 0
    outer loop
      vertex 19.0000 25.0000 0.4000
      vertex 18.0000 25.0000 1.0000
      vertex 18.0000 25.0000 0.4000
    endloop
  endfacet
  facet normal 0 0 0
    outer loop
      vertex 18.0000 25.0000 0.4000
      vertex 18.0000 25.0000 1.0000
      vertex 18.0000 24.0000 1.0000
    endloop
  endfacet
  facet normal 0 0 0
    outer loop
      vertex 18.0000 25.0000 0.4000
      vertex 18.0000 24.0000 1.0000
      vertex 18.0000 24.0000 0.4000
    endloop
  endfacet
  facet normal 0 0 0
    outer loop
      vertex 19.0000 24.0000 0.4000
      vertex 20.0000 24.0000 0.4000
      vertex 20.0000 25.0000 0.4000
    endloop
  endfacet
  facet normal 0 0 0
    outer loop
      vertex 19.0000 24.0000 0.4000
      vertex 20.0000 25.0000 0.4000
      vertex 19.0000 25.0000 0.4000
    endloop
  endfacet
  facet normal 0 0 0
    outer loop
      vertex 19.0000 24.0000 1.0000
      vertex 20.0000 25.0000 1.0000
      vertex 20.0000 24.0000 1.0000
    endloop
  endfacet
  facet normal 0 0 0
    outer loop
      vertex 19.0000 24.0000 1.0000
      vertex 19.0000 25.0000 1.0000
      vertex 20.0000 25.0000 1.0000
    endloop
  endfacet
  facet normal 0 0 0
    outer loop
      vertex 19.0000 24.0000 0.4000
      vertex 19.0000 24.0000 1.0000
      vertex 20.0000 24.0000 1.0000
    endloop
  endfacet
  facet normal 0 0 0
    outer loop
      vertex 19.0000 24.0000 0.4000
      vertex 20.0000 24.0000 1.0000
      vertex 20.0000 24.0000 0.4000
    endloop
  endfacet
  facet normal 0 0 0
    outer loop
      vertex 20.0000 24.0000 0.4000
      vertex 20.0000 24.0000 1.0000
      vertex 20.0000 25.0000 1.0000
    endloop
  endfacet
  facet normal 0 0 0
    outer loop
      vertex 20.0000 24.0000 0.4000
      vertex 20.0000 25.0000 1.0000
      vertex 20.0000 25.0000 0.4000
    endloop
  endfacet
  facet normal 0 0 0
    outer loop
      vertex 20.0000 25.0000 0.4000
      vertex 20.0000 25.0000 1.0000
      vertex 19.0000 25.0000 1.0000
    endloop
  endfacet
  facet normal 0 0 0
    outer loop
      vertex 20.0000 25.0000 0.4000
      vertex 19.0000 25.0000 1.0000
      vertex 19.0000 25.0000 0.4000
    endloop
  endfacet
  facet normal 0 0 0
    outer loop
      vertex 19.0000 25.0000 0.4000
      vertex 19.0000 25.0000 1.0000
      vertex 19.0000 24.0000 1.0000
    endloop
  endfacet
  facet normal 0 0 0
    outer loop
      vertex 19.0000 25.0000 0.4000
      vertex 19.0000 24.0000 1.0000
      vertex 19.0000 24.0000 0.4000
    endloop
  endfacet
  facet normal 0 0 0
    outer loop
      vertex 20.0000 24.0000 0.4000
      vertex 21.0000 24.0000 0.4000
      vertex 21.0000 25.0000 0.4000
    endloop
  endfacet
  facet normal 0 0 0
    outer loop
      vertex 20.0000 24.0000 0.4000
      vertex 21.0000 25.0000 0.4000
      vertex 20.0000 25.0000 0.4000
    endloop
  endfacet
  facet normal 0 0 0
    outer loop
      vertex 20.0000 24.0000 1.0000
      vertex 21.0000 25.0000 1.0000
      vertex 21.0000 24.0000 1.0000
    endloop
  endfacet
  facet normal 0 0 0
    outer loop
      vertex 20.0000 24.0000 1.0000
      vertex 20.0000 25.0000 1.0000
      vertex 21.0000 25.0000 1.0000
    endloop
  endfacet
  facet normal 0 0 0
    outer loop
      vertex 20.0000 24.0000 0.4000
      vertex 20.0000 24.0000 1.0000
      vertex 21.0000 24.0000 1.0000
    endloop
  endfacet
  facet normal 0 0 0
    outer loop
      vertex 20.0000 24.0000 0.4000
      vertex 21.0000 24.0000 1.0000
      vertex 21.0000 24.0000 0.4000
    endloop
  endfacet
  facet normal 0 0 0
    outer loop
      vertex 21.0000 24.0000 0.4000
      vertex 21.0000 24.0000 1.0000
      vertex 21.0000 25.0000 1.0000
    endloop
  endfacet
  facet normal 0 0 0
    outer loop
      vertex 21.0000 24.0000 0.4000
      vertex 21.0000 25.0000 1.0000
      vertex 21.0000 25.0000 0.4000
    endloop
  endfacet
  facet normal 0 0 0
    outer loop
      vertex 21.0000 25.0000 0.4000
      vertex 21.0000 25.0000 1.0000
      vertex 20.0000 25.0000 1.0000
    endloop
  endfacet
  facet normal 0 0 0
    outer loop
      vertex 21.0000 25.0000 0.4000
      vertex 20.0000 25.0000 1.0000
      vertex 20.0000 25.0000 0.4000
    endloop
  endfacet
  facet normal 0 0 0
    outer loop
      vertex 20.0000 25.0000 0.4000
      vertex 20.0000 25.0000 1.0000
      vertex 20.0000 24.0000 1.0000
    endloop
  endfacet
  facet normal 0 0 0
    outer loop
      vertex 20.0000 25.0000 0.4000
      vertex 20.0000 24.0000 1.0000
      vertex 20.0000 24.0000 0.4000
    endloop
  endfacet
  facet normal 0 0 0
    outer loop
      vertex 21.0000 24.0000 0.4000
      vertex 22.0000 24.0000 0.4000
      vertex 22.0000 25.0000 0.4000
    endloop
  endfacet
  facet normal 0 0 0
    outer loop
      vertex 21.0000 24.0000 0.4000
      vertex 22.0000 25.0000 0.4000
      vertex 21.0000 25.0000 0.4000
    endloop
  endfacet
  facet normal 0 0 0
    outer loop
      vertex 21.0000 24.0000 1.0000
      vertex 22.0000 25.0000 1.0000
      vertex 22.0000 24.0000 1.0000
    endloop
  endfacet
  facet normal 0 0 0
    outer loop
      vertex 21.0000 24.0000 1.0000
      vertex 21.0000 25.0000 1.0000
      vertex 22.0000 25.0000 1.0000
    endloop
  endfacet
  facet normal 0 0 0
    outer loop
      vertex 21.0000 24.0000 0.4000
      vertex 21.0000 24.0000 1.0000
      vertex 22.0000 24.0000 1.0000
    endloop
  endfacet
  facet normal 0 0 0
    outer loop
      vertex 21.0000 24.0000 0.4000
      vertex 22.0000 24.0000 1.0000
      vertex 22.0000 24.0000 0.4000
    endloop
  endfacet
  facet normal 0 0 0
    outer loop
      vertex 22.0000 24.0000 0.4000
      vertex 22.0000 24.0000 1.0000
      vertex 22.0000 25.0000 1.0000
    endloop
  endfacet
  facet normal 0 0 0
    outer loop
      vertex 22.0000 24.0000 0.4000
      vertex 22.0000 25.0000 1.0000
      vertex 22.0000 25.0000 0.4000
    endloop
  endfacet
  facet normal 0 0 0
    outer loop
      vertex 22.0000 25.0000 0.4000
      vertex 22.0000 25.0000 1.0000
      vertex 21.0000 25.0000 1.0000
    endloop
  endfacet
  facet normal 0 0 0
    outer loop
      vertex 22.0000 25.0000 0.4000
      vertex 21.0000 25.0000 1.0000
      vertex 21.0000 25.0000 0.4000
    endloop
  endfacet
  facet normal 0 0 0
    outer loop
      vertex 21.0000 25.0000 0.4000
      vertex 21.0000 25.0000 1.0000
      vertex 21.0000 24.0000 1.0000
    endloop
  endfacet
  facet normal 0 0 0
    outer loop
      vertex 21.0000 25.0000 0.4000
      vertex 21.0000 24.0000 1.0000
      vertex 21.0000 24.0000 0.4000
    endloop
  endfacet
  facet normal 0 0 0
    outer loop
      vertex 22.0000 24.0000 0.4000
      vertex 23.0000 24.0000 0.4000
      vertex 23.0000 25.0000 0.4000
    endloop
  endfacet
  facet normal 0 0 0
    outer loop
      vertex 22.0000 24.0000 0.4000
      vertex 23.0000 25.0000 0.4000
      vertex 22.0000 25.0000 0.4000
    endloop
  endfacet
  facet normal 0 0 0
    outer loop
      vertex 22.0000 24.0000 1.0000
      vertex 23.0000 25.0000 1.0000
      vertex 23.0000 24.0000 1.0000
    endloop
  endfacet
  facet normal 0 0 0
    outer loop
      vertex 22.0000 24.0000 1.0000
      vertex 22.0000 25.0000 1.0000
      vertex 23.0000 25.0000 1.0000
    endloop
  endfacet
  facet normal 0 0 0
    outer loop
      vertex 22.0000 24.0000 0.4000
      vertex 22.0000 24.0000 1.0000
      vertex 23.0000 24.0000 1.0000
    endloop
  endfacet
  facet normal 0 0 0
    outer loop
      vertex 22.0000 24.0000 0.4000
      vertex 23.0000 24.0000 1.0000
      vertex 23.0000 24.0000 0.4000
    endloop
  endfacet
  facet normal 0 0 0
    outer loop
      vertex 23.0000 24.0000 0.4000
      vertex 23.0000 24.0000 1.0000
      vertex 23.0000 25.0000 1.0000
    endloop
  endfacet
  facet normal 0 0 0
    outer loop
      vertex 23.0000 24.0000 0.4000
      vertex 23.0000 25.0000 1.0000
      vertex 23.0000 25.0000 0.4000
    endloop
  endfacet
  facet normal 0 0 0
    outer loop
      vertex 23.0000 25.0000 0.4000
      vertex 23.0000 25.0000 1.0000
      vertex 22.0000 25.0000 1.0000
    endloop
  endfacet
  facet normal 0 0 0
    outer loop
      vertex 23.0000 25.0000 0.4000
      vertex 22.0000 25.0000 1.0000
      vertex 22.0000 25.0000 0.4000
    endloop
  endfacet
  facet normal 0 0 0
    outer loop
      vertex 22.0000 25.0000 0.4000
      vertex 22.0000 25.0000 1.0000
      vertex 22.0000 24.0000 1.0000
    endloop
  endfacet
  facet normal 0 0 0
    outer loop
      vertex 22.0000 25.0000 0.4000
      vertex 22.0000 24.0000 1.0000
      vertex 22.0000 24.0000 0.4000
    endloop
  endfacet
  facet normal 0 0 0
    outer loop
      vertex 23.0000 24.0000 0.4000
      vertex 24.0000 24.0000 0.4000
      vertex 24.0000 25.0000 0.4000
    endloop
  endfacet
  facet normal 0 0 0
    outer loop
      vertex 23.0000 24.0000 0.4000
      vertex 24.0000 25.0000 0.4000
      vertex 23.0000 25.0000 0.4000
    endloop
  endfacet
  facet normal 0 0 0
    outer loop
      vertex 23.0000 24.0000 1.0000
      vertex 24.0000 25.0000 1.0000
      vertex 24.0000 24.0000 1.0000
    endloop
  endfacet
  facet normal 0 0 0
    outer loop
      vertex 23.0000 24.0000 1.0000
      vertex 23.0000 25.0000 1.0000
      vertex 24.0000 25.0000 1.0000
    endloop
  endfacet
  facet normal 0 0 0
    outer loop
      vertex 23.0000 24.0000 0.4000
      vertex 23.0000 24.0000 1.0000
      vertex 24.0000 24.0000 1.0000
    endloop
  endfacet
  facet normal 0 0 0
    outer loop
      vertex 23.0000 24.0000 0.4000
      vertex 24.0000 24.0000 1.0000
      vertex 24.0000 24.0000 0.4000
    endloop
  endfacet
  facet normal 0 0 0
    outer loop
      vertex 24.0000 24.0000 0.4000
      vertex 24.0000 24.0000 1.0000
      vertex 24.0000 25.0000 1.0000
    endloop
  endfacet
  facet normal 0 0 0
    outer loop
      vertex 24.0000 24.0000 0.4000
      vertex 24.0000 25.0000 1.0000
      vertex 24.0000 25.0000 0.4000
    endloop
  endfacet
  facet normal 0 0 0
    outer loop
      vertex 24.0000 25.0000 0.4000
      vertex 24.0000 25.0000 1.0000
      vertex 23.0000 25.0000 1.0000
    endloop
  endfacet
  facet normal 0 0 0
    outer loop
      vertex 24.0000 25.0000 0.4000
      vertex 23.0000 25.0000 1.0000
      vertex 23.0000 25.0000 0.4000
    endloop
  endfacet
  facet normal 0 0 0
    outer loop
      vertex 23.0000 25.0000 0.4000
      vertex 23.0000 25.0000 1.0000
      vertex 23.0000 24.0000 1.0000
    endloop
  endfacet
  facet normal 0 0 0
    outer loop
      vertex 23.0000 25.0000 0.4000
      vertex 23.0000 24.0000 1.0000
      vertex 23.0000 24.0000 0.4000
    endloop
  endfacet
  facet normal 0 0 0
    outer loop
      vertex 24.0000 24.0000 0.4000
      vertex 25.0000 24.0000 0.4000
      vertex 25.0000 25.0000 0.4000
    endloop
  endfacet
  facet normal 0 0 0
    outer loop
      vertex 24.0000 24.0000 0.4000
      vertex 25.0000 25.0000 0.4000
      vertex 24.0000 25.0000 0.4000
    endloop
  endfacet
  facet normal 0 0 0
    outer loop
      vertex 24.0000 24.0000 1.0000
      vertex 25.0000 25.0000 1.0000
      vertex 25.0000 24.0000 1.0000
    endloop
  endfacet
  facet normal 0 0 0
    outer loop
      vertex 24.0000 24.0000 1.0000
      vertex 24.0000 25.0000 1.0000
      vertex 25.0000 25.0000 1.0000
    endloop
  endfacet
  facet normal 0 0 0
    outer loop
      vertex 24.0000 24.0000 0.4000
      vertex 24.0000 24.0000 1.0000
      vertex 25.0000 24.0000 1.0000
    endloop
  endfacet
  facet normal 0 0 0
    outer loop
      vertex 24.0000 24.0000 0.4000
      vertex 25.0000 24.0000 1.0000
      vertex 25.0000 24.0000 0.4000
    endloop
  endfacet
  facet normal 0 0 0
    outer loop
      vertex 25.0000 24.0000 0.4000
      vertex 25.0000 24.0000 1.0000
      vertex 25.0000 25.0000 1.0000
    endloop
  endfacet
  facet normal 0 0 0
    outer loop
      vertex 25.0000 24.0000 0.4000
      vertex 25.0000 25.0000 1.0000
      vertex 25.0000 25.0000 0.4000
    endloop
  endfacet
  facet normal 0 0 0
    outer loop
      vertex 25.0000 25.0000 0.4000
      vertex 25.0000 25.0000 1.0000
      vertex 24.0000 25.0000 1.0000
    endloop
  endfacet
  facet normal 0 0 0
    outer loop
      vertex 25.0000 25.0000 0.4000
      vertex 24.0000 25.0000 1.0000
      vertex 24.0000 25.0000 0.4000
    endloop
  endfacet
  facet normal 0 0 0
    outer loop
      vertex 24.0000 25.0000 0.4000
      vertex 24.0000 25.0000 1.0000
      vertex 24.0000 24.0000 1.0000
    endloop
  endfacet
  facet normal 0 0 0
    outer loop
      vertex 24.0000 25.0000 0.4000
      vertex 24.0000 24.0000 1.0000
      vertex 24.0000 24.0000 0.4000
    endloop
  endfacet
  facet normal 0 0 0
    outer loop
      vertex 4.0000 23.0000 0.4000
      vertex 5.0000 23.0000 0.4000
      vertex 5.0000 24.0000 0.4000
    endloop
  endfacet
  facet normal 0 0 0
    outer loop
      vertex 4.0000 23.0000 0.4000
      vertex 5.0000 24.0000 0.4000
      vertex 4.0000 24.0000 0.4000
    endloop
  endfacet
  facet normal 0 0 0
    outer loop
      vertex 4.0000 23.0000 1.0000
      vertex 5.0000 24.0000 1.0000
      vertex 5.0000 23.0000 1.0000
    endloop
  endfacet
  facet normal 0 0 0
    outer loop
      vertex 4.0000 23.0000 1.0000
      vertex 4.0000 24.0000 1.0000
      vertex 5.0000 24.0000 1.0000
    endloop
  endfacet
  facet normal 0 0 0
    outer loop
      vertex 4.0000 23.0000 0.4000
      vertex 4.0000 23.0000 1.0000
      vertex 5.0000 23.0000 1.0000
    endloop
  endfacet
  facet normal 0 0 0
    outer loop
      vertex 4.0000 23.0000 0.4000
      vertex 5.0000 23.0000 1.0000
      vertex 5.0000 23.0000 0.4000
    endloop
  endfacet
  facet normal 0 0 0
    outer loop
      vertex 5.0000 23.0000 0.4000
      vertex 5.0000 23.0000 1.0000
      vertex 5.0000 24.0000 1.0000
    endloop
  endfacet
  facet normal 0 0 0
    outer loop
      vertex 5.0000 23.0000 0.4000
      vertex 5.0000 24.0000 1.0000
      vertex 5.0000 24.0000 0.4000
    endloop
  endfacet
  facet normal 0 0 0
    outer loop
      vertex 5.0000 24.0000 0.4000
      vertex 5.0000 24.0000 1.0000
      vertex 4.0000 24.0000 1.0000
    endloop
  endfacet
  facet normal 0 0 0
    outer loop
      vertex 5.0000 24.0000 0.4000
      vertex 4.0000 24.0000 1.0000
      vertex 4.0000 24.0000 0.4000
    endloop
  endfacet
  facet normal 0 0 0
    outer loop
      vertex 4.0000 24.0000 0.4000
      vertex 4.0000 24.0000 1.0000
      vertex 4.0000 23.0000 1.0000
    endloop
  endfacet
  facet normal 0 0 0
    outer loop
      vertex 4.0000 24.0000 0.4000
      vertex 4.0000 23.0000 1.0000
      vertex 4.0000 23.0000 0.4000
    endloop
  endfacet
  facet normal 0 0 0
    outer loop
      vertex 10.0000 23.0000 0.4000
      vertex 11.0000 23.0000 0.4000
      vertex 11.0000 24.0000 0.4000
    endloop
  endfacet
  facet normal 0 0 0
    outer loop
      vertex 10.0000 23.0000 0.4000
      vertex 11.0000 24.0000 0.4000
      vertex 10.0000 24.0000 0.4000
    endloop
  endfacet
  facet normal 0 0 0
    outer loop
      vertex 10.0000 23.0000 1.0000
      vertex 11.0000 24.0000 1.0000
      vertex 11.0000 23.0000 1.0000
    endloop
  endfacet
  facet normal 0 0 0
    outer loop
      vertex 10.0000 23.0000 1.0000
      vertex 10.0000 24.0000 1.0000
      vertex 11.0000 24.0000 1.0000
    endloop
  endfacet
  facet normal 0 0 0
    outer loop
      vertex 10.0000 23.0000 0.4000
      vertex 10.0000 23.0000 1.0000
      vertex 11.0000 23.0000 1.0000
    endloop
  endfacet
  facet normal 0 0 0
    outer loop
      vertex 10.0000 23.0000 0.4000
      vertex 11.0000 23.0000 1.0000
      vertex 11.0000 23.0000 0.4000
    endloop
  endfacet
  facet normal 0 0 0
    outer loop
      vertex 11.0000 23.0000 0.4000
      vertex 11.0000 23.0000 1.0000
      vertex 11.0000 24.0000 1.0000
    endloop
  endfacet
  facet normal 0 0 0
    outer loop
      vertex 11.0000 23.0000 0.4000
      vertex 11.0000 24.0000 1.0000
      vertex 11.0000 24.0000 0.4000
    endloop
  endfacet
  facet normal 0 0 0
    outer loop
      vertex 11.0000 24.0000 0.4000
      vertex 11.0000 24.0000 1.0000
      vertex 10.0000 24.0000 1.0000
    endloop
  endfacet
  facet normal 0 0 0
    outer loop
      vertex 11.0000 24.0000 0.4000
      vertex 10.0000 24.0000 1.0000
      vertex 10.0000 24.0000 0.4000
    endloop
  endfacet
  facet normal 0 0 0
    outer loop
      vertex 10.0000 24.0000 0.4000
      vertex 10.0000 24.0000 1.0000
      vertex 10.0000 23.0000 1.0000
    endloop
  endfacet
  facet normal 0 0 0
    outer loop
      vertex 10.0000 24.0000 0.4000
      vertex 10.0000 23.0000 1.0000
      vertex 10.0000 23.0000 0.4000
    endloop
  endfacet
  facet normal 0 0 0
    outer loop
      vertex 13.0000 23.0000 0.4000
      vertex 14.0000 23.0000 0.4000
      vertex 14.0000 24.0000 0.4000
    endloop
  endfacet
  facet normal 0 0 0
    outer loop
      vertex 13.0000 23.0000 0.4000
      vertex 14.0000 24.0000 0.4000
      vertex 13.0000 24.0000 0.4000
    endloop
  endfacet
  facet normal 0 0 0
    outer loop
      vertex 13.0000 23.0000 1.0000
      vertex 14.0000 24.0000 1.0000
      vertex 14.0000 23.0000 1.0000
    endloop
  endfacet
  facet normal 0 0 0
    outer loop
      vertex 13.0000 23.0000 1.0000
      vertex 13.0000 24.0000 1.0000
      vertex 14.0000 24.0000 1.0000
    endloop
  endfacet
  facet normal 0 0 0
    outer loop
      vertex 13.0000 23.0000 0.4000
      vertex 13.0000 23.0000 1.0000
      vertex 14.0000 23.0000 1.0000
    endloop
  endfacet
  facet normal 0 0 0
    outer loop
      vertex 13.0000 23.0000 0.4000
      vertex 14.0000 23.0000 1.0000
      vertex 14.0000 23.0000 0.4000
    endloop
  endfacet
  facet normal 0 0 0
    outer loop
      vertex 14.0000 23.0000 0.4000
      vertex 14.0000 23.0000 1.0000
      vertex 14.0000 24.0000 1.0000
    endloop
  endfacet
  facet normal 0 0 0
    outer loop
      vertex 14.0000 23.0000 0.4000
      vertex 14.0000 24.0000 1.0000
      vertex 14.0000 24.0000 0.4000
    endloop
  endfacet
  facet normal 0 0 0
    outer loop
      vertex 14.0000 24.0000 0.4000
      vertex 14.0000 24.0000 1.0000
      vertex 13.0000 24.0000 1.0000
    endloop
  endfacet
  facet normal 0 0 0
    outer loop
      vertex 14.0000 24.0000 0.4000
      vertex 13.0000 24.0000 1.0000
      vertex 13.0000 24.0000 0.4000
    endloop
  endfacet
  facet normal 0 0 0
    outer loop
      vertex 13.0000 24.0000 0.4000
      vertex 13.0000 24.0000 1.0000
      vertex 13.0000 23.0000 1.0000
    endloop
  endfacet
  facet normal 0 0 0
    outer loop
      vertex 13.0000 24.0000 0.4000
      vertex 13.0000 23.0000 1.0000
      vertex 13.0000 23.0000 0.4000
    endloop
  endfacet
  facet normal 0 0 0
    outer loop
      vertex 14.0000 23.0000 0.4000
      vertex 15.0000 23.0000 0.4000
      vertex 15.0000 24.0000 0.4000
    endloop
  endfacet
  facet normal 0 0 0
    outer loop
      vertex 14.0000 23.0000 0.4000
      vertex 15.0000 24.0000 0.4000
      vertex 14.0000 24.0000 0.4000
    endloop
  endfacet
  facet normal 0 0 0
    outer loop
      vertex 14.0000 23.0000 1.0000
      vertex 15.0000 24.0000 1.0000
      vertex 15.0000 23.0000 1.0000
    endloop
  endfacet
  facet normal 0 0 0
    outer loop
      vertex 14.0000 23.0000 1.0000
      vertex 14.0000 24.0000 1.0000
      vertex 15.0000 24.0000 1.0000
    endloop
  endfacet
  facet normal 0 0 0
    outer loop
      vertex 14.0000 23.0000 0.4000
      vertex 14.0000 23.0000 1.0000
      vertex 15.0000 23.0000 1.0000
    endloop
  endfacet
  facet normal 0 0 0
    outer loop
      vertex 14.0000 23.0000 0.4000
      vertex 15.0000 23.0000 1.0000
      vertex 15.0000 23.0000 0.4000
    endloop
  endfacet
  facet normal 0 0 0
    outer loop
      vertex 15.0000 23.0000 0.4000
      vertex 15.0000 23.0000 1.0000
      vertex 15.0000 24.0000 1.0000
    endloop
  endfacet
  facet normal 0 0 0
    outer loop
      vertex 15.0000 23.0000 0.4000
      vertex 15.0000 24.0000 1.0000
      vertex 15.0000 24.0000 0.4000
    endloop
  endfacet
  facet normal 0 0 0
    outer loop
      vertex 15.0000 24.0000 0.4000
      vertex 15.0000 24.0000 1.0000
      vertex 14.0000 24.0000 1.0000
    endloop
  endfacet
  facet normal 0 0 0
    outer loop
      vertex 15.0000 24.0000 0.4000
      vertex 14.0000 24.0000 1.0000
      vertex 14.0000 24.0000 0.4000
    endloop
  endfacet
  facet normal 0 0 0
    outer loop
      vertex 14.0000 24.0000 0.4000
      vertex 14.0000 24.0000 1.0000
      vertex 14.0000 23.0000 1.0000
    endloop
  endfacet
  facet normal 0 0 0
    outer loop
      vertex 14.0000 24.0000 0.4000
      vertex 14.0000 23.0000 1.0000
      vertex 14.0000 23.0000 0.4000
    endloop
  endfacet
  facet normal 0 0 0
    outer loop
      vertex 15.0000 23.0000 0.4000
      vertex 16.0000 23.0000 0.4000
      vertex 16.0000 24.0000 0.4000
    endloop
  endfacet
  facet normal 0 0 0
    outer loop
      vertex 15.0000 23.0000 0.4000
      vertex 16.0000 24.0000 0.4000
      vertex 15.0000 24.0000 0.4000
    endloop
  endfacet
  facet normal 0 0 0
    outer loop
      vertex 15.0000 23.0000 1.0000
      vertex 16.0000 24.0000 1.0000
      vertex 16.0000 23.0000 1.0000
    endloop
  endfacet
  facet normal 0 0 0
    outer loop
      vertex 15.0000 23.0000 1.0000
      vertex 15.0000 24.0000 1.0000
      vertex 16.0000 24.0000 1.0000
    endloop
  endfacet
  facet normal 0 0 0
    outer loop
      vertex 15.0000 23.0000 0.4000
      vertex 15.0000 23.0000 1.0000
      vertex 16.0000 23.0000 1.0000
    endloop
  endfacet
  facet normal 0 0 0
    outer loop
      vertex 15.0000 23.0000 0.4000
      vertex 16.0000 23.0000 1.0000
      vertex 16.0000 23.0000 0.4000
    endloop
  endfacet
  facet normal 0 0 0
    outer loop
      vertex 16.0000 23.0000 0.4000
      vertex 16.0000 23.0000 1.0000
      vertex 16.0000 24.0000 1.0000
    endloop
  endfacet
  facet normal 0 0 0
    outer loop
      vertex 16.0000 23.0000 0.4000
      vertex 16.0000 24.0000 1.0000
      vertex 16.0000 24.0000 0.4000
    endloop
  endfacet
  facet normal 0 0 0
    outer loop
      vertex 16.0000 24.0000 0.4000
      vertex 16.0000 24.0000 1.0000
      vertex 15.0000 24.0000 1.0000
    endloop
  endfacet
  facet normal 0 0 0
    outer loop
      vertex 16.0000 24.0000 0.4000
      vertex 15.0000 24.0000 1.0000
      vertex 15.0000 24.0000 0.4000
    endloop
  endfacet
  facet normal 0 0 0
    outer loop
      vertex 15.0000 24.0000 0.4000
      vertex 15.0000 24.0000 1.0000
      vertex 15.0000 23.0000 1.0000
    endloop
  endfacet
  facet normal 0 0 0
    outer loop
      vertex 15.0000 24.0000 0.4000
      vertex 15.0000 23.0000 1.0000
      vertex 15.0000 23.0000 0.4000
    endloop
  endfacet
  facet normal 0 0 0
    outer loop
      vertex 16.0000 23.0000 0.4000
      vertex 17.0000 23.0000 0.4000
      vertex 17.0000 24.0000 0.4000
    endloop
  endfacet
  facet normal 0 0 0
    outer loop
      vertex 16.0000 23.0000 0.4000
      vertex 17.0000 24.0000 0.4000
      vertex 16.0000 24.0000 0.4000
    endloop
  endfacet
  facet normal 0 0 0
    outer loop
      vertex 16.0000 23.0000 1.0000
      vertex 17.0000 24.0000 1.0000
      vertex 17.0000 23.0000 1.0000
    endloop
  endfacet
  facet normal 0 0 0
    outer loop
      vertex 16.0000 23.0000 1.0000
      vertex 16.0000 24.0000 1.0000
      vertex 17.0000 24.0000 1.0000
    endloop
  endfacet
  facet normal 0 0 0
    outer loop
      vertex 16.0000 23.0000 0.4000
      vertex 16.0000 23.0000 1.0000
      vertex 17.0000 23.0000 1.0000
    endloop
  endfacet
  facet normal 0 0 0
    outer loop
      vertex 16.0000 23.0000 0.4000
      vertex 17.0000 23.0000 1.0000
      vertex 17.0000 23.0000 0.4000
    endloop
  endfacet
  facet normal 0 0 0
    outer loop
      vertex 17.0000 23.0000 0.4000
      vertex 17.0000 23.0000 1.0000
      vertex 17.0000 24.0000 1.0000
    endloop
  endfacet
  facet normal 0 0 0
    outer loop
      vertex 17.0000 23.0000 0.4000
      vertex 17.0000 24.0000 1.0000
      vertex 17.0000 24.0000 0.4000
    endloop
  endfacet
  facet normal 0 0 0
    outer loop
      vertex 17.0000 24.0000 0.4000
      vertex 17.0000 24.0000 1.0000
      vertex 16.0000 24.0000 1.0000
    endloop
  endfacet
  facet normal 0 0 0
    outer loop
      vertex 17.0000 24.0000 0.4000
      vertex 16.0000 24.0000 1.0000
      vertex 16.0000 24.0000 0.4000
    endloop
  endfacet
  facet normal 0 0 0
    outer loop
      vertex 16.0000 24.0000 0.4000
      vertex 16.0000 24.0000 1.0000
      vertex 16.0000 23.0000 1.0000
    endloop
  endfacet
  facet normal 0 0 0
    outer loop
      vertex 16.0000 24.0000 0.4000
      vertex 16.0000 23.0000 1.0000
      vertex 16.0000 23.0000 0.4000
    endloop
  endfacet
  facet normal 0 0 0
    outer loop
      vertex 18.0000 23.0000 0.4000
      vertex 19.0000 23.0000 0.4000
      vertex 19.0000 24.0000 0.4000
    endloop
  endfacet
  facet normal 0 0 0
    outer loop
      vertex 18.0000 23.0000 0.4000
      vertex 19.0000 24.0000 0.4000
      vertex 18.0000 24.0000 0.4000
    endloop
  endfacet
  facet normal 0 0 0
    outer loop
      vertex 18.0000 23.0000 1.0000
      vertex 19.0000 24.0000 1.0000
      vertex 19.0000 23.0000 1.0000
    endloop
  endfacet
  facet normal 0 0 0
    outer loop
      vertex 18.0000 23.0000 1.0000
      vertex 18.0000 24.0000 1.0000
      vertex 19.0000 24.0000 1.0000
    endloop
  endfacet
  facet normal 0 0 0
    outer loop
      vertex 18.0000 23.0000 0.4000
      vertex 18.0000 23.0000 1.0000
      vertex 19.0000 23.0000 1.0000
    endloop
  endfacet
  facet normal 0 0 0
    outer loop
      vertex 18.0000 23.0000 0.4000
      vertex 19.0000 23.0000 1.0000
      vertex 19.0000 23.0000 0.4000
    endloop
  endfacet
  facet normal 0 0 0
    outer loop
      vertex 19.0000 23.0000 0.4000
      vertex 19.0000 23.0000 1.0000
      vertex 19.0000 24.0000 1.0000
    endloop
  endfacet
  facet normal 0 0 0
    outer loop
      vertex 19.0000 23.0000 0.4000
      vertex 19.0000 24.0000 1.0000
      vertex 19.0000 24.0000 0.4000
    endloop
  endfacet
  facet normal 0 0 0
    outer loop
      vertex 19.0000 24.0000 0.4000
      vertex 19.0000 24.0000 1.0000
      vertex 18.0000 24.0000 1.0000
    endloop
  endfacet
  facet normal 0 0 0
    outer loop
      vertex 19.0000 24.0000 0.4000
      vertex 18.0000 24.0000 1.0000
      vertex 18.0000 24.0000 0.4000
    endloop
  endfacet
  facet normal 0 0 0
    outer loop
      vertex 18.0000 24.0000 0.4000
      vertex 18.0000 24.0000 1.0000
      vertex 18.0000 23.0000 1.0000
    endloop
  endfacet
  facet normal 0 0 0
    outer loop
      vertex 18.0000 24.0000 0.4000
      vertex 18.0000 23.0000 1.0000
      vertex 18.0000 23.0000 0.4000
    endloop
  endfacet
  facet normal 0 0 0
    outer loop
      vertex 24.0000 23.0000 0.4000
      vertex 25.0000 23.0000 0.4000
      vertex 25.0000 24.0000 0.4000
    endloop
  endfacet
  facet normal 0 0 0
    outer loop
      vertex 24.0000 23.0000 0.4000
      vertex 25.0000 24.0000 0.4000
      vertex 24.0000 24.0000 0.4000
    endloop
  endfacet
  facet normal 0 0 0
    outer loop
      vertex 24.0000 23.0000 1.0000
      vertex 25.0000 24.0000 1.0000
      vertex 25.0000 23.0000 1.0000
    endloop
  endfacet
  facet normal 0 0 0
    outer loop
      vertex 24.0000 23.0000 1.0000
      vertex 24.0000 24.0000 1.0000
      vertex 25.0000 24.0000 1.0000
    endloop
  endfacet
  facet normal 0 0 0
    outer loop
      vertex 24.0000 23.0000 0.4000
      vertex 24.0000 23.0000 1.0000
      vertex 25.0000 23.0000 1.0000
    endloop
  endfacet
  facet normal 0 0 0
    outer loop
      vertex 24.0000 23.0000 0.4000
      vertex 25.0000 23.0000 1.0000
      vertex 25.0000 23.0000 0.4000
    endloop
  endfacet
  facet normal 0 0 0
    outer loop
      vertex 25.0000 23.0000 0.4000
      vertex 25.0000 23.0000 1.0000
      vertex 25.0000 24.0000 1.0000
    endloop
  endfacet
  facet normal 0 0 0
    outer loop
      vertex 25.0000 23.0000 0.4000
      vertex 25.0000 24.0000 1.0000
      vertex 25.0000 24.0000 0.4000
    endloop
  endfacet
  facet normal 0 0 0
    outer loop
      vertex 25.0000 24.0000 0.4000
      vertex 25.0000 24.0000 1.0000
      vertex 24.0000 24.0000 1.0000
    endloop
  endfacet
  facet normal 0 0 0
    outer loop
      vertex 25.0000 24.0000 0.4000
      vertex 24.0000 24.0000 1.0000
      vertex 24.0000 24.0000 0.4000
    endloop
  endfacet
  facet normal 0 0 0
    outer loop
      vertex 24.0000 24.0000 0.4000
      vertex 24.0000 24.0000 1.0000
      vertex 24.0000 23.0000 1.0000
    endloop
  endfacet
  facet normal 0 0 0
    outer loop
      vertex 24.0000 24.0000 0.4000
      vertex 24.0000 23.0000 1.0000
      vertex 24.0000 23.0000 0.4000
    endloop
  endfacet
  facet normal 0 0 0
    outer loop
      vertex 4.0000 22.0000 0.4000
      vertex 5.0000 22.0000 0.4000
      vertex 5.0000 23.0000 0.4000
    endloop
  endfacet
  facet normal 0 0 0
    outer loop
      vertex 4.0000 22.0000 0.4000
      vertex 5.0000 23.0000 0.4000
      vertex 4.0000 23.0000 0.4000
    endloop
  endfacet
  facet normal 0 0 0
    outer loop
      vertex 4.0000 22.0000 1.0000
      vertex 5.0000 23.0000 1.0000
      vertex 5.0000 22.0000 1.0000
    endloop
  endfacet
  facet normal 0 0 0
    outer loop
      vertex 4.0000 22.0000 1.0000
      vertex 4.0000 23.0000 1.0000
      vertex 5.0000 23.0000 1.0000
    endloop
  endfacet
  facet normal 0 0 0
    outer loop
      vertex 4.0000 22.0000 0.4000
      vertex 4.0000 22.0000 1.0000
      vertex 5.0000 22.0000 1.0000
    endloop
  endfacet
  facet normal 0 0 0
    outer loop
      vertex 4.0000 22.0000 0.4000
      vertex 5.0000 22.0000 1.0000
      vertex 5.0000 22.0000 0.4000
    endloop
  endfacet
  facet normal 0 0 0
    outer loop
      vertex 5.0000 22.0000 0.4000
      vertex 5.0000 22.0000 1.0000
      vertex 5.0000 23.0000 1.0000
    endloop
  endfacet
  facet normal 0 0 0
    outer loop
      vertex 5.0000 22.0000 0.4000
      vertex 5.0000 23.0000 1.0000
      vertex 5.0000 23.0000 0.4000
    endloop
  endfacet
  facet normal 0 0 0
    outer loop
      vertex 5.0000 23.0000 0.4000
      vertex 5.0000 23.0000 1.0000
      vertex 4.0000 23.0000 1.0000
    endloop
  endfacet
  facet normal 0 0 0
    outer loop
      vertex 5.0000 23.0000 0.4000
      vertex 4.0000 23.0000 1.0000
      vertex 4.0000 23.0000 0.4000
    endloop
  endfacet
  facet normal 0 0 0
    outer loop
      vertex 4.0000 23.0000 0.4000
      vertex 4.0000 23.0000 1.0000
      vertex 4.0000 22.0000 1.0000
    endloop
  endfacet
  facet normal 0 0 0
    outer loop
      vertex 4.0000 23.0000 0.4000
      vertex 4.0000 22.0000 1.0000
      vertex 4.0000 22.0000 0.4000
    endloop
  endfacet
  facet normal 0 0 0
    outer loop
      vertex 6.0000 22.0000 0.4000
      vertex 7.0000 22.0000 0.4000
      vertex 7.0000 23.0000 0.4000
    endloop
  endfacet
  facet normal 0 0 0
    outer loop
      vertex 6.0000 22.0000 0.4000
      vertex 7.0000 23.0000 0.4000
      vertex 6.0000 23.0000 0.4000
    endloop
  endfacet
  facet normal 0 0 0
    outer loop
      vertex 6.0000 22.0000 1.0000
      vertex 7.0000 23.0000 1.0000
      vertex 7.0000 22.0000 1.0000
    endloop
  endfacet
  facet normal 0 0 0
    outer loop
      vertex 6.0000 22.0000 1.0000
      vertex 6.0000 23.0000 1.0000
      vertex 7.0000 23.0000 1.0000
    endloop
  endfacet
  facet normal 0 0 0
    outer loop
      vertex 6.0000 22.0000 0.4000
      vertex 6.0000 22.0000 1.0000
      vertex 7.0000 22.0000 1.0000
    endloop
  endfacet
  facet normal 0 0 0
    outer loop
      vertex 6.0000 22.0000 0.4000
      vertex 7.0000 22.0000 1.0000
      vertex 7.0000 22.0000 0.4000
    endloop
  endfacet
  facet normal 0 0 0
    outer loop
      vertex 7.0000 22.0000 0.4000
      vertex 7.0000 22.0000 1.0000
      vertex 7.0000 23.0000 1.0000
    endloop
  endfacet
  facet normal 0 0 0
    outer loop
      vertex 7.0000 22.0000 0.4000
      vertex 7.0000 23.0000 1.0000
      vertex 7.0000 23.0000 0.4000
    endloop
  endfacet
  facet normal 0 0 0
    outer loop
      vertex 7.0000 23.0000 0.4000
      vertex 7.0000 23.0000 1.0000
      vertex 6.0000 23.0000 1.0000
    endloop
  endfacet
  facet normal 0 0 0
    outer loop
      vertex 7.0000 23.0000 0.4000
      vertex 6.0000 23.0000 1.0000
      vertex 6.0000 23.0000 0.4000
    endloop
  endfacet
  facet normal 0 0 0
    outer loop
      vertex 6.0000 23.0000 0.4000
      vertex 6.0000 23.0000 1.0000
      vertex 6.0000 22.0000 1.0000
    endloop
  endfacet
  facet normal 0 0 0
    outer loop
      vertex 6.0000 23.0000 0.4000
      vertex 6.0000 22.0000 1.0000
      vertex 6.0000 22.0000 0.4000
    endloop
  endfacet
  facet normal 0 0 0
    outer loop
      vertex 7.0000 22.0000 0.4000
      vertex 8.0000 22.0000 0.4000
      vertex 8.0000 23.0000 0.4000
    endloop
  endfacet
  facet normal 0 0 0
    outer loop
      vertex 7.0000 22.0000 0.4000
      vertex 8.0000 23.0000 0.4000
      vertex 7.0000 23.0000 0.4000
    endloop
  endfacet
  facet normal 0 0 0
    outer loop
      vertex 7.0000 22.0000 1.0000
      vertex 8.0000 23.0000 1.0000
      vertex 8.0000 22.0000 1.0000
    endloop
  endfacet
  facet normal 0 0 0
    outer loop
      vertex 7.0000 22.0000 1.0000
      vertex 7.0000 23.0000 1.0000
      vertex 8.0000 23.0000 1.0000
    endloop
  endfacet
  facet normal 0 0 0
    outer loop
      vertex 7.0000 22.0000 0.4000
      vertex 7.0000 22.0000 1.0000
      vertex 8.0000 22.0000 1.0000
    endloop
  endfacet
  facet normal 0 0 0
    outer loop
      vertex 7.0000 22.0000 0.4000
      vertex 8.0000 22.0000 1.0000
      vertex 8.0000 22.0000 0.4000
    endloop
  endfacet
  facet normal 0 0 0
    outer loop
      vertex 8.0000 22.0000 0.4000
      vertex 8.0000 22.0000 1.0000
      vertex 8.0000 23.0000 1.0000
    endloop
  endfacet
  facet normal 0 0 0
    outer loop
      vertex 8.0000 22.0000 0.4000
      vertex 8.0000 23.0000 1.0000
      vertex 8.0000 23.0000 0.4000
    endloop
  endfacet
  facet normal 0 0 0
    outer loop
      vertex 8.0000 23.0000 0.4000
      vertex 8.0000 23.0000 1.0000
      vertex 7.0000 23.0000 1.0000
    endloop
  endfacet
  facet normal 0 0 0
    outer loop
      vertex 8.0000 23.0000 0.4000
      vertex 7.0000 23.0000 1.0000
      vertex 7.0000 23.0000 0.4000
    endloop
  endfacet
  facet normal 0 0 0
    outer loop
      vertex 7.0000 23.0000 0.4000
      vertex 7.0000 23.0000 1.0000
      vertex 7.0000 22.0000 1.0000
    endloop
  endfacet
  facet normal 0 0 0
    outer loop
      vertex 7.0000 23.0000 0.4000
      vertex 7.0000 22.0000 1.0000
      vertex 7.0000 22.0000 0.4000
    endloop
  endfacet
  facet normal 0 0 0
    outer loop
      vertex 8.0000 22.0000 0.4000
      vertex 9.0000 22.0000 0.4000
      vertex 9.0000 23.0000 0.4000
    endloop
  endfacet
  facet normal 0 0 0
    outer loop
      vertex 8.0000 22.0000 0.4000
      vertex 9.0000 23.0000 0.4000
      vertex 8.0000 23.0000 0.4000
    endloop
  endfacet
  facet normal 0 0 0
    outer loop
      vertex 8.0000 22.0000 1.0000
      vertex 9.0000 23.0000 1.0000
      vertex 9.0000 22.0000 1.0000
    endloop
  endfacet
  facet normal 0 0 0
    outer loop
      vertex 8.0000 22.0000 1.0000
      vertex 8.0000 23.0000 1.0000
      vertex 9.0000 23.0000 1.0000
    endloop
  endfacet
  facet normal 0 0 0
    outer loop
      vertex 8.0000 22.0000 0.4000
      vertex 8.0000 22.0000 1.0000
      vertex 9.0000 22.0000 1.0000
    endloop
  endfacet
  facet normal 0 0 0
    outer loop
      vertex 8.0000 22.0000 0.4000
      vertex 9.0000 22.0000 1.0000
      vertex 9.0000 22.0000 0.4000
    endloop
  endfacet
  facet normal 0 0 0
    outer loop
      vertex 9.0000 22.0000 0.4000
      vertex 9.0000 22.0000 1.0000
      vertex 9.0000 23.0000 1.0000
    endloop
  endfacet
  facet normal 0 0 0
    outer loop
      vertex 9.0000 22.0000 0.4000
      vertex 9.0000 23.0000 1.0000
      vertex 9.0000 23.0000 0.4000
    endloop
  endfacet
  facet normal 0 0 0
    outer loop
      vertex 9.0000 23.0000 0.4000
      vertex 9.0000 23.0000 1.0000
      vertex 8.0000 23.0000 1.0000
    endloop
  endfacet
  facet normal 0 0 0
    outer loop
      vertex 9.0000 23.0000 0.4000
      vertex 8.0000 23.0000 1.0000
      vertex 8.0000 23.0000 0.4000
    endloop
  endfacet
  facet normal 0 0 0
    outer loop
      vertex 8.0000 23.0000 0.4000
      vertex 8.0000 23.0000 1.0000
      vertex 8.0000 22.0000 1.0000
    endloop
  endfacet
  facet normal 0 0 0
    outer loop
      vertex 8.0000 23.0000 0.4000
      vertex 8.0000 22.0000 1.0000
      vertex 8.0000 22.0000 0.4000
    endloop
  endfacet
  facet normal 0 0 0
    outer loop
      vertex 10.0000 22.0000 0.4000
      vertex 11.0000 22.0000 0.4000
      vertex 11.0000 23.0000 0.4000
    endloop
  endfacet
  facet normal 0 0 0
    outer loop
      vertex 10.0000 22.0000 0.4000
      vertex 11.0000 23.0000 0.4000
      vertex 10.0000 23.0000 0.4000
    endloop
  endfacet
  facet normal 0 0 0
    outer loop
      vertex 10.0000 22.0000 1.0000
      vertex 11.0000 23.0000 1.0000
      vertex 11.0000 22.0000 1.0000
    endloop
  endfacet
  facet normal 0 0 0
    outer loop
      vertex 10.0000 22.0000 1.0000
      vertex 10.0000 23.0000 1.0000
      vertex 11.0000 23.0000 1.0000
    endloop
  endfacet
  facet normal 0 0 0
    outer loop
      vertex 10.0000 22.0000 0.4000
      vertex 10.0000 22.0000 1.0000
      vertex 11.0000 22.0000 1.0000
    endloop
  endfacet
  facet normal 0 0 0
    outer loop
      vertex 10.0000 22.0000 0.4000
      vertex 11.0000 22.0000 1.0000
      vertex 11.0000 22.0000 0.4000
    endloop
  endfacet
  facet normal 0 0 0
    outer loop
      vertex 11.0000 22.0000 0.4000
      vertex 11.0000 22.0000 1.0000
      vertex 11.0000 23.0000 1.0000
    endloop
  endfacet
  facet normal 0 0 0
    outer loop
      vertex 11.0000 22.0000 0.4000
      vertex 11.0000 23.0000 1.0000
      vertex 11.0000 23.0000 0.4000
    endloop
  endfacet
  facet normal 0 0 0
    outer loop
      vertex 11.0000 23.0000 0.4000
      vertex 11.0000 23.0000 1.0000
      vertex 10.0000 23.0000 1.0000
    endloop
  endfacet
  facet normal 0 0 0
    outer loop
      vertex 11.0000 23.0000 0.4000
      vertex 10.0000 23.0000 1.0000
      vertex 10.0000 23.0000 0.4000
    endloop
  endfacet
  facet normal 0 0 0
    outer loop
      vertex 10.0000 23.0000 0.4000
      vertex 10.0000 23.0000 1.0000
      vertex 10.0000 22.0000 1.0000
    endloop
  endfacet
  facet normal 0 0 0
    outer loop
      vertex 10.0000 23.0000 0.4000
      vertex 10.0000 22.0000 1.0000
      vertex 10.0000 22.0000 0.4000
    endloop
  endfacet
  facet normal 0 0 0
    outer loop
      vertex 12.0000 22.0000 0.4000
      vertex 13.0000 22.0000 0.4000
      vertex 13.0000 23.0000 0.4000
    endloop
  endfacet
  facet normal 0 0 0
    outer loop
      vertex 12.0000 22.0000 0.4000
      vertex 13.0000 23.0000 0.4000
      vertex 12.0000 23.0000 0.4000
    endloop
  endfacet
  facet normal 0 0 0
    outer loop
      vertex 12.0000 22.0000 1.0000
      vertex 13.0000 23.0000 1.0000
      vertex 13.0000 22.0000 1.0000
    endloop
  endfacet
  facet normal 0 0 0
    outer loop
      vertex 12.0000 22.0000 1.0000
      vertex 12.0000 23.0000 1.0000
      vertex 13.0000 23.0000 1.0000
    endloop
  endfacet
  facet normal 0 0 0
    outer loop
      vertex 12.0000 22.0000 0.4000
      vertex 12.0000 22.0000 1.0000
      vertex 13.0000 22.0000 1.0000
    endloop
  endfacet
  facet normal 0 0 0
    outer loop
      vertex 12.0000 22.0000 0.4000
      vertex 13.0000 22.0000 1.0000
      vertex 13.0000 22.0000 0.4000
    endloop
  endfacet
  facet normal 0 0 0
    outer loop
      vertex 13.0000 22.0000 0.4000
      vertex 13.0000 22.0000 1.0000
      vertex 13.0000 23.0000 1.0000
    endloop
  endfacet
  facet normal 0 0 0
    outer loop
      vertex 13.0000 22.0000 0.4000
      vertex 13.0000 23.0000 1.0000
      vertex 13.0000 23.0000 0.4000
    endloop
  endfacet
  facet normal 0 0 0
    outer loop
      vertex 13.0000 23.0000 0.4000
      vertex 13.0000 23.0000 1.0000
      vertex 12.0000 23.0000 1.0000
    endloop
  endfacet
  facet normal 0 0 0
    outer loop
      vertex 13.0000 23.0000 0.4000
      vertex 12.0000 23.0000 1.0000
      vertex 12.0000 23.0000 0.4000
    endloop
  endfacet
  facet normal 0 0 0
    outer loop
      vertex 12.0000 23.0000 0.4000
      vertex 12.0000 23.0000 1.0000
      vertex 12.0000 22.0000 1.0000
    endloop
  endfacet
  facet normal 0 0 0
    outer loop
      vertex 12.0000 23.0000 0.4000
      vertex 12.0000 22.0000 1.0000
      vertex 12.0000 22.0000 0.4000
    endloop
  endfacet
  facet normal 0 0 0
    outer loop
      vertex 13.0000 22.0000 0.4000
      vertex 14.0000 22.0000 0.4000
      vertex 14.0000 23.0000 0.4000
    endloop
  endfacet
  facet normal 0 0 0
    outer loop
      vertex 13.0000 22.0000 0.4000
      vertex 14.0000 23.0000 0.4000
      vertex 13.0000 23.0000 0.4000
    endloop
  endfacet
  facet normal 0 0 0
    outer loop
      vertex 13.0000 22.0000 1.0000
      vertex 14.0000 23.0000 1.0000
      vertex 14.0000 22.0000 1.0000
    endloop
  endfacet
  facet normal 0 0 0
    outer loop
      vertex 13.0000 22.0000 1.0000
      vertex 13.0000 23.0000 1.0000
      vertex 14.0000 23.0000 1.0000
    endloop
  endfacet
  facet normal 0 0 0
    outer loop
      vertex 13.0000 22.0000 0.4000
      vertex 13.0000 22.0000 1.0000
      vertex 14.0000 22.0000 1.0000
    endloop
  endfacet
  facet normal 0 0 0
    outer loop
      vertex 13.0000 22.0000 0.4000
      vertex 14.0000 22.0000 1.0000
      vertex 14.0000 22.0000 0.4000
    endloop
  endfacet
  facet normal 0 0 0
    outer loop
      vertex 14.0000 22.0000 0.4000
      vertex 14.0000 22.0000 1.0000
      vertex 14.0000 23.0000 1.0000
    endloop
  endfacet
  facet normal 0 0 0
    outer loop
      vertex 14.0000 22.0000 0.4000
      vertex 14.0000 23.0000 1.0000
      vertex 14.0000 23.0000 0.4000
    endloop
  endfacet
  facet normal 0 0 0
    outer loop
      vertex 14.0000 23.0000 0.4000
      vertex 14.0000 23.0000 1.0000
      vertex 13.0000 23.0000 1.0000
    endloop
  endfacet
  facet normal 0 0 0
    outer loop
      vertex 14.0000 23.0000 0.4000
      vertex 13.0000 23.0000 1.0000
      vertex 13.0000 23.0000 0.4000
    endloop
  endfacet
  facet normal 0 0 0
    outer loop
      vertex 13.0000 23.0000 0.4000
      vertex 13.0000 23.0000 1.0000
      vertex 13.0000 22.0000 1.0000
    endloop
  endfacet
  facet normal 0 0 0
    outer loop
      vertex 13.0000 23.0000 0.4000
      vertex 13.0000 22.0000 1.0000
      vertex 13.0000 22.0000 0.4000
    endloop
  endfacet
  facet normal 0 0 0
    outer loop
      vertex 16.0000 22.0000 0.4000
      vertex 17.0000 22.0000 0.4000
      vertex 17.0000 23.0000 0.4000
    endloop
  endfacet
  facet normal 0 0 0
    outer loop
      vertex 16.0000 22.0000 0.4000
      vertex 17.0000 23.0000 0.4000
      vertex 16.0000 23.0000 0.4000
    endloop
  endfacet
  facet normal 0 0 0
    outer loop
      vertex 16.0000 22.0000 1.0000
      vertex 17.0000 23.0000 1.0000
      vertex 17.0000 22.0000 1.0000
    endloop
  endfacet
  facet normal 0 0 0
    outer loop
      vertex 16.0000 22.0000 1.0000
      vertex 16.0000 23.0000 1.0000
      vertex 17.0000 23.0000 1.0000
    endloop
  endfacet
  facet normal 0 0 0
    outer loop
      vertex 16.0000 22.0000 0.4000
      vertex 16.0000 22.0000 1.0000
      vertex 17.0000 22.0000 1.0000
    endloop
  endfacet
  facet normal 0 0 0
    outer loop
      vertex 16.0000 22.0000 0.4000
      vertex 17.0000 22.0000 1.0000
      vertex 17.0000 22.0000 0.4000
    endloop
  endfacet
  facet normal 0 0 0
    outer loop
      vertex 17.0000 22.0000 0.4000
      vertex 17.0000 22.0000 1.0000
      vertex 17.0000 23.0000 1.0000
    endloop
  endfacet
  facet normal 0 0 0
    outer loop
      vertex 17.0000 22.0000 0.4000
      vertex 17.0000 23.0000 1.0000
      vertex 17.0000 23.0000 0.4000
    endloop
  endfacet
  facet normal 0 0 0
    outer loop
      vertex 17.0000 23.0000 0.4000
      vertex 17.0000 23.0000 1.0000
      vertex 16.0000 23.0000 1.0000
    endloop
  endfacet
  facet normal 0 0 0
    outer loop
      vertex 17.0000 23.0000 0.4000
      vertex 16.0000 23.0000 1.0000
      vertex 16.0000 23.0000 0.4000
    endloop
  endfacet
  facet normal 0 0 0
    outer loop
      vertex 16.0000 23.0000 0.4000
      vertex 16.0000 23.0000 1.0000
      vertex 16.0000 22.0000 1.0000
    endloop
  endfacet
  facet normal 0 0 0
    outer loop
      vertex 16.0000 23.0000 0.4000
      vertex 16.0000 22.0000 1.0000
      vertex 16.0000 22.0000 0.4000
    endloop
  endfacet
  facet normal 0 0 0
    outer loop
      vertex 18.0000 22.0000 0.4000
      vertex 19.0000 22.0000 0.4000
      vertex 19.0000 23.0000 0.4000
    endloop
  endfacet
  facet normal 0 0 0
    outer loop
      vertex 18.0000 22.0000 0.4000
      vertex 19.0000 23.0000 0.4000
      vertex 18.0000 23.0000 0.4000
    endloop
  endfacet
  facet normal 0 0 0
    outer loop
      vertex 18.0000 22.0000 1.0000
      vertex 19.0000 23.0000 1.0000
      vertex 19.0000 22.0000 1.0000
    endloop
  endfacet
  facet normal 0 0 0
    outer loop
      vertex 18.0000 22.0000 1.0000
      vertex 18.0000 23.0000 1.0000
      vertex 19.0000 23.0000 1.0000
    endloop
  endfacet
  facet normal 0 0 0
    outer loop
      vertex 18.0000 22.0000 0.4000
      vertex 18.0000 22.0000 1.0000
      vertex 19.0000 22.0000 1.0000
    endloop
  endfacet
  facet normal 0 0 0
    outer loop
      vertex 18.0000 22.0000 0.4000
      vertex 19.0000 22.0000 1.0000
      vertex 19.0000 22.0000 0.4000
    endloop
  endfacet
  facet normal 0 0 0
    outer loop
      vertex 19.0000 22.0000 0.4000
      vertex 19.0000 22.0000 1.0000
      vertex 19.0000 23.0000 1.0000
    endloop
  endfacet
  facet normal 0 0 0
    outer loop
      vertex 19.0000 22.0000 0.4000
      vertex 19.0000 23.0000 1.0000
      vertex 19.0000 23.0000 0.4000
    endloop
  endfacet
  facet normal 0 0 0
    outer loop
      vertex 19.0000 23.0000 0.4000
      vertex 19.0000 23.0000 1.0000
      vertex 18.0000 23.0000 1.0000
    endloop
  endfacet
  facet normal 0 0 0
    outer loop
      vertex 19.0000 23.0000 0.4000
      vertex 18.0000 23.0000 1.0000
      vertex 18.0000 23.0000 0.4000
    endloop
  endfacet
  facet normal 0 0 0
    outer loop
      vertex 18.0000 23.0000 0.4000
      vertex 18.0000 23.0000 1.0000
      vertex 18.0000 22.0000 1.0000
    endloop
  endfacet
  facet normal 0 0 0
    outer loop
      vertex 18.0000 23.0000 0.4000
      vertex 18.0000 22.0000 1.0000
      vertex 18.0000 22.0000 0.4000
    endloop
  endfacet
  facet normal 0 0 0
    outer loop
      vertex 20.0000 22.0000 0.4000
      vertex 21.0000 22.0000 0.4000
      vertex 21.0000 23.0000 0.4000
    endloop
  endfacet
  facet normal 0 0 0
    outer loop
      vertex 20.0000 22.0000 0.4000
      vertex 21.0000 23.0000 0.4000
      vertex 20.0000 23.0000 0.4000
    endloop
  endfacet
  facet normal 0 0 0
    outer loop
      vertex 20.0000 22.0000 1.0000
      vertex 21.0000 23.0000 1.0000
      vertex 21.0000 22.0000 1.0000
    endloop
  endfacet
  facet normal 0 0 0
    outer loop
      vertex 20.0000 22.0000 1.0000
      vertex 20.0000 23.0000 1.0000
      vertex 21.0000 23.0000 1.0000
    endloop
  endfacet
  facet normal 0 0 0
    outer loop
      vertex 20.0000 22.0000 0.4000
      vertex 20.0000 22.0000 1.0000
      vertex 21.0000 22.0000 1.0000
    endloop
  endfacet
  facet normal 0 0 0
    outer loop
      vertex 20.0000 22.0000 0.4000
      vertex 21.0000 22.0000 1.0000
      vertex 21.0000 22.0000 0.4000
    endloop
  endfacet
  facet normal 0 0 0
    outer loop
      vertex 21.0000 22.0000 0.4000
      vertex 21.0000 22.0000 1.0000
      vertex 21.0000 23.0000 1.0000
    endloop
  endfacet
  facet normal 0 0 0
    outer loop
      vertex 21.0000 22.0000 0.4000
      vertex 21.0000 23.0000 1.0000
      vertex 21.0000 23.0000 0.4000
    endloop
  endfacet
  facet normal 0 0 0
    outer loop
      vertex 21.0000 23.0000 0.4000
      vertex 21.0000 23.0000 1.0000
      vertex 20.0000 23.0000 1.0000
    endloop
  endfacet
  facet normal 0 0 0
    outer loop
      vertex 21.0000 23.0000 0.4000
      vertex 20.0000 23.0000 1.0000
      vertex 20.0000 23.0000 0.4000
    endloop
  endfacet
  facet normal 0 0 0
    outer loop
      vertex 20.0000 23.0000 0.4000
      vertex 20.0000 23.0000 1.0000
      vertex 20.0000 22.0000 1.0000
    endloop
  endfacet
  facet normal 0 0 0
    outer loop
      vertex 20.0000 23.0000 0.4000
      vertex 20.0000 22.0000 1.0000
      vertex 20.0000 22.0000 0.4000
    endloop
  endfacet
  facet normal 0 0 0
    outer loop
      vertex 21.0000 22.0000 0.4000
      vertex 22.0000 22.0000 0.4000
      vertex 22.0000 23.0000 0.4000
    endloop
  endfacet
  facet normal 0 0 0
    outer loop
      vertex 21.0000 22.0000 0.4000
      vertex 22.0000 23.0000 0.4000
      vertex 21.0000 23.0000 0.4000
    endloop
  endfacet
  facet normal 0 0 0
    outer loop
      vertex 21.0000 22.0000 1.0000
      vertex 22.0000 23.0000 1.0000
      vertex 22.0000 22.0000 1.0000
    endloop
  endfacet
  facet normal 0 0 0
    outer loop
      vertex 21.0000 22.0000 1.0000
      vertex 21.0000 23.0000 1.0000
      vertex 22.0000 23.0000 1.0000
    endloop
  endfacet
  facet normal 0 0 0
    outer loop
      vertex 21.0000 22.0000 0.4000
      vertex 21.0000 22.0000 1.0000
      vertex 22.0000 22.0000 1.0000
    endloop
  endfacet
  facet normal 0 0 0
    outer loop
      vertex 21.0000 22.0000 0.4000
      vertex 22.0000 22.0000 1.0000
      vertex 22.0000 22.0000 0.4000
    endloop
  endfacet
  facet normal 0 0 0
    outer loop
      vertex 22.0000 22.0000 0.4000
      vertex 22.0000 22.0000 1.0000
      vertex 22.0000 23.0000 1.0000
    endloop
  endfacet
  facet normal 0 0 0
    outer loop
      vertex 22.0000 22.0000 0.4000
      vertex 22.0000 23.0000 1.0000
      vertex 22.0000 23.0000 0.4000
    endloop
  endfacet
  facet normal 0 0 0
    outer loop
      vertex 22.0000 23.0000 0.4000
      vertex 22.0000 23.0000 1.0000
      vertex 21.0000 23.0000 1.0000
    endloop
  endfacet
  facet normal 0 0 0
    outer loop
      vertex 22.0000 23.0000 0.4000
      vertex 21.0000 23.0000 1.0000
      vertex 21.0000 23.0000 0.4000
    endloop
  endfacet
  facet normal 0 0 0
    outer loop
      vertex 21.0000 23.0000 0.4000
      vertex 21.0000 23.0000 1.0000
      vertex 21.0000 22.0000 1.0000
    endloop
  endfacet
  facet normal 0 0 0
    outer loop
      vertex 21.0000 23.0000 0.4000
      vertex 21.0000 22.0000 1.0000
      vertex 21.0000 22.0000 0.4000
    endloop
  endfacet
  facet normal 0 0 0
    outer loop
      vertex 22.0000 22.0000 0.4000
      vertex 23.0000 22.0000 0.4000
      vertex 23.0000 23.0000 0.4000
    endloop
  endfacet
  facet normal 0 0 0
    outer loop
      vertex 22.0000 22.0000 0.4000
      vertex 23.0000 23.0000 0.4000
      vertex 22.0000 23.0000 0.4000
    endloop
  endfacet
  facet normal 0 0 0
    outer loop
      vertex 22.0000 22.0000 1.0000
      vertex 23.0000 23.0000 1.0000
      vertex 23.0000 22.0000 1.0000
    endloop
  endfacet
  facet normal 0 0 0
    outer loop
      vertex 22.0000 22.0000 1.0000
      vertex 22.0000 23.0000 1.0000
      vertex 23.0000 23.0000 1.0000
    endloop
  endfacet
  facet normal 0 0 0
    outer loop
      vertex 22.0000 22.0000 0.4000
      vertex 22.0000 22.0000 1.0000
      vertex 23.0000 22.0000 1.0000
    endloop
  endfacet
  facet normal 0 0 0
    outer loop
      vertex 22.0000 22.0000 0.4000
      vertex 23.0000 22.0000 1.0000
      vertex 23.0000 22.0000 0.4000
    endloop
  endfacet
  facet normal 0 0 0
    outer loop
      vertex 23.0000 22.0000 0.4000
      vertex 23.0000 22.0000 1.0000
      vertex 23.0000 23.0000 1.0000
    endloop
  endfacet
  facet normal 0 0 0
    outer loop
      vertex 23.0000 22.0000 0.4000
      vertex 23.0000 23.0000 1.0000
      vertex 23.0000 23.0000 0.4000
    endloop
  endfacet
  facet normal 0 0 0
    outer loop
      vertex 23.0000 23.0000 0.4000
      vertex 23.0000 23.0000 1.0000
      vertex 22.0000 23.0000 1.0000
    endloop
  endfacet
  facet normal 0 0 0
    outer loop
      vertex 23.0000 23.0000 0.4000
      vertex 22.0000 23.0000 1.0000
      vertex 22.0000 23.0000 0.4000
    endloop
  endfacet
  facet normal 0 0 0
    outer loop
      vertex 22.0000 23.0000 0.4000
      vertex 22.0000 23.0000 1.0000
      vertex 22.0000 22.0000 1.0000
    endloop
  endfacet
  facet normal 0 0 0
    outer loop
      vertex 22.0000 23.0000 0.4000
      vertex 22.0000 22.0000 1.0000
      vertex 22.0000 22.0000 0.4000
    endloop
  endfacet
  facet normal 0 0 0
    outer loop
      vertex 24.0000 22.0000 0.4000
      vertex 25.0000 22.0000 0.4000
      vertex 25.0000 23.0000 0.4000
    endloop
  endfacet
  facet normal 0 0 0
    outer loop
      vertex 24.0000 22.0000 0.4000
      vertex 25.0000 23.0000 0.4000
      vertex 24.0000 23.0000 0.4000
    endloop
  endfacet
  facet normal 0 0 0
    outer loop
      vertex 24.0000 22.0000 1.0000
      vertex 25.0000 23.0000 1.0000
      vertex 25.0000 22.0000 1.0000
    endloop
  endfacet
  facet normal 0 0 0
    outer loop
      vertex 24.0000 22.0000 1.0000
      vertex 24.0000 23.0000 1.0000
      vertex 25.0000 23.0000 1.0000
    endloop
  endfacet
  facet normal 0 0 0
    outer loop
      vertex 24.0000 22.0000 0.4000
      vertex 24.0000 22.0000 1.0000
      vertex 25.0000 22.0000 1.0000
    endloop
  endfacet
  facet normal 0 0 0
    outer loop
      vertex 24.0000 22.0000 0.4000
      vertex 25.0000 22.0000 1.0000
      vertex 25.0000 22.0000 0.4000
    endloop
  endfacet
  facet normal 0 0 0
    outer loop
      vertex 25.0000 22.0000 0.4000
      vertex 25.0000 22.0000 1.0000
      vertex 25.0000 23.0000 1.0000
    endloop
  endfacet
  facet normal 0 0 0
    outer loop
      vertex 25.0000 22.0000 0.4000
      vertex 25.0000 23.0000 1.0000
      vertex 25.0000 23.0000 0.4000
    endloop
  endfacet
  facet normal 0 0 0
    outer loop
      vertex 25.0000 23.0000 0.4000
      vertex 25.0000 23.0000 1.0000
      vertex 24.0000 23.0000 1.0000
    endloop
  endfacet
  facet normal 0 0 0
    outer loop
      vertex 25.0000 23.0000 0.4000
      vertex 24.0000 23.0000 1.0000
      vertex 24.0000 23.0000 0.4000
    endloop
  endfacet
  facet normal 0 0 0
    outer loop
      vertex 24.0000 23.0000 0.4000
      vertex 24.0000 23.0000 1.0000
      vertex 24.0000 22.0000 1.0000
    endloop
  endfacet
  facet normal 0 0 0
    outer loop
      vertex 24.0000 23.0000 0.4000
      vertex 24.0000 22.0000 1.0000
      vertex 24.0000 22.0000 0.4000
    endloop
  endfacet
  facet normal 0 0 0
    outer loop
      vertex 4.0000 21.0000 0.4000
      vertex 5.0000 21.0000 0.4000
      vertex 5.0000 22.0000 0.4000
    endloop
  endfacet
  facet normal 0 0 0
    outer loop
      vertex 4.0000 21.0000 0.4000
      vertex 5.0000 22.0000 0.4000
      vertex 4.0000 22.0000 0.4000
    endloop
  endfacet
  facet normal 0 0 0
    outer loop
      vertex 4.0000 21.0000 1.0000
      vertex 5.0000 22.0000 1.0000
      vertex 5.0000 21.0000 1.0000
    endloop
  endfacet
  facet normal 0 0 0
    outer loop
      vertex 4.0000 21.0000 1.0000
      vertex 4.0000 22.0000 1.0000
      vertex 5.0000 22.0000 1.0000
    endloop
  endfacet
  facet normal 0 0 0
    outer loop
      vertex 4.0000 21.0000 0.4000
      vertex 4.0000 21.0000 1.0000
      vertex 5.0000 21.0000 1.0000
    endloop
  endfacet
  facet normal 0 0 0
    outer loop
      vertex 4.0000 21.0000 0.4000
      vertex 5.0000 21.0000 1.0000
      vertex 5.0000 21.0000 0.4000
    endloop
  endfacet
  facet normal 0 0 0
    outer loop
      vertex 5.0000 21.0000 0.4000
      vertex 5.0000 21.0000 1.0000
      vertex 5.0000 22.0000 1.0000
    endloop
  endfacet
  facet normal 0 0 0
    outer loop
      vertex 5.0000 21.0000 0.4000
      vertex 5.0000 22.0000 1.0000
      vertex 5.0000 22.0000 0.4000
    endloop
  endfacet
  facet normal 0 0 0
    outer loop
      vertex 5.0000 22.0000 0.4000
      vertex 5.0000 22.0000 1.0000
      vertex 4.0000 22.0000 1.0000
    endloop
  endfacet
  facet normal 0 0 0
    outer loop
      vertex 5.0000 22.0000 0.4000
      vertex 4.0000 22.0000 1.0000
      vertex 4.0000 22.0000 0.4000
    endloop
  endfacet
  facet normal 0 0 0
    outer loop
      vertex 4.0000 22.0000 0.4000
      vertex 4.0000 22.0000 1.0000
      vertex 4.0000 21.0000 1.0000
    endloop
  endfacet
  facet normal 0 0 0
    outer loop
      vertex 4.0000 22.0000 0.4000
      vertex 4.0000 21.0000 1.0000
      vertex 4.0000 21.0000 0.4000
    endloop
  endfacet
  facet normal 0 0 0
    outer loop
      vertex 6.0000 21.0000 0.4000
      vertex 7.0000 21.0000 0.4000
      vertex 7.0000 22.0000 0.4000
    endloop
  endfacet
  facet normal 0 0 0
    outer loop
      vertex 6.0000 21.0000 0.4000
      vertex 7.0000 22.0000 0.4000
      vertex 6.0000 22.0000 0.4000
    endloop
  endfacet
  facet normal 0 0 0
    outer loop
      vertex 6.0000 21.0000 1.0000
      vertex 7.0000 22.0000 1.0000
      vertex 7.0000 21.0000 1.0000
    endloop
  endfacet
  facet normal 0 0 0
    outer loop
      vertex 6.0000 21.0000 1.0000
      vertex 6.0000 22.0000 1.0000
      vertex 7.0000 22.0000 1.0000
    endloop
  endfacet
  facet normal 0 0 0
    outer loop
      vertex 6.0000 21.0000 0.4000
      vertex 6.0000 21.0000 1.0000
      vertex 7.0000 21.0000 1.0000
    endloop
  endfacet
  facet normal 0 0 0
    outer loop
      vertex 6.0000 21.0000 0.4000
      vertex 7.0000 21.0000 1.0000
      vertex 7.0000 21.0000 0.4000
    endloop
  endfacet
  facet normal 0 0 0
    outer loop
      vertex 7.0000 21.0000 0.4000
      vertex 7.0000 21.0000 1.0000
      vertex 7.0000 22.0000 1.0000
    endloop
  endfacet
  facet normal 0 0 0
    outer loop
      vertex 7.0000 21.0000 0.4000
      vertex 7.0000 22.0000 1.0000
      vertex 7.0000 22.0000 0.4000
    endloop
  endfacet
  facet normal 0 0 0
    outer loop
      vertex 7.0000 22.0000 0.4000
      vertex 7.0000 22.0000 1.0000
      vertex 6.0000 22.0000 1.0000
    endloop
  endfacet
  facet normal 0 0 0
    outer loop
      vertex 7.0000 22.0000 0.4000
      vertex 6.0000 22.0000 1.0000
      vertex 6.0000 22.0000 0.4000
    endloop
  endfacet
  facet normal 0 0 0
    outer loop
      vertex 6.0000 22.0000 0.4000
      vertex 6.0000 22.0000 1.0000
      vertex 6.0000 21.0000 1.0000
    endloop
  endfacet
  facet normal 0 0 0
    outer loop
      vertex 6.0000 22.0000 0.4000
      vertex 6.0000 21.0000 1.0000
      vertex 6.0000 21.0000 0.4000
    endloop
  endfacet
  facet normal 0 0 0
    outer loop
      vertex 7.0000 21.0000 0.4000
      vertex 8.0000 21.0000 0.4000
      vertex 8.0000 22.0000 0.4000
    endloop
  endfacet
  facet normal 0 0 0
    outer loop
      vertex 7.0000 21.0000 0.4000
      vertex 8.0000 22.0000 0.4000
      vertex 7.0000 22.0000 0.4000
    endloop
  endfacet
  facet normal 0 0 0
    outer loop
      vertex 7.0000 21.0000 1.0000
      vertex 8.0000 22.0000 1.0000
      vertex 8.0000 21.0000 1.0000
    endloop
  endfacet
  facet normal 0 0 0
    outer loop
      vertex 7.0000 21.0000 1.0000
      vertex 7.0000 22.0000 1.0000
      vertex 8.0000 22.0000 1.0000
    endloop
  endfacet
  facet normal 0 0 0
    outer loop
      vertex 7.0000 21.0000 0.4000
      vertex 7.0000 21.0000 1.0000
      vertex 8.0000 21.0000 1.0000
    endloop
  endfacet
  facet normal 0 0 0
    outer loop
      vertex 7.0000 21.0000 0.4000
      vertex 8.0000 21.0000 1.0000
      vertex 8.0000 21.0000 0.4000
    endloop
  endfacet
  facet normal 0 0 0
    outer loop
      vertex 8.0000 21.0000 0.4000
      vertex 8.0000 21.0000 1.0000
      vertex 8.0000 22.0000 1.0000
    endloop
  endfacet
  facet normal 0 0 0
    outer loop
      vertex 8.0000 21.0000 0.4000
      vertex 8.0000 22.0000 1.0000
      vertex 8.0000 22.0000 0.4000
    endloop
  endfacet
  facet normal 0 0 0
    outer loop
      vertex 8.0000 22.0000 0.4000
      vertex 8.0000 22.0000 1.0000
      vertex 7.0000 22.0000 1.0000
    endloop
  endfacet
  facet normal 0 0 0
    outer loop
      vertex 8.0000 22.0000 0.4000
      vertex 7.0000 22.0000 1.0000
      vertex 7.0000 22.0000 0.4000
    endloop
  endfacet
  facet normal 0 0 0
    outer loop
      vertex 7.0000 22.0000 0.4000
      vertex 7.0000 22.0000 1.0000
      vertex 7.0000 21.0000 1.0000
    endloop
  endfacet
  facet normal 0 0 0
    outer loop
      vertex 7.0000 22.0000 0.4000
      vertex 7.0000 21.0000 1.0000
      vertex 7.0000 21.0000 0.4000
    endloop
  endfacet
  facet normal 0 0 0
    outer loop
      vertex 8.0000 21.0000 0.4000
      vertex 9.0000 21.0000 0.4000
      vertex 9.0000 22.0000 0.4000
    endloop
  endfacet
  facet normal 0 0 0
    outer loop
      vertex 8.0000 21.0000 0.4000
      vertex 9.0000 22.0000 0.4000
      vertex 8.0000 22.0000 0.4000
    endloop
  endfacet
  facet normal 0 0 0
    outer loop
      vertex 8.0000 21.0000 1.0000
      vertex 9.0000 22.0000 1.0000
      vertex 9.0000 21.0000 1.0000
    endloop
  endfacet
  facet normal 0 0 0
    outer loop
      vertex 8.0000 21.0000 1.0000
      vertex 8.0000 22.0000 1.0000
      vertex 9.0000 22.0000 1.0000
    endloop
  endfacet
  facet normal 0 0 0
    outer loop
      vertex 8.0000 21.0000 0.4000
      vertex 8.0000 21.0000 1.0000
      vertex 9.0000 21.0000 1.0000
    endloop
  endfacet
  facet normal 0 0 0
    outer loop
      vertex 8.0000 21.0000 0.4000
      vertex 9.0000 21.0000 1.0000
      vertex 9.0000 21.0000 0.4000
    endloop
  endfacet
  facet normal 0 0 0
    outer loop
      vertex 9.0000 21.0000 0.4000
      vertex 9.0000 21.0000 1.0000
      vertex 9.0000 22.0000 1.0000
    endloop
  endfacet
  facet normal 0 0 0
    outer loop
      vertex 9.0000 21.0000 0.4000
      vertex 9.0000 22.0000 1.0000
      vertex 9.0000 22.0000 0.4000
    endloop
  endfacet
  facet normal 0 0 0
    outer loop
      vertex 9.0000 22.0000 0.4000
      vertex 9.0000 22.0000 1.0000
      vertex 8.0000 22.0000 1.0000
    endloop
  endfacet
  facet normal 0 0 0
    outer loop
      vertex 9.0000 22.0000 0.4000
      vertex 8.0000 22.0000 1.0000
      vertex 8.0000 22.0000 0.4000
    endloop
  endfacet
  facet normal 0 0 0
    outer loop
      vertex 8.0000 22.0000 0.4000
      vertex 8.0000 22.0000 1.0000
      vertex 8.0000 21.0000 1.0000
    endloop
  endfacet
  facet normal 0 0 0
    outer loop
      vertex 8.0000 22.0000 0.4000
      vertex 8.0000 21.0000 1.0000
      vertex 8.0000 21.0000 0.4000
    endloop
  endfacet
  facet normal 0 0 0
    outer loop
      vertex 10.0000 21.0000 0.4000
      vertex 11.0000 21.0000 0.4000
      vertex 11.0000 22.0000 0.4000
    endloop
  endfacet
  facet normal 0 0 0
    outer loop
      vertex 10.0000 21.0000 0.4000
      vertex 11.0000 22.0000 0.4000
      vertex 10.0000 22.0000 0.4000
    endloop
  endfacet
  facet normal 0 0 0
    outer loop
      vertex 10.0000 21.0000 1.0000
      vertex 11.0000 22.0000 1.0000
      vertex 11.0000 21.0000 1.0000
    endloop
  endfacet
  facet normal 0 0 0
    outer loop
      vertex 10.0000 21.0000 1.0000
      vertex 10.0000 22.0000 1.0000
      vertex 11.0000 22.0000 1.0000
    endloop
  endfacet
  facet normal 0 0 0
    outer loop
      vertex 10.0000 21.0000 0.4000
      vertex 10.0000 21.0000 1.0000
      vertex 11.0000 21.0000 1.0000
    endloop
  endfacet
  facet normal 0 0 0
    outer loop
      vertex 10.0000 21.0000 0.4000
      vertex 11.0000 21.0000 1.0000
      vertex 11.0000 21.0000 0.4000
    endloop
  endfacet
  facet normal 0 0 0
    outer loop
      vertex 11.0000 21.0000 0.4000
      vertex 11.0000 21.0000 1.0000
      vertex 11.0000 22.0000 1.0000
    endloop
  endfacet
  facet normal 0 0 0
    outer loop
      vertex 11.0000 21.0000 0.4000
      vertex 11.0000 22.0000 1.0000
      vertex 11.0000 22.0000 0.4000
    endloop
  endfacet
  facet normal 0 0 0
    outer loop
      vertex 11.0000 22.0000 0.4000
      vertex 11.0000 22.0000 1.0000
      vertex 10.0000 22.0000 1.0000
    endloop
  endfacet
  facet normal 0 0 0
    outer loop
      vertex 11.0000 22.0000 0.4000
      vertex 10.0000 22.0000 1.0000
      vertex 10.0000 22.0000 0.4000
    endloop
  endfacet
  facet normal 0 0 0
    outer loop
      vertex 10.0000 22.0000 0.4000
      vertex 10.0000 22.0000 1.0000
      vertex 10.0000 21.0000 1.0000
    endloop
  endfacet
  facet normal 0 0 0
    outer loop
      vertex 10.0000 22.0000 0.4000
      vertex 10.0000 21.0000 1.0000
      vertex 10.0000 21.0000 0.4000
    endloop
  endfacet
  facet normal 0 0 0
    outer loop
      vertex 14.0000 21.0000 0.4000
      vertex 15.0000 21.0000 0.4000
      vertex 15.0000 22.0000 0.4000
    endloop
  endfacet
  facet normal 0 0 0
    outer loop
      vertex 14.0000 21.0000 0.4000
      vertex 15.0000 22.0000 0.4000
      vertex 14.0000 22.0000 0.4000
    endloop
  endfacet
  facet normal 0 0 0
    outer loop
      vertex 14.0000 21.0000 1.0000
      vertex 15.0000 22.0000 1.0000
      vertex 15.0000 21.0000 1.0000
    endloop
  endfacet
  facet normal 0 0 0
    outer loop
      vertex 14.0000 21.0000 1.0000
      vertex 14.0000 22.0000 1.0000
      vertex 15.0000 22.0000 1.0000
    endloop
  endfacet
  facet normal 0 0 0
    outer loop
      vertex 14.0000 21.0000 0.4000
      vertex 14.0000 21.0000 1.0000
      vertex 15.0000 21.0000 1.0000
    endloop
  endfacet
  facet normal 0 0 0
    outer loop
      vertex 14.0000 21.0000 0.4000
      vertex 15.0000 21.0000 1.0000
      vertex 15.0000 21.0000 0.4000
    endloop
  endfacet
  facet normal 0 0 0
    outer loop
      vertex 15.0000 21.0000 0.4000
      vertex 15.0000 21.0000 1.0000
      vertex 15.0000 22.0000 1.0000
    endloop
  endfacet
  facet normal 0 0 0
    outer loop
      vertex 15.0000 21.0000 0.4000
      vertex 15.0000 22.0000 1.0000
      vertex 15.0000 22.0000 0.4000
    endloop
  endfacet
  facet normal 0 0 0
    outer loop
      vertex 15.0000 22.0000 0.4000
      vertex 15.0000 22.0000 1.0000
      vertex 14.0000 22.0000 1.0000
    endloop
  endfacet
  facet normal 0 0 0
    outer loop
      vertex 15.0000 22.0000 0.4000
      vertex 14.0000 22.0000 1.0000
      vertex 14.0000 22.0000 0.4000
    endloop
  endfacet
  facet normal 0 0 0
    outer loop
      vertex 14.0000 22.0000 0.4000
      vertex 14.0000 22.0000 1.0000
      vertex 14.0000 21.0000 1.0000
    endloop
  endfacet
  facet normal 0 0 0
    outer loop
      vertex 14.0000 22.0000 0.4000
      vertex 14.0000 21.0000 1.0000
      vertex 14.0000 21.0000 0.4000
    endloop
  endfacet
  facet normal 0 0 0
    outer loop
      vertex 18.0000 21.0000 0.4000
      vertex 19.0000 21.0000 0.4000
      vertex 19.0000 22.0000 0.4000
    endloop
  endfacet
  facet normal 0 0 0
    outer loop
      vertex 18.0000 21.0000 0.4000
      vertex 19.0000 22.0000 0.4000
      vertex 18.0000 22.0000 0.4000
    endloop
  endfacet
  facet normal 0 0 0
    outer loop
      vertex 18.0000 21.0000 1.0000
      vertex 19.0000 22.0000 1.0000
      vertex 19.0000 21.0000 1.0000
    endloop
  endfacet
  facet normal 0 0 0
    outer loop
      vertex 18.0000 21.0000 1.0000
      vertex 18.0000 22.0000 1.0000
      vertex 19.0000 22.0000 1.0000
    endloop
  endfacet
  facet normal 0 0 0
    outer loop
      vertex 18.0000 21.0000 0.4000
      vertex 18.0000 21.0000 1.0000
      vertex 19.0000 21.0000 1.0000
    endloop
  endfacet
  facet normal 0 0 0
    outer loop
      vertex 18.0000 21.0000 0.4000
      vertex 19.0000 21.0000 1.0000
      vertex 19.0000 21.0000 0.4000
    endloop
  endfacet
  facet normal 0 0 0
    outer loop
      vertex 19.0000 21.0000 0.4000
      vertex 19.0000 21.0000 1.0000
      vertex 19.0000 22.0000 1.0000
    endloop
  endfacet
  facet normal 0 0 0
    outer loop
      vertex 19.0000 21.0000 0.4000
      vertex 19.0000 22.0000 1.0000
      vertex 19.0000 22.0000 0.4000
    endloop
  endfacet
  facet normal 0 0 0
    outer loop
      vertex 19.0000 22.0000 0.4000
      vertex 19.0000 22.0000 1.0000
      vertex 18.0000 22.0000 1.0000
    endloop
  endfacet
  facet normal 0 0 0
    outer loop
      vertex 19.0000 22.0000 0.4000
      vertex 18.0000 22.0000 1.0000
      vertex 18.0000 22.0000 0.4000
    endloop
  endfacet
  facet normal 0 0 0
    outer loop
      vertex 18.0000 22.0000 0.4000
      vertex 18.0000 22.0000 1.0000
      vertex 18.0000 21.0000 1.0000
    endloop
  endfacet
  facet normal 0 0 0
    outer loop
      vertex 18.0000 22.0000 0.4000
      vertex 18.0000 21.0000 1.0000
      vertex 18.0000 21.0000 0.4000
    endloop
  endfacet
  facet normal 0 0 0
    outer loop
      vertex 20.0000 21.0000 0.4000
      vertex 21.0000 21.0000 0.4000
      vertex 21.0000 22.0000 0.4000
    endloop
  endfacet
  facet normal 0 0 0
    outer loop
      vertex 20.0000 21.0000 0.4000
      vertex 21.0000 22.0000 0.4000
      vertex 20.0000 22.0000 0.4000
    endloop
  endfacet
  facet normal 0 0 0
    outer loop
      vertex 20.0000 21.0000 1.0000
      vertex 21.0000 22.0000 1.0000
      vertex 21.0000 21.0000 1.0000
    endloop
  endfacet
  facet normal 0 0 0
    outer loop
      vertex 20.0000 21.0000 1.0000
      vertex 20.0000 22.0000 1.0000
      vertex 21.0000 22.0000 1.0000
    endloop
  endfacet
  facet normal 0 0 0
    outer loop
      vertex 20.0000 21.0000 0.4000
      vertex 20.0000 21.0000 1.0000
      vertex 21.0000 21.0000 1.0000
    endloop
  endfacet
  facet normal 0 0 0
    outer loop
      vertex 20.0000 21.0000 0.4000
      vertex 21.0000 21.0000 1.0000
      vertex 21.0000 21.0000 0.4000
    endloop
  endfacet
  facet normal 0 0 0
    outer loop
      vertex 21.0000 21.0000 0.4000
      vertex 21.0000 21.0000 1.0000
      vertex 21.0000 22.0000 1.0000
    endloop
  endfacet
  facet normal 0 0 0
    outer loop
      vertex 21.0000 21.0000 0.4000
      vertex 21.0000 22.0000 1.0000
      vertex 21.0000 22.0000 0.4000
    endloop
  endfacet
  facet normal 0 0 0
    outer loop
      vertex 21.0000 22.0000 0.4000
      vertex 21.0000 22.0000 1.0000
      vertex 20.0000 22.0000 1.0000
    endloop
  endfacet
  facet normal 0 0 0
    outer loop
      vertex 21.0000 22.0000 0.4000
      vertex 20.0000 22.0000 1.0000
      vertex 20.0000 22.0000 0.4000
    endloop
  endfacet
  facet normal 0 0 0
    outer loop
      vertex 20.0000 22.0000 0.4000
      vertex 20.0000 22.0000 1.0000
      vertex 20.0000 21.0000 1.0000
    endloop
  endfacet
  facet normal 0 0 0
    outer loop
      vertex 20.0000 22.0000 0.4000
      vertex 20.0000 21.0000 1.0000
      vertex 20.0000 21.0000 0.4000
    endloop
  endfacet
  facet normal 0 0 0
    outer loop
      vertex 21.0000 21.0000 0.4000
      vertex 22.0000 21.0000 0.4000
      vertex 22.0000 22.0000 0.4000
    endloop
  endfacet
  facet normal 0 0 0
    outer loop
      vertex 21.0000 21.0000 0.4000
      vertex 22.0000 22.0000 0.4000
      vertex 21.0000 22.0000 0.4000
    endloop
  endfacet
  facet normal 0 0 0
    outer loop
      vertex 21.0000 21.0000 1.0000
      vertex 22.0000 22.0000 1.0000
      vertex 22.0000 21.0000 1.0000
    endloop
  endfacet
  facet normal 0 0 0
    outer loop
      vertex 21.0000 21.0000 1.0000
      vertex 21.0000 22.0000 1.0000
      vertex 22.0000 22.0000 1.0000
    endloop
  endfacet
  facet normal 0 0 0
    outer loop
      vertex 21.0000 21.0000 0.4000
      vertex 21.0000 21.0000 1.0000
      vertex 22.0000 21.0000 1.0000
    endloop
  endfacet
  facet normal 0 0 0
    outer loop
      vertex 21.0000 21.0000 0.4000
      vertex 22.0000 21.0000 1.0000
      vertex 22.0000 21.0000 0.4000
    endloop
  endfacet
  facet normal 0 0 0
    outer loop
      vertex 22.0000 21.0000 0.4000
      vertex 22.0000 21.0000 1.0000
      vertex 22.0000 22.0000 1.0000
    endloop
  endfacet
  facet normal 0 0 0
    outer loop
      vertex 22.0000 21.0000 0.4000
      vertex 22.0000 22.0000 1.0000
      vertex 22.0000 22.0000 0.4000
    endloop
  endfacet
  facet normal 0 0 0
    outer loop
      vertex 22.0000 22.0000 0.4000
      vertex 22.0000 22.0000 1.0000
      vertex 21.0000 22.0000 1.0000
    endloop
  endfacet
  facet normal 0 0 0
    outer loop
      vertex 22.0000 22.0000 0.4000
      vertex 21.0000 22.0000 1.0000
      vertex 21.0000 22.0000 0.4000
    endloop
  endfacet
  facet normal 0 0 0
    outer loop
      vertex 21.0000 22.0000 0.4000
      vertex 21.0000 22.0000 1.0000
      vertex 21.0000 21.0000 1.0000
    endloop
  endfacet
  facet normal 0 0 0
    outer loop
      vertex 21.0000 22.0000 0.4000
      vertex 21.0000 21.0000 1.0000
      vertex 21.0000 21.0000 0.4000
    endloop
  endfacet
  facet normal 0 0 0
    outer loop
      vertex 22.0000 21.0000 0.4000
      vertex 23.0000 21.0000 0.4000
      vertex 23.0000 22.0000 0.4000
    endloop
  endfacet
  facet normal 0 0 0
    outer loop
      vertex 22.0000 21.0000 0.4000
      vertex 23.0000 22.0000 0.4000
      vertex 22.0000 22.0000 0.4000
    endloop
  endfacet
  facet normal 0 0 0
    outer loop
      vertex 22.0000 21.0000 1.0000
      vertex 23.0000 22.0000 1.0000
      vertex 23.0000 21.0000 1.0000
    endloop
  endfacet
  facet normal 0 0 0
    outer loop
      vertex 22.0000 21.0000 1.0000
      vertex 22.0000 22.0000 1.0000
      vertex 23.0000 22.0000 1.0000
    endloop
  endfacet
  facet normal 0 0 0
    outer loop
      vertex 22.0000 21.0000 0.4000
      vertex 22.0000 21.0000 1.0000
      vertex 23.0000 21.0000 1.0000
    endloop
  endfacet
  facet normal 0 0 0
    outer loop
      vertex 22.0000 21.0000 0.4000
      vertex 23.0000 21.0000 1.0000
      vertex 23.0000 21.0000 0.4000
    endloop
  endfacet
  facet normal 0 0 0
    outer loop
      vertex 23.0000 21.0000 0.4000
      vertex 23.0000 21.0000 1.0000
      vertex 23.0000 22.0000 1.0000
    endloop
  endfacet
  facet normal 0 0 0
    outer loop
      vertex 23.0000 21.0000 0.4000
      vertex 23.0000 22.0000 1.0000
      vertex 23.0000 22.0000 0.4000
    endloop
  endfacet
  facet normal 0 0 0
    outer loop
      vertex 23.0000 22.0000 0.4000
      vertex 23.0000 22.0000 1.0000
      vertex 22.0000 22.0000 1.0000
    endloop
  endfacet
  facet normal 0 0 0
    outer loop
      vertex 23.0000 22.0000 0.4000
      vertex 22.0000 22.0000 1.0000
      vertex 22.0000 22.0000 0.4000
    endloop
  endfacet
  facet normal 0 0 0
    outer loop
      vertex 22.0000 22.0000 0.4000
      vertex 22.0000 22.0000 1.0000
      vertex 22.0000 21.0000 1.0000
    endloop
  endfacet
  facet normal 0 0 0
    outer loop
      vertex 22.0000 22.0000 0.4000
      vertex 22.0000 21.0000 1.0000
      vertex 22.0000 21.0000 0.4000
    endloop
  endfacet
  facet normal 0 0 0
    outer loop
      vertex 24.0000 21.0000 0.4000
      vertex 25.0000 21.0000 0.4000
      vertex 25.0000 22.0000 0.4000
    endloop
  endfacet
  facet normal 0 0 0
    outer loop
      vertex 24.0000 21.0000 0.4000
      vertex 25.0000 22.0000 0.4000
      vertex 24.0000 22.0000 0.4000
    endloop
  endfacet
  facet normal 0 0 0
    outer loop
      vertex 24.0000 21.0000 1.0000
      vertex 25.0000 22.0000 1.0000
      vertex 25.0000 21.0000 1.0000
    endloop
  endfacet
  facet normal 0 0 0
    outer loop
      vertex 24.0000 21.0000 1.0000
      vertex 24.0000 22.0000 1.0000
      vertex 25.0000 22.0000 1.0000
    endloop
  endfacet
  facet normal 0 0 0
    outer loop
      vertex 24.0000 21.0000 0.4000
      vertex 24.0000 21.0000 1.0000
      vertex 25.0000 21.0000 1.0000
    endloop
  endfacet
  facet normal 0 0 0
    outer loop
      vertex 24.0000 21.0000 0.4000
      vertex 25.0000 21.0000 1.0000
      vertex 25.0000 21.0000 0.4000
    endloop
  endfacet
  facet normal 0 0 0
    outer loop
      vertex 25.0000 21.0000 0.4000
      vertex 25.0000 21.0000 1.0000
      vertex 25.0000 22.0000 1.0000
    endloop
  endfacet
  facet normal 0 0 0
    outer loop
      vertex 25.0000 21.0000 0.4000
      vertex 25.0000 22.0000 1.0000
      vertex 25.0000 22.0000 0.4000
    endloop
  endfacet
  facet normal 0 0 0
    outer loop
      vertex 25.0000 22.0000 0.4000
      vertex 25.0000 22.0000 1.0000
      vertex 24.0000 22.0000 1.0000
    endloop
  endfacet
  facet normal 0 0 0
    outer loop
      vertex 25.0000 22.0000 0.4000
      vertex 24.0000 22.0000 1.0000
      vertex 24.0000 22.0000 0.4000
    endloop
  endfacet
  facet normal 0 0 0
    outer loop
      vertex 24.0000 22.0000 0.4000
      vertex 24.0000 22.0000 1.0000
      vertex 24.0000 21.0000 1.0000
    endloop
  endfacet
  facet normal 0 0 0
    outer loop
      vertex 24.0000 22.0000 0.4000
      vertex 24.0000 21.0000 1.0000
      vertex 24.0000 21.0000 0.4000
    endloop
  endfacet
  facet normal 0 0 0
    outer loop
      vertex 4.0000 20.0000 0.4000
      vertex 5.0000 20.0000 0.4000
      vertex 5.0000 21.0000 0.4000
    endloop
  endfacet
  facet normal 0 0 0
    outer loop
      vertex 4.0000 20.0000 0.4000
      vertex 5.0000 21.0000 0.4000
      vertex 4.0000 21.0000 0.4000
    endloop
  endfacet
  facet normal 0 0 0
    outer loop
      vertex 4.0000 20.0000 1.0000
      vertex 5.0000 21.0000 1.0000
      vertex 5.0000 20.0000 1.0000
    endloop
  endfacet
  facet normal 0 0 0
    outer loop
      vertex 4.0000 20.0000 1.0000
      vertex 4.0000 21.0000 1.0000
      vertex 5.0000 21.0000 1.0000
    endloop
  endfacet
  facet normal 0 0 0
    outer loop
      vertex 4.0000 20.0000 0.4000
      vertex 4.0000 20.0000 1.0000
      vertex 5.0000 20.0000 1.0000
    endloop
  endfacet
  facet normal 0 0 0
    outer loop
      vertex 4.0000 20.0000 0.4000
      vertex 5.0000 20.0000 1.0000
      vertex 5.0000 20.0000 0.4000
    endloop
  endfacet
  facet normal 0 0 0
    outer loop
      vertex 5.0000 20.0000 0.4000
      vertex 5.0000 20.0000 1.0000
      vertex 5.0000 21.0000 1.0000
    endloop
  endfacet
  facet normal 0 0 0
    outer loop
      vertex 5.0000 20.0000 0.4000
      vertex 5.0000 21.0000 1.0000
      vertex 5.0000 21.0000 0.4000
    endloop
  endfacet
  facet normal 0 0 0
    outer loop
      vertex 5.0000 21.0000 0.4000
      vertex 5.0000 21.0000 1.0000
      vertex 4.0000 21.0000 1.0000
    endloop
  endfacet
  facet normal 0 0 0
    outer loop
      vertex 5.0000 21.0000 0.4000
      vertex 4.0000 21.0000 1.0000
      vertex 4.0000 21.0000 0.4000
    endloop
  endfacet
  facet normal 0 0 0
    outer loop
      vertex 4.0000 21.0000 0.4000
      vertex 4.0000 21.0000 1.0000
      vertex 4.0000 20.0000 1.0000
    endloop
  endfacet
  facet normal 0 0 0
    outer loop
      vertex 4.0000 21.0000 0.4000
      vertex 4.0000 20.0000 1.0000
      vertex 4.0000 20.0000 0.4000
    endloop
  endfacet
  facet normal 0 0 0
    outer loop
      vertex 6.0000 20.0000 0.4000
      vertex 7.0000 20.0000 0.4000
      vertex 7.0000 21.0000 0.4000
    endloop
  endfacet
  facet normal 0 0 0
    outer loop
      vertex 6.0000 20.0000 0.4000
      vertex 7.0000 21.0000 0.4000
      vertex 6.0000 21.0000 0.4000
    endloop
  endfacet
  facet normal 0 0 0
    outer loop
      vertex 6.0000 20.0000 1.0000
      vertex 7.0000 21.0000 1.0000
      vertex 7.0000 20.0000 1.0000
    endloop
  endfacet
  facet normal 0 0 0
    outer loop
      vertex 6.0000 20.0000 1.0000
      vertex 6.0000 21.0000 1.0000
      vertex 7.0000 21.0000 1.0000
    endloop
  endfacet
  facet normal 0 0 0
    outer loop
      vertex 6.0000 20.0000 0.4000
      vertex 6.0000 20.0000 1.0000
      vertex 7.0000 20.0000 1.0000
    endloop
  endfacet
  facet normal 0 0 0
    outer loop
      vertex 6.0000 20.0000 0.4000
      vertex 7.0000 20.0000 1.0000
      vertex 7.0000 20.0000 0.4000
    endloop
  endfacet
  facet normal 0 0 0
    outer loop
      vertex 7.0000 20.0000 0.4000
      vertex 7.0000 20.0000 1.0000
      vertex 7.0000 21.0000 1.0000
    endloop
  endfacet
  facet normal 0 0 0
    outer loop
      vertex 7.0000 20.0000 0.4000
      vertex 7.0000 21.0000 1.0000
      vertex 7.0000 21.0000 0.4000
    endloop
  endfacet
  facet normal 0 0 0
    outer loop
      vertex 7.0000 21.0000 0.4000
      vertex 7.0000 21.0000 1.0000
      vertex 6.0000 21.0000 1.0000
    endloop
  endfacet
  facet normal 0 0 0
    outer loop
      vertex 7.0000 21.0000 0.4000
      vertex 6.0000 21.0000 1.0000
      vertex 6.0000 21.0000 0.4000
    endloop
  endfacet
  facet normal 0 0 0
    outer loop
      vertex 6.0000 21.0000 0.4000
      vertex 6.0000 21.0000 1.0000
      vertex 6.0000 20.0000 1.0000
    endloop
  endfacet
  facet normal 0 0 0
    outer loop
      vertex 6.0000 21.0000 0.4000
      vertex 6.0000 20.0000 1.0000
      vertex 6.0000 20.0000 0.4000
    endloop
  endfacet
  facet normal 0 0 0
    outer loop
      vertex 7.0000 20.0000 0.4000
      vertex 8.0000 20.0000 0.4000
      vertex 8.0000 21.0000 0.4000
    endloop
  endfacet
  facet normal 0 0 0
    outer loop
      vertex 7.0000 20.0000 0.4000
      vertex 8.0000 21.0000 0.4000
      vertex 7.0000 21.0000 0.4000
    endloop
  endfacet
  facet normal 0 0 0
    outer loop
      vertex 7.0000 20.0000 1.0000
      vertex 8.0000 21.0000 1.0000
      vertex 8.0000 20.0000 1.0000
    endloop
  endfacet
  facet normal 0 0 0
    outer loop
      vertex 7.0000 20.0000 1.0000
      vertex 7.0000 21.0000 1.0000
      vertex 8.0000 21.0000 1.0000
    endloop
  endfacet
  facet normal 0 0 0
    outer loop
      vertex 7.0000 20.0000 0.4000
      vertex 7.0000 20.0000 1.0000
      vertex 8.0000 20.0000 1.0000
    endloop
  endfacet
  facet normal 0 0 0
    outer loop
      vertex 7.0000 20.0000 0.4000
      vertex 8.0000 20.0000 1.0000
      vertex 8.0000 20.0000 0.4000
    endloop
  endfacet
  facet normal 0 0 0
    outer loop
      vertex 8.0000 20.0000 0.4000
      vertex 8.0000 20.0000 1.0000
      vertex 8.0000 21.0000 1.0000
    endloop
  endfacet
  facet normal 0 0 0
    outer loop
      vertex 8.0000 20.0000 0.4000
      vertex 8.0000 21.0000 1.0000
      vertex 8.0000 21.0000 0.4000
    endloop
  endfacet
  facet normal 0 0 0
    outer loop
      vertex 8.0000 21.0000 0.4000
      vertex 8.0000 21.0000 1.0000
      vertex 7.0000 21.0000 1.0000
    endloop
  endfacet
  facet normal 0 0 0
    outer loop
      vertex 8.0000 21.0000 0.4000
      vertex 7.0000 21.0000 1.0000
      vertex 7.0000 21.0000 0.4000
    endloop
  endfacet
  facet normal 0 0 0
    outer loop
      vertex 7.0000 21.0000 0.4000
      vertex 7.0000 21.0000 1.0000
      vertex 7.0000 20.0000 1.0000
    endloop
  endfacet
  facet normal 0 0 0
    outer loop
      vertex 7.0000 21.0000 0.4000
      vertex 7.0000 20.0000 1.0000
      vertex 7.0000 20.0000 0.4000
    endloop
  endfacet
  facet normal 0 0 0
    outer loop
      vertex 8.0000 20.0000 0.4000
      vertex 9.0000 20.0000 0.4000
      vertex 9.0000 21.0000 0.4000
    endloop
  endfacet
  facet normal 0 0 0
    outer loop
      vertex 8.0000 20.0000 0.4000
      vertex 9.0000 21.0000 0.4000
      vertex 8.0000 21.0000 0.4000
    endloop
  endfacet
  facet normal 0 0 0
    outer loop
      vertex 8.0000 20.0000 1.0000
      vertex 9.0000 21.0000 1.0000
      vertex 9.0000 20.0000 1.0000
    endloop
  endfacet
  facet normal 0 0 0
    outer loop
      vertex 8.0000 20.0000 1.0000
      vertex 8.0000 21.0000 1.0000
      vertex 9.0000 21.0000 1.0000
    endloop
  endfacet
  facet normal 0 0 0
    outer loop
      vertex 8.0000 20.0000 0.4000
      vertex 8.0000 20.0000 1.0000
      vertex 9.0000 20.0000 1.0000
    endloop
  endfacet
  facet normal 0 0 0
    outer loop
      vertex 8.0000 20.0000 0.4000
      vertex 9.0000 20.0000 1.0000
      vertex 9.0000 20.0000 0.4000
    endloop
  endfacet
  facet normal 0 0 0
    outer loop
      vertex 9.0000 20.0000 0.4000
      vertex 9.0000 20.0000 1.0000
      vertex 9.0000 21.0000 1.0000
    endloop
  endfacet
  facet normal 0 0 0
    outer loop
      vertex 9.0000 20.0000 0.4000
      vertex 9.0000 21.0000 1.0000
      vertex 9.0000 21.0000 0.4000
    endloop
  endfacet
  facet normal 0 0 0
    outer loop
      vertex 9.0000 21.0000 0.4000
      vertex 9.0000 21.0000 1.0000
      vertex 8.0000 21.0000 1.0000
    endloop
  endfacet
  facet normal 0 0 0
    outer loop
      vertex 9.0000 21.0000 0.4000
      vertex 8.0000 21.0000 1.0000
      vertex 8.0000 21.0000 0.4000
    endloop
  endfacet
  facet normal 0 0 0
    outer loop
      vertex 8.0000 21.0000 0.4000
      vertex 8.0000 21.0000 1.0000
      vertex 8.0000 20.0000 1.0000
    endloop
  endfacet
  facet normal 0 0 0
    outer loop
      vertex 8.0000 21.0000 0.4000
      vertex 8.0000 20.0000 1.0000
      vertex 8.0000 20.0000 0.4000
    endloop
  endfacet
  facet normal 0 0 0
    outer loop
      vertex 10.0000 20.0000 0.4000
      vertex 11.0000 20.0000 0.4000
      vertex 11.0000 21.0000 0.4000
    endloop
  endfacet
  facet normal 0 0 0
    outer loop
      vertex 10.0000 20.0000 0.4000
      vertex 11.0000 21.0000 0.4000
      vertex 10.0000 21.0000 0.4000
    endloop
  endfacet
  facet normal 0 0 0
    outer loop
      vertex 10.0000 20.0000 1.0000
      vertex 11.0000 21.0000 1.0000
      vertex 11.0000 20.0000 1.0000
    endloop
  endfacet
  facet normal 0 0 0
    outer loop
      vertex 10.0000 20.0000 1.0000
      vertex 10.0000 21.0000 1.0000
      vertex 11.0000 21.0000 1.0000
    endloop
  endfacet
  facet normal 0 0 0
    outer loop
      vertex 10.0000 20.0000 0.4000
      vertex 10.0000 20.0000 1.0000
      vertex 11.0000 20.0000 1.0000
    endloop
  endfacet
  facet normal 0 0 0
    outer loop
      vertex 10.0000 20.0000 0.4000
      vertex 11.0000 20.0000 1.0000
      vertex 11.0000 20.0000 0.4000
    endloop
  endfacet
  facet normal 0 0 0
    outer loop
      vertex 11.0000 20.0000 0.4000
      vertex 11.0000 20.0000 1.0000
      vertex 11.0000 21.0000 1.0000
    endloop
  endfacet
  facet normal 0 0 0
    outer loop
      vertex 11.0000 20.0000 0.4000
      vertex 11.0000 21.0000 1.0000
      vertex 11.0000 21.0000 0.4000
    endloop
  endfacet
  facet normal 0 0 0
    outer loop
      vertex 11.0000 21.0000 0.4000
      vertex 11.0000 21.0000 1.0000
      vertex 10.0000 21.0000 1.0000
    endloop
  endfacet
  facet normal 0 0 0
    outer loop
      vertex 11.0000 21.0000 0.4000
      vertex 10.0000 21.0000 1.0000
      vertex 10.0000 21.0000 0.4000
    endloop
  endfacet
  facet normal 0 0 0
    outer loop
      vertex 10.0000 21.0000 0.4000
      vertex 10.0000 21.0000 1.0000
      vertex 10.0000 20.0000 1.0000
    endloop
  endfacet
  facet normal 0 0 0
    outer loop
      vertex 10.0000 21.0000 0.4000
      vertex 10.0000 20.0000 1.0000
      vertex 10.0000 20.0000 0.4000
    endloop
  endfacet
  facet normal 0 0 0
    outer loop
      vertex 14.0000 20.0000 0.4000
      vertex 15.0000 20.0000 0.4000
      vertex 15.0000 21.0000 0.4000
    endloop
  endfacet
  facet normal 0 0 0
    outer loop
      vertex 14.0000 20.0000 0.4000
      vertex 15.0000 21.0000 0.4000
      vertex 14.0000 21.0000 0.4000
    endloop
  endfacet
  facet normal 0 0 0
    outer loop
      vertex 14.0000 20.0000 1.0000
      vertex 15.0000 21.0000 1.0000
      vertex 15.0000 20.0000 1.0000
    endloop
  endfacet
  facet normal 0 0 0
    outer loop
      vertex 14.0000 20.0000 1.0000
      vertex 14.0000 21.0000 1.0000
      vertex 15.0000 21.0000 1.0000
    endloop
  endfacet
  facet normal 0 0 0
    outer loop
      vertex 14.0000 20.0000 0.4000
      vertex 14.0000 20.0000 1.0000
      vertex 15.0000 20.0000 1.0000
    endloop
  endfacet
  facet normal 0 0 0
    outer loop
      vertex 14.0000 20.0000 0.4000
      vertex 15.0000 20.0000 1.0000
      vertex 15.0000 20.0000 0.4000
    endloop
  endfacet
  facet normal 0 0 0
    outer loop
      vertex 15.0000 20.0000 0.4000
      vertex 15.0000 20.0000 1.0000
      vertex 15.0000 21.0000 1.0000
    endloop
  endfacet
  facet normal 0 0 0
    outer loop
      vertex 15.0000 20.0000 0.4000
      vertex 15.0000 21.0000 1.0000
      vertex 15.0000 21.0000 0.4000
    endloop
  endfacet
  facet normal 0 0 0
    outer loop
      vertex 15.0000 21.0000 0.4000
      vertex 15.0000 21.0000 1.0000
      vertex 14.0000 21.0000 1.0000
    endloop
  endfacet
  facet normal 0 0 0
    outer loop
      vertex 15.0000 21.0000 0.4000
      vertex 14.0000 21.0000 1.0000
      vertex 14.0000 21.0000 0.4000
    endloop
  endfacet
  facet normal 0 0 0
    outer loop
      vertex 14.0000 21.0000 0.4000
      vertex 14.0000 21.0000 1.0000
      vertex 14.0000 20.0000 1.0000
    endloop
  endfacet
  facet normal 0 0 0
    outer loop
      vertex 14.0000 21.0000 0.4000
      vertex 14.0000 20.0000 1.0000
      vertex 14.0000 20.0000 0.4000
    endloop
  endfacet
  facet normal 0 0 0
    outer loop
      vertex 16.0000 20.0000 0.4000
      vertex 17.0000 20.0000 0.4000
      vertex 17.0000 21.0000 0.4000
    endloop
  endfacet
  facet normal 0 0 0
    outer loop
      vertex 16.0000 20.0000 0.4000
      vertex 17.0000 21.0000 0.4000
      vertex 16.0000 21.0000 0.4000
    endloop
  endfacet
  facet normal 0 0 0
    outer loop
      vertex 16.0000 20.0000 1.0000
      vertex 17.0000 21.0000 1.0000
      vertex 17.0000 20.0000 1.0000
    endloop
  endfacet
  facet normal 0 0 0
    outer loop
      vertex 16.0000 20.0000 1.0000
      vertex 16.0000 21.0000 1.0000
      vertex 17.0000 21.0000 1.0000
    endloop
  endfacet
  facet normal 0 0 0
    outer loop
      vertex 16.0000 20.0000 0.4000
      vertex 16.0000 20.0000 1.0000
      vertex 17.0000 20.0000 1.0000
    endloop
  endfacet
  facet normal 0 0 0
    outer loop
      vertex 16.0000 20.0000 0.4000
      vertex 17.0000 20.0000 1.0000
      vertex 17.0000 20.0000 0.4000
    endloop
  endfacet
  facet normal 0 0 0
    outer loop
      vertex 17.0000 20.0000 0.4000
      vertex 17.0000 20.0000 1.0000
      vertex 17.0000 21.0000 1.0000
    endloop
  endfacet
  facet normal 0 0 0
    outer loop
      vertex 17.0000 20.0000 0.4000
      vertex 17.0000 21.0000 1.0000
      vertex 17.0000 21.0000 0.4000
    endloop
  endfacet
  facet normal 0 0 0
    outer loop
      vertex 17.0000 21.0000 0.4000
      vertex 17.0000 21.0000 1.0000
      vertex 16.0000 21.0000 1.0000
    endloop
  endfacet
  facet normal 0 0 0
    outer loop
      vertex 17.0000 21.0000 0.4000
      vertex 16.0000 21.0000 1.0000
      vertex 16.0000 21.0000 0.4000
    endloop
  endfacet
  facet normal 0 0 0
    outer loop
      vertex 16.0000 21.0000 0.4000
      vertex 16.0000 21.0000 1.0000
      vertex 16.0000 20.0000 1.0000
    endloop
  endfacet
  facet normal 0 0 0
    outer loop
      vertex 16.0000 21.0000 0.4000
      vertex 16.0000 20.0000 1.0000
      vertex 16.0000 20.0000 0.4000
    endloop
  endfacet
  facet normal 0 0 0
    outer loop
      vertex 18.0000 20.0000 0.4000
      vertex 19.0000 20.0000 0.4000
      vertex 19.0000 21.0000 0.4000
    endloop
  endfacet
  facet normal 0 0 0
    outer loop
      vertex 18.0000 20.0000 0.4000
      vertex 19.0000 21.0000 0.4000
      vertex 18.0000 21.0000 0.4000
    endloop
  endfacet
  facet normal 0 0 0
    outer loop
      vertex 18.0000 20.0000 1.0000
      vertex 19.0000 21.0000 1.0000
      vertex 19.0000 20.0000 1.0000
    endloop
  endfacet
  facet normal 0 0 0
    outer loop
      vertex 18.0000 20.0000 1.0000
      vertex 18.0000 21.0000 1.0000
      vertex 19.0000 21.0000 1.0000
    endloop
  endfacet
  facet normal 0 0 0
    outer loop
      vertex 18.0000 20.0000 0.4000
      vertex 18.0000 20.0000 1.0000
      vertex 19.0000 20.0000 1.0000
    endloop
  endfacet
  facet normal 0 0 0
    outer loop
      vertex 18.0000 20.0000 0.4000
      vertex 19.0000 20.0000 1.0000
      vertex 19.0000 20.0000 0.4000
    endloop
  endfacet
  facet normal 0 0 0
    outer loop
      vertex 19.0000 20.0000 0.4000
      vertex 19.0000 20.0000 1.0000
      vertex 19.0000 21.0000 1.0000
    endloop
  endfacet
  facet normal 0 0 0
    outer loop
      vertex 19.0000 20.0000 0.4000
      vertex 19.0000 21.0000 1.0000
      vertex 19.0000 21.0000 0.4000
    endloop
  endfacet
  facet normal 0 0 0
    outer loop
      vertex 19.0000 21.0000 0.4000
      vertex 19.0000 21.0000 1.0000
      vertex 18.0000 21.0000 1.0000
    endloop
  endfacet
  facet normal 0 0 0
    outer loop
      vertex 19.0000 21.0000 0.4000
      vertex 18.0000 21.0000 1.0000
      vertex 18.0000 21.0000 0.4000
    endloop
  endfacet
  facet normal 0 0 0
    outer loop
      vertex 18.0000 21.0000 0.4000
      vertex 18.0000 21.0000 1.0000
      vertex 18.0000 20.0000 1.0000
    endloop
  endfacet
  facet normal 0 0 0
    outer loop
      vertex 18.0000 21.0000 0.4000
      vertex 18.0000 20.0000 1.0000
      vertex 18.0000 20.0000 0.4000
    endloop
  endfacet
  facet normal 0 0 0
    outer loop
      vertex 20.0000 20.0000 0.4000
      vertex 21.0000 20.0000 0.4000
      vertex 21.0000 21.0000 0.4000
    endloop
  endfacet
  facet normal 0 0 0
    outer loop
      vertex 20.0000 20.0000 0.4000
      vertex 21.0000 21.0000 0.4000
      vertex 20.0000 21.0000 0.4000
    endloop
  endfacet
  facet normal 0 0 0
    outer loop
      vertex 20.0000 20.0000 1.0000
      vertex 21.0000 21.0000 1.0000
      vertex 21.0000 20.0000 1.0000
    endloop
  endfacet
  facet normal 0 0 0
    outer loop
      vertex 20.0000 20.0000 1.0000
      vertex 20.0000 21.0000 1.0000
      vertex 21.0000 21.0000 1.0000
    endloop
  endfacet
  facet normal 0 0 0
    outer loop
      vertex 20.0000 20.0000 0.4000
      vertex 20.0000 20.0000 1.0000
      vertex 21.0000 20.0000 1.0000
    endloop
  endfacet
  facet normal 0 0 0
    outer loop
      vertex 20.0000 20.0000 0.4000
      vertex 21.0000 20.0000 1.0000
      vertex 21.0000 20.0000 0.4000
    endloop
  endfacet
  facet normal 0 0 0
    outer loop
      vertex 21.0000 20.0000 0.4000
      vertex 21.0000 20.0000 1.0000
      vertex 21.0000 21.0000 1.0000
    endloop
  endfacet
  facet normal 0 0 0
    outer loop
      vertex 21.0000 20.0000 0.4000
      vertex 21.0000 21.0000 1.0000
      vertex 21.0000 21.0000 0.4000
    endloop
  endfacet
  facet normal 0 0 0
    outer loop
      vertex 21.0000 21.0000 0.4000
      vertex 21.0000 21.0000 1.0000
      vertex 20.0000 21.0000 1.0000
    endloop
  endfacet
  facet normal 0 0 0
    outer loop
      vertex 21.0000 21.0000 0.4000
      vertex 20.0000 21.0000 1.0000
      vertex 20.0000 21.0000 0.4000
    endloop
  endfacet
  facet normal 0 0 0
    outer loop
      vertex 20.0000 21.0000 0.4000
      vertex 20.0000 21.0000 1.0000
      vertex 20.0000 20.0000 1.0000
    endloop
  endfacet
  facet normal 0 0 0
    outer loop
      vertex 20.0000 21.0000 0.4000
      vertex 20.0000 20.0000 1.0000
      vertex 20.0000 20.0000 0.4000
    endloop
  endfacet
  facet normal 0 0 0
    outer loop
      vertex 21.0000 20.0000 0.4000
      vertex 22.0000 20.0000 0.4000
      vertex 22.0000 21.0000 0.4000
    endloop
  endfacet
  facet normal 0 0 0
    outer loop
      vertex 21.0000 20.0000 0.4000
      vertex 22.0000 21.0000 0.4000
      vertex 21.0000 21.0000 0.4000
    endloop
  endfacet
  facet normal 0 0 0
    outer loop
      vertex 21.0000 20.0000 1.0000
      vertex 22.0000 21.0000 1.0000
      vertex 22.0000 20.0000 1.0000
    endloop
  endfacet
  facet normal 0 0 0
    outer loop
      vertex 21.0000 20.0000 1.0000
      vertex 21.0000 21.0000 1.0000
      vertex 22.0000 21.0000 1.0000
    endloop
  endfacet
  facet normal 0 0 0
    outer loop
      vertex 21.0000 20.0000 0.4000
      vertex 21.0000 20.0000 1.0000
      vertex 22.0000 20.0000 1.0000
    endloop
  endfacet
  facet normal 0 0 0
    outer loop
      vertex 21.0000 20.0000 0.4000
      vertex 22.0000 20.0000 1.0000
      vertex 22.0000 20.0000 0.4000
    endloop
  endfacet
  facet normal 0 0 0
    outer loop
      vertex 22.0000 20.0000 0.4000
      vertex 22.0000 20.0000 1.0000
      vertex 22.0000 21.0000 1.0000
    endloop
  endfacet
  facet normal 0 0 0
    outer loop
      vertex 22.0000 20.0000 0.4000
      vertex 22.0000 21.0000 1.0000
      vertex 22.0000 21.0000 0.4000
    endloop
  endfacet
  facet normal 0 0 0
    outer loop
      vertex 22.0000 21.0000 0.4000
      vertex 22.0000 21.0000 1.0000
      vertex 21.0000 21.0000 1.0000
    endloop
  endfacet
  facet normal 0 0 0
    outer loop
      vertex 22.0000 21.0000 0.4000
      vertex 21.0000 21.0000 1.0000
      vertex 21.0000 21.0000 0.4000
    endloop
  endfacet
  facet normal 0 0 0
    outer loop
      vertex 21.0000 21.0000 0.4000
      vertex 21.0000 21.0000 1.0000
      vertex 21.0000 20.0000 1.0000
    endloop
  endfacet
  facet normal 0 0 0
    outer loop
      vertex 21.0000 21.0000 0.4000
      vertex 21.0000 20.0000 1.0000
      vertex 21.0000 20.0000 0.4000
    endloop
  endfacet
  facet normal 0 0 0
    outer loop
      vertex 22.0000 20.0000 0.4000
      vertex 23.0000 20.0000 0.4000
      vertex 23.0000 21.0000 0.4000
    endloop
  endfacet
  facet normal 0 0 0
    outer loop
      vertex 22.0000 20.0000 0.4000
      vertex 23.0000 21.0000 0.4000
      vertex 22.0000 21.0000 0.4000
    endloop
  endfacet
  facet normal 0 0 0
    outer loop
      vertex 22.0000 20.0000 1.0000
      vertex 23.0000 21.0000 1.0000
      vertex 23.0000 20.0000 1.0000
    endloop
  endfacet
  facet normal 0 0 0
    outer loop
      vertex 22.0000 20.0000 1.0000
      vertex 22.0000 21.0000 1.0000
      vertex 23.0000 21.0000 1.0000
    endloop
  endfacet
  facet normal 0 0 0
    outer loop
      vertex 22.0000 20.0000 0.4000
      vertex 22.0000 20.0000 1.0000
      vertex 23.0000 20.0000 1.0000
    endloop
  endfacet
  facet normal 0 0 0
    outer loop
      vertex 22.0000 20.0000 0.4000
      vertex 23.0000 20.0000 1.0000
      vertex 23.0000 20.0000 0.4000
    endloop
  endfacet
  facet normal 0 0 0
    outer loop
      vertex 23.0000 20.0000 0.4000
      vertex 23.0000 20.0000 1.0000
      vertex 23.0000 21.0000 1.0000
    endloop
  endfacet
  facet normal 0 0 0
    outer loop
      vertex 23.0000 20.0000 0.4000
      vertex 23.0000 21.0000 1.0000
      vertex 23.0000 21.0000 0.4000
    endloop
  endfacet
  facet normal 0 0 0
    outer loop
      vertex 23.0000 21.0000 0.4000
      vertex 23.0000 21.0000 1.0000
      vertex 22.0000 21.0000 1.0000
    endloop
  endfacet
  facet normal 0 0 0
    outer loop
      vertex 23.0000 21.0000 0.4000
      vertex 22.0000 21.0000 1.0000
      vertex 22.0000 21.0000 0.4000
    endloop
  endfacet
  facet normal 0 0 0
    outer loop
      vertex 22.0000 21.0000 0.4000
      vertex 22.0000 21.0000 1.0000
      vertex 22.0000 20.0000 1.0000
    endloop
  endfacet
  facet normal 0 0 0
    outer loop
      vertex 22.0000 21.0000 0.4000
      vertex 22.0000 20.0000 1.0000
      vertex 22.0000 20.0000 0.4000
    endloop
  endfacet
  facet normal 0 0 0
    outer loop
      vertex 24.0000 20.0000 0.4000
      vertex 25.0000 20.0000 0.4000
      vertex 25.0000 21.0000 0.4000
    endloop
  endfacet
  facet normal 0 0 0
    outer loop
      vertex 24.0000 20.0000 0.4000
      vertex 25.0000 21.0000 0.4000
      vertex 24.0000 21.0000 0.4000
    endloop
  endfacet
  facet normal 0 0 0
    outer loop
      vertex 24.0000 20.0000 1.0000
      vertex 25.0000 21.0000 1.0000
      vertex 25.0000 20.0000 1.0000
    endloop
  endfacet
  facet normal 0 0 0
    outer loop
      vertex 24.0000 20.0000 1.0000
      vertex 24.0000 21.0000 1.0000
      vertex 25.0000 21.0000 1.0000
    endloop
  endfacet
  facet normal 0 0 0
    outer loop
      vertex 24.0000 20.0000 0.4000
      vertex 24.0000 20.0000 1.0000
      vertex 25.0000 20.0000 1.0000
    endloop
  endfacet
  facet normal 0 0 0
    outer loop
      vertex 24.0000 20.0000 0.4000
      vertex 25.0000 20.0000 1.0000
      vertex 25.0000 20.0000 0.4000
    endloop
  endfacet
  facet normal 0 0 0
    outer loop
      vertex 25.0000 20.0000 0.4000
      vertex 25.0000 20.0000 1.0000
      vertex 25.0000 21.0000 1.0000
    endloop
  endfacet
  facet normal 0 0 0
    outer loop
      vertex 25.0000 20.0000 0.4000
      vertex 25.0000 21.0000 1.0000
      vertex 25.0000 21.0000 0.4000
    endloop
  endfacet
  facet normal 0 0 0
    outer loop
      vertex 25.0000 21.0000 0.4000
      vertex 25.0000 21.0000 1.0000
      vertex 24.0000 21.0000 1.0000
    endloop
  endfacet
  facet normal 0 0 0
    outer loop
      vertex 25.0000 21.0000 0.4000
      vertex 24.0000 21.0000 1.0000
      vertex 24.0000 21.0000 0.4000
    endloop
  endfacet
  facet normal 0 0 0
    outer loop
      vertex 24.0000 21.0000 0.4000
      vertex 24.0000 21.0000 1.0000
      vertex 24.0000 20.0000 1.0000
    endloop
  endfacet
  facet normal 0 0 0
    outer loop
      vertex 24.0000 21.0000 0.4000
      vertex 24.0000 20.0000 1.0000
      vertex 24.0000 20.0000 0.4000
    endloop
  endfacet
  facet normal 0 0 0
    outer loop
      vertex 4.0000 19.0000 0.4000
      vertex 5.0000 19.0000 0.4000
      vertex 5.0000 20.0000 0.4000
    endloop
  endfacet
  facet normal 0 0 0
    outer loop
      vertex 4.0000 19.0000 0.4000
      vertex 5.0000 20.0000 0.4000
      vertex 4.0000 20.0000 0.4000
    endloop
  endfacet
  facet normal 0 0 0
    outer loop
      vertex 4.0000 19.0000 1.0000
      vertex 5.0000 20.0000 1.0000
      vertex 5.0000 19.0000 1.0000
    endloop
  endfacet
  facet normal 0 0 0
    outer loop
      vertex 4.0000 19.0000 1.0000
      vertex 4.0000 20.0000 1.0000
      vertex 5.0000 20.0000 1.0000
    endloop
  endfacet
  facet normal 0 0 0
    outer loop
      vertex 4.0000 19.0000 0.4000
      vertex 4.0000 19.0000 1.0000
      vertex 5.0000 19.0000 1.0000
    endloop
  endfacet
  facet normal 0 0 0
    outer loop
      vertex 4.0000 19.0000 0.4000
      vertex 5.0000 19.0000 1.0000
      vertex 5.0000 19.0000 0.4000
    endloop
  endfacet
  facet normal 0 0 0
    outer loop
      vertex 5.0000 19.0000 0.4000
      vertex 5.0000 19.0000 1.0000
      vertex 5.0000 20.0000 1.0000
    endloop
  endfacet
  facet normal 0 0 0
    outer loop
      vertex 5.0000 19.0000 0.4000
      vertex 5.0000 20.0000 1.0000
      vertex 5.0000 20.0000 0.4000
    endloop
  endfacet
  facet normal 0 0 0
    outer loop
      vertex 5.0000 20.0000 0.4000
      vertex 5.0000 20.0000 1.0000
      vertex 4.0000 20.0000 1.0000
    endloop
  endfacet
  facet normal 0 0 0
    outer loop
      vertex 5.0000 20.0000 0.4000
      vertex 4.0000 20.0000 1.0000
      vertex 4.0000 20.0000 0.4000
    endloop
  endfacet
  facet normal 0 0 0
    outer loop
      vertex 4.0000 20.0000 0.4000
      vertex 4.0000 20.0000 1.0000
      vertex 4.0000 19.0000 1.0000
    endloop
  endfacet
  facet normal 0 0 0
    outer loop
      vertex 4.0000 20.0000 0.4000
      vertex 4.0000 19.0000 1.0000
      vertex 4.0000 19.0000 0.4000
    endloop
  endfacet
  facet normal 0 0 0
    outer loop
      vertex 10.0000 19.0000 0.4000
      vertex 11.0000 19.0000 0.4000
      vertex 11.0000 20.0000 0.4000
    endloop
  endfacet
  facet normal 0 0 0
    outer loop
      vertex 10.0000 19.0000 0.4000
      vertex 11.0000 20.0000 0.4000
      vertex 10.0000 20.0000 0.4000
    endloop
  endfacet
  facet normal 0 0 0
    outer loop
      vertex 10.0000 19.0000 1.0000
      vertex 11.0000 20.0000 1.0000
      vertex 11.0000 19.0000 1.0000
    endloop
  endfacet
  facet normal 0 0 0
    outer loop
      vertex 10.0000 19.0000 1.0000
      vertex 10.0000 20.0000 1.0000
      vertex 11.0000 20.0000 1.0000
    endloop
  endfacet
  facet normal 0 0 0
    outer loop
      vertex 10.0000 19.0000 0.4000
      vertex 10.0000 19.0000 1.0000
      vertex 11.0000 19.0000 1.0000
    endloop
  endfacet
  facet normal 0 0 0
    outer loop
      vertex 10.0000 19.0000 0.4000
      vertex 11.0000 19.0000 1.0000
      vertex 11.0000 19.0000 0.4000
    endloop
  endfacet
  facet normal 0 0 0
    outer loop
      vertex 11.0000 19.0000 0.4000
      vertex 11.0000 19.0000 1.0000
      vertex 11.0000 20.0000 1.0000
    endloop
  endfacet
  facet normal 0 0 0
    outer loop
      vertex 11.0000 19.0000 0.4000
      vertex 11.0000 20.0000 1.0000
      vertex 11.0000 20.0000 0.4000
    endloop
  endfacet
  facet normal 0 0 0
    outer loop
      vertex 11.0000 20.0000 0.4000
      vertex 11.0000 20.0000 1.0000
      vertex 10.0000 20.0000 1.0000
    endloop
  endfacet
  facet normal 0 0 0
    outer loop
      vertex 11.0000 20.0000 0.4000
      vertex 10.0000 20.0000 1.0000
      vertex 10.0000 20.0000 0.4000
    endloop
  endfacet
  facet normal 0 0 0
    outer loop
      vertex 10.0000 20.0000 0.4000
      vertex 10.0000 20.0000 1.0000
      vertex 10.0000 19.0000 1.0000
    endloop
  endfacet
  facet normal 0 0 0
    outer loop
      vertex 10.0000 20.0000 0.4000
      vertex 10.0000 19.0000 1.0000
      vertex 10.0000 19.0000 0.4000
    endloop
  endfacet
  facet normal 0 0 0
    outer loop
      vertex 12.0000 19.0000 0.4000
      vertex 13.0000 19.0000 0.4000
      vertex 13.0000 20.0000 0.4000
    endloop
  endfacet
  facet normal 0 0 0
    outer loop
      vertex 12.0000 19.0000 0.4000
      vertex 13.0000 20.0000 0.4000
      vertex 12.0000 20.0000 0.4000
    endloop
  endfacet
  facet normal 0 0 0
    outer loop
      vertex 12.0000 19.0000 1.0000
      vertex 13.0000 20.0000 1.0000
      vertex 13.0000 19.0000 1.0000
    endloop
  endfacet
  facet normal 0 0 0
    outer loop
      vertex 12.0000 19.0000 1.0000
      vertex 12.0000 20.0000 1.0000
      vertex 13.0000 20.0000 1.0000
    endloop
  endfacet
  facet normal 0 0 0
    outer loop
      vertex 12.0000 19.0000 0.4000
      vertex 12.0000 19.0000 1.0000
      vertex 13.0000 19.0000 1.0000
    endloop
  endfacet
  facet normal 0 0 0
    outer loop
      vertex 12.0000 19.0000 0.4000
      vertex 13.0000 19.0000 1.0000
      vertex 13.0000 19.0000 0.4000
    endloop
  endfacet
  facet normal 0 0 0
    outer loop
      vertex 13.0000 19.0000 0.4000
      vertex 13.0000 19.0000 1.0000
      vertex 13.0000 20.0000 1.0000
    endloop
  endfacet
  facet normal 0 0 0
    outer loop
      vertex 13.0000 19.0000 0.4000
      vertex 13.0000 20.0000 1.0000
      vertex 13.0000 20.0000 0.4000
    endloop
  endfacet
  facet normal 0 0 0
    outer loop
      vertex 13.0000 20.0000 0.4000
      vertex 13.0000 20.0000 1.0000
      vertex 12.0000 20.0000 1.0000
    endloop
  endfacet
  facet normal 0 0 0
    outer loop
      vertex 13.0000 20.0000 0.4000
      vertex 12.0000 20.0000 1.0000
      vertex 12.0000 20.0000 0.4000
    endloop
  endfacet
  facet normal 0 0 0
    outer loop
      vertex 12.0000 20.0000 0.4000
      vertex 12.0000 20.0000 1.0000
      vertex 12.0000 19.0000 1.0000
    endloop
  endfacet
  facet normal 0 0 0
    outer loop
      vertex 12.0000 20.0000 0.4000
      vertex 12.0000 19.0000 1.0000
      vertex 12.0000 19.0000 0.4000
    endloop
  endfacet
  facet normal 0 0 0
    outer loop
      vertex 13.0000 19.0000 0.4000
      vertex 14.0000 19.0000 0.4000
      vertex 14.0000 20.0000 0.4000
    endloop
  endfacet
  facet normal 0 0 0
    outer loop
      vertex 13.0000 19.0000 0.4000
      vertex 14.0000 20.0000 0.4000
      vertex 13.0000 20.0000 0.4000
    endloop
  endfacet
  facet normal 0 0 0
    outer loop
      vertex 13.0000 19.0000 1.0000
      vertex 14.0000 20.0000 1.0000
      vertex 14.0000 19.0000 1.0000
    endloop
  endfacet
  facet normal 0 0 0
    outer loop
      vertex 13.0000 19.0000 1.0000
      vertex 13.0000 20.0000 1.0000
      vertex 14.0000 20.0000 1.0000
    endloop
  endfacet
  facet normal 0 0 0
    outer loop
      vertex 13.0000 19.0000 0.4000
      vertex 13.0000 19.0000 1.0000
      vertex 14.0000 19.0000 1.0000
    endloop
  endfacet
  facet normal 0 0 0
    outer loop
      vertex 13.0000 19.0000 0.4000
      vertex 14.0000 19.0000 1.0000
      vertex 14.0000 19.0000 0.4000
    endloop
  endfacet
  facet normal 0 0 0
    outer loop
      vertex 14.0000 19.0000 0.4000
      vertex 14.0000 19.0000 1.0000
      vertex 14.0000 20.0000 1.0000
    endloop
  endfacet
  facet normal 0 0 0
    outer loop
      vertex 14.0000 19.0000 0.4000
      vertex 14.0000 20.0000 1.0000
      vertex 14.0000 20.0000 0.4000
    endloop
  endfacet
  facet normal 0 0 0
    outer loop
      vertex 14.0000 20.0000 0.4000
      vertex 14.0000 20.0000 1.0000
      vertex 13.0000 20.0000 1.0000
    endloop
  endfacet
  facet normal 0 0 0
    outer loop
      vertex 14.0000 20.0000 0.4000
      vertex 13.0000 20.0000 1.0000
      vertex 13.0000 20.0000 0.4000
    endloop
  endfacet
  facet normal 0 0 0
    outer loop
      vertex 13.0000 20.0000 0.4000
      vertex 13.0000 20.0000 1.0000
      vertex 13.0000 19.0000 1.0000
    endloop
  endfacet
  facet normal 0 0 0
    outer loop
      vertex 13.0000 20.0000 0.4000
      vertex 13.0000 19.0000 1.0000
      vertex 13.0000 19.0000 0.4000
    endloop
  endfacet
  facet normal 0 0 0
    outer loop
      vertex 14.0000 19.0000 0.4000
      vertex 15.0000 19.0000 0.4000
      vertex 15.0000 20.0000 0.4000
    endloop
  endfacet
  facet normal 0 0 0
    outer loop
      vertex 14.0000 19.0000 0.4000
      vertex 15.0000 20.0000 0.4000
      vertex 14.0000 20.0000 0.4000
    endloop
  endfacet
  facet normal 0 0 0
    outer loop
      vertex 14.0000 19.0000 1.0000
      vertex 15.0000 20.0000 1.0000
      vertex 15.0000 19.0000 1.0000
    endloop
  endfacet
  facet normal 0 0 0
    outer loop
      vertex 14.0000 19.0000 1.0000
      vertex 14.0000 20.0000 1.0000
      vertex 15.0000 20.0000 1.0000
    endloop
  endfacet
  facet normal 0 0 0
    outer loop
      vertex 14.0000 19.0000 0.4000
      vertex 14.0000 19.0000 1.0000
      vertex 15.0000 19.0000 1.0000
    endloop
  endfacet
  facet normal 0 0 0
    outer loop
      vertex 14.0000 19.0000 0.4000
      vertex 15.0000 19.0000 1.0000
      vertex 15.0000 19.0000 0.4000
    endloop
  endfacet
  facet normal 0 0 0
    outer loop
      vertex 15.0000 19.0000 0.4000
      vertex 15.0000 19.0000 1.0000
      vertex 15.0000 20.0000 1.0000
    endloop
  endfacet
  facet normal 0 0 0
    outer loop
      vertex 15.0000 19.0000 0.4000
      vertex 15.0000 20.0000 1.0000
      vertex 15.0000 20.0000 0.4000
    endloop
  endfacet
  facet normal 0 0 0
    outer loop
      vertex 15.0000 20.0000 0.4000
      vertex 15.0000 20.0000 1.0000
      vertex 14.0000 20.0000 1.0000
    endloop
  endfacet
  facet normal 0 0 0
    outer loop
      vertex 15.0000 20.0000 0.4000
      vertex 14.0000 20.0000 1.0000
      vertex 14.0000 20.0000 0.4000
    endloop
  endfacet
  facet normal 0 0 0
    outer loop
      vertex 14.0000 20.0000 0.4000
      vertex 14.0000 20.0000 1.0000
      vertex 14.0000 19.0000 1.0000
    endloop
  endfacet
  facet normal 0 0 0
    outer loop
      vertex 14.0000 20.0000 0.4000
      vertex 14.0000 19.0000 1.0000
      vertex 14.0000 19.0000 0.4000
    endloop
  endfacet
  facet normal 0 0 0
    outer loop
      vertex 18.0000 19.0000 0.4000
      vertex 19.0000 19.0000 0.4000
      vertex 19.0000 20.0000 0.4000
    endloop
  endfacet
  facet normal 0 0 0
    outer loop
      vertex 18.0000 19.0000 0.4000
      vertex 19.0000 20.0000 0.4000
      vertex 18.0000 20.0000 0.4000
    endloop
  endfacet
  facet normal 0 0 0
    outer loop
      vertex 18.0000 19.0000 1.0000
      vertex 19.0000 20.0000 1.0000
      vertex 19.0000 19.0000 1.0000
    endloop
  endfacet
  facet normal 0 0 0
    outer loop
      vertex 18.0000 19.0000 1.0000
      vertex 18.0000 20.0000 1.0000
      vertex 19.0000 20.0000 1.0000
    endloop
  endfacet
  facet normal 0 0 0
    outer loop
      vertex 18.0000 19.0000 0.4000
      vertex 18.0000 19.0000 1.0000
      vertex 19.0000 19.0000 1.0000
    endloop
  endfacet
  facet normal 0 0 0
    outer loop
      vertex 18.0000 19.0000 0.4000
      vertex 19.0000 19.0000 1.0000
      vertex 19.0000 19.0000 0.4000
    endloop
  endfacet
  facet normal 0 0 0
    outer loop
      vertex 19.0000 19.0000 0.4000
      vertex 19.0000 19.0000 1.0000
      vertex 19.0000 20.0000 1.0000
    endloop
  endfacet
  facet normal 0 0 0
    outer loop
      vertex 19.0000 19.0000 0.4000
      vertex 19.0000 20.0000 1.0000
      vertex 19.0000 20.0000 0.4000
    endloop
  endfacet
  facet normal 0 0 0
    outer loop
      vertex 19.0000 20.0000 0.4000
      vertex 19.0000 20.0000 1.0000
      vertex 18.0000 20.0000 1.0000
    endloop
  endfacet
  facet normal 0 0 0
    outer loop
      vertex 19.0000 20.0000 0.4000
      vertex 18.0000 20.0000 1.0000
      vertex 18.0000 20.0000 0.4000
    endloop
  endfacet
  facet normal 0 0 0
    outer loop
      vertex 18.0000 20.0000 0.4000
      vertex 18.0000 20.0000 1.0000
      vertex 18.0000 19.0000 1.0000
    endloop
  endfacet
  facet normal 0 0 0
    outer loop
      vertex 18.0000 20.0000 0.4000
      vertex 18.0000 19.0000 1.0000
      vertex 18.0000 19.0000 0.4000
    endloop
  endfacet
  facet normal 0 0 0
    outer loop
      vertex 24.0000 19.0000 0.4000
      vertex 25.0000 19.0000 0.4000
      vertex 25.0000 20.0000 0.4000
    endloop
  endfacet
  facet normal 0 0 0
    outer loop
      vertex 24.0000 19.0000 0.4000
      vertex 25.0000 20.0000 0.4000
      vertex 24.0000 20.0000 0.4000
    endloop
  endfacet
  facet normal 0 0 0
    outer loop
      vertex 24.0000 19.0000 1.0000
      vertex 25.0000 20.0000 1.0000
      vertex 25.0000 19.0000 1.0000
    endloop
  endfacet
  facet normal 0 0 0
    outer loop
      vertex 24.0000 19.0000 1.0000
      vertex 24.0000 20.0000 1.0000
      vertex 25.0000 20.0000 1.0000
    endloop
  endfacet
  facet normal 0 0 0
    outer loop
      vertex 24.0000 19.0000 0.4000
      vertex 24.0000 19.0000 1.0000
      vertex 25.0000 19.0000 1.0000
    endloop
  endfacet
  facet normal 0 0 0
    outer loop
      vertex 24.0000 19.0000 0.4000
      vertex 25.0000 19.0000 1.0000
      vertex 25.0000 19.0000 0.4000
    endloop
  endfacet
  facet normal 0 0 0
    outer loop
      vertex 25.0000 19.0000 0.4000
      vertex 25.0000 19.0000 1.0000
      vertex 25.0000 20.0000 1.0000
    endloop
  endfacet
  facet normal 0 0 0
    outer loop
      vertex 25.0000 19.0000 0.4000
      vertex 25.0000 20.0000 1.0000
      vertex 25.0000 20.0000 0.4000
    endloop
  endfacet
  facet normal 0 0 0
    outer loop
      vertex 25.0000 20.0000 0.4000
      vertex 25.0000 20.0000 1.0000
      vertex 24.0000 20.0000 1.0000
    endloop
  endfacet
  facet normal 0 0 0
    outer loop
      vertex 25.0000 20.0000 0.4000
      vertex 24.0000 20.0000 1.0000
      vertex 24.0000 20.0000 0.4000
    endloop
  endfacet
  facet normal 0 0 0
    outer loop
      vertex 24.0000 20.0000 0.4000
      vertex 24.0000 20.0000 1.0000
      vertex 24.0000 19.0000 1.0000
    endloop
  endfacet
  facet normal 0 0 0
    outer loop
      vertex 24.0000 20.0000 0.4000
      vertex 24.0000 19.0000 1.0000
      vertex 24.0000 19.0000 0.4000
    endloop
  endfacet
  facet normal 0 0 0
    outer loop
      vertex 4.0000 18.0000 0.4000
      vertex 5.0000 18.0000 0.4000
      vertex 5.0000 19.0000 0.4000
    endloop
  endfacet
  facet normal 0 0 0
    outer loop
      vertex 4.0000 18.0000 0.4000
      vertex 5.0000 19.0000 0.4000
      vertex 4.0000 19.0000 0.4000
    endloop
  endfacet
  facet normal 0 0 0
    outer loop
      vertex 4.0000 18.0000 1.0000
      vertex 5.0000 19.0000 1.0000
      vertex 5.0000 18.0000 1.0000
    endloop
  endfacet
  facet normal 0 0 0
    outer loop
      vertex 4.0000 18.0000 1.0000
      vertex 4.0000 19.0000 1.0000
      vertex 5.0000 19.0000 1.0000
    endloop
  endfacet
  facet normal 0 0 0
    outer loop
      vertex 4.0000 18.0000 0.4000
      vertex 4.0000 18.0000 1.0000
      vertex 5.0000 18.0000 1.0000
    endloop
  endfacet
  facet normal 0 0 0
    outer loop
      vertex 4.0000 18.0000 0.4000
      vertex 5.0000 18.0000 1.0000
      vertex 5.0000 18.0000 0.4000
    endloop
  endfacet
  facet normal 0 0 0
    outer loop
      vertex 5.0000 18.0000 0.4000
      vertex 5.0000 18.0000 1.0000
      vertex 5.0000 19.0000 1.0000
    endloop
  endfacet
  facet normal 0 0 0
    outer loop
      vertex 5.0000 18.0000 0.4000
      vertex 5.0000 19.0000 1.0000
      vertex 5.0000 19.0000 0.4000
    endloop
  endfacet
  facet normal 0 0 0
    outer loop
      vertex 5.0000 19.0000 0.4000
      vertex 5.0000 19.0000 1.0000
      vertex 4.0000 19.0000 1.0000
    endloop
  endfacet
  facet normal 0 0 0
    outer loop
      vertex 5.0000 19.0000 0.4000
      vertex 4.0000 19.0000 1.0000
      vertex 4.0000 19.0000 0.4000
    endloop
  endfacet
  facet normal 0 0 0
    outer loop
      vertex 4.0000 19.0000 0.4000
      vertex 4.0000 19.0000 1.0000
      vertex 4.0000 18.0000 1.0000
    endloop
  endfacet
  facet normal 0 0 0
    outer loop
      vertex 4.0000 19.0000 0.4000
      vertex 4.0000 18.0000 1.0000
      vertex 4.0000 18.0000 0.4000
    endloop
  endfacet
  facet normal 0 0 0
    outer loop
      vertex 5.0000 18.0000 0.4000
      vertex 6.0000 18.0000 0.4000
      vertex 6.0000 19.0000 0.4000
    endloop
  endfacet
  facet normal 0 0 0
    outer loop
      vertex 5.0000 18.0000 0.4000
      vertex 6.0000 19.0000 0.4000
      vertex 5.0000 19.0000 0.4000
    endloop
  endfacet
  facet normal 0 0 0
    outer loop
      vertex 5.0000 18.0000 1.0000
      vertex 6.0000 19.0000 1.0000
      vertex 6.0000 18.0000 1.0000
    endloop
  endfacet
  facet normal 0 0 0
    outer loop
      vertex 5.0000 18.0000 1.0000
      vertex 5.0000 19.0000 1.0000
      vertex 6.0000 19.0000 1.0000
    endloop
  endfacet
  facet normal 0 0 0
    outer loop
      vertex 5.0000 18.0000 0.4000
      vertex 5.0000 18.0000 1.0000
      vertex 6.0000 18.0000 1.0000
    endloop
  endfacet
  facet normal 0 0 0
    outer loop
      vertex 5.0000 18.0000 0.4000
      vertex 6.0000 18.0000 1.0000
      vertex 6.0000 18.0000 0.4000
    endloop
  endfacet
  facet normal 0 0 0
    outer loop
      vertex 6.0000 18.0000 0.4000
      vertex 6.0000 18.0000 1.0000
      vertex 6.0000 19.0000 1.0000
    endloop
  endfacet
  facet normal 0 0 0
    outer loop
      vertex 6.0000 18.0000 0.4000
      vertex 6.0000 19.0000 1.0000
      vertex 6.0000 19.0000 0.4000
    endloop
  endfacet
  facet normal 0 0 0
    outer loop
      vertex 6.0000 19.0000 0.4000
      vertex 6.0000 19.0000 1.0000
      vertex 5.0000 19.0000 1.0000
    endloop
  endfacet
  facet normal 0 0 0
    outer loop
      vertex 6.0000 19.0000 0.4000
      vertex 5.0000 19.0000 1.0000
      vertex 5.0000 19.0000 0.4000
    endloop
  endfacet
  facet normal 0 0 0
    outer loop
      vertex 5.0000 19.0000 0.4000
      vertex 5.0000 19.0000 1.0000
      vertex 5.0000 18.0000 1.0000
    endloop
  endfacet
  facet normal 0 0 0
    outer loop
      vertex 5.0000 19.0000 0.4000
      vertex 5.0000 18.0000 1.0000
      vertex 5.0000 18.0000 0.4000
    endloop
  endfacet
  facet normal 0 0 0
    outer loop
      vertex 6.0000 18.0000 0.4000
      vertex 7.0000 18.0000 0.4000
      vertex 7.0000 19.0000 0.4000
    endloop
  endfacet
  facet normal 0 0 0
    outer loop
      vertex 6.0000 18.0000 0.4000
      vertex 7.0000 19.0000 0.4000
      vertex 6.0000 19.0000 0.4000
    endloop
  endfacet
  facet normal 0 0 0
    outer loop
      vertex 6.0000 18.0000 1.0000
      vertex 7.0000 19.0000 1.0000
      vertex 7.0000 18.0000 1.0000
    endloop
  endfacet
  facet normal 0 0 0
    outer loop
      vertex 6.0000 18.0000 1.0000
      vertex 6.0000 19.0000 1.0000
      vertex 7.0000 19.0000 1.0000
    endloop
  endfacet
  facet normal 0 0 0
    outer loop
      vertex 6.0000 18.0000 0.4000
      vertex 6.0000 18.0000 1.0000
      vertex 7.0000 18.0000 1.0000
    endloop
  endfacet
  facet normal 0 0 0
    outer loop
      vertex 6.0000 18.0000 0.4000
      vertex 7.0000 18.0000 1.0000
      vertex 7.0000 18.0000 0.4000
    endloop
  endfacet
  facet normal 0 0 0
    outer loop
      vertex 7.0000 18.0000 0.4000
      vertex 7.0000 18.0000 1.0000
      vertex 7.0000 19.0000 1.0000
    endloop
  endfacet
  facet normal 0 0 0
    outer loop
      vertex 7.0000 18.0000 0.4000
      vertex 7.0000 19.0000 1.0000
      vertex 7.0000 19.0000 0.4000
    endloop
  endfacet
  facet normal 0 0 0
    outer loop
      vertex 7.0000 19.0000 0.4000
      vertex 7.0000 19.0000 1.0000
      vertex 6.0000 19.0000 1.0000
    endloop
  endfacet
  facet normal 0 0 0
    outer loop
      vertex 7.0000 19.0000 0.4000
      vertex 6.0000 19.0000 1.0000
      vertex 6.0000 19.0000 0.4000
    endloop
  endfacet
  facet normal 0 0 0
    outer loop
      vertex 6.0000 19.0000 0.4000
      vertex 6.0000 19.0000 1.0000
      vertex 6.0000 18.0000 1.0000
    endloop
  endfacet
  facet normal 0 0 0
    outer loop
      vertex 6.0000 19.0000 0.4000
      vertex 6.0000 18.0000 1.0000
      vertex 6.0000 18.0000 0.4000
    endloop
  endfacet
  facet normal 0 0 0
    outer loop
      vertex 7.0000 18.0000 0.4000
      vertex 8.0000 18.0000 0.4000
      vertex 8.0000 19.0000 0.4000
    endloop
  endfacet
  facet normal 0 0 0
    outer loop
      vertex 7.0000 18.0000 0.4000
      vertex 8.0000 19.0000 0.4000
      vertex 7.0000 19.0000 0.4000
    endloop
  endfacet
  facet normal 0 0 0
    outer loop
      vertex 7.0000 18.0000 1.0000
      vertex 8.0000 19.0000 1.0000
      vertex 8.0000 18.0000 1.0000
    endloop
  endfacet
  facet normal 0 0 0
    outer loop
      vertex 7.0000 18.0000 1.0000
      vertex 7.0000 19.0000 1.0000
      vertex 8.0000 19.0000 1.0000
    endloop
  endfacet
  facet normal 0 0 0
    outer loop
      vertex 7.0000 18.0000 0.4000
      vertex 7.0000 18.0000 1.0000
      vertex 8.0000 18.0000 1.0000
    endloop
  endfacet
  facet normal 0 0 0
    outer loop
      vertex 7.0000 18.0000 0.4000
      vertex 8.0000 18.0000 1.0000
      vertex 8.0000 18.0000 0.4000
    endloop
  endfacet
  facet normal 0 0 0
    outer loop
      vertex 8.0000 18.0000 0.4000
      vertex 8.0000 18.0000 1.0000
      vertex 8.0000 19.0000 1.0000
    endloop
  endfacet
  facet normal 0 0 0
    outer loop
      vertex 8.0000 18.0000 0.4000
      vertex 8.0000 19.0000 1.0000
      vertex 8.0000 19.0000 0.4000
    endloop
  endfacet
  facet normal 0 0 0
    outer loop
      vertex 8.0000 19.0000 0.4000
      vertex 8.0000 19.0000 1.0000
      vertex 7.0000 19.0000 1.0000
    endloop
  endfacet
  facet normal 0 0 0
    outer loop
      vertex 8.0000 19.0000 0.4000
      vertex 7.0000 19.0000 1.0000
      vertex 7.0000 19.0000 0.4000
    endloop
  endfacet
  facet normal 0 0 0
    outer loop
      vertex 7.0000 19.0000 0.4000
      vertex 7.0000 19.0000 1.0000
      vertex 7.0000 18.0000 1.0000
    endloop
  endfacet
  facet normal 0 0 0
    outer loop
      vertex 7.0000 19.0000 0.4000
      vertex 7.0000 18.0000 1.0000
      vertex 7.0000 18.0000 0.4000
    endloop
  endfacet
  facet normal 0 0 0
    outer loop
      vertex 8.0000 18.0000 0.4000
      vertex 9.0000 18.0000 0.4000
      vertex 9.0000 19.0000 0.4000
    endloop
  endfacet
  facet normal 0 0 0
    outer loop
      vertex 8.0000 18.0000 0.4000
      vertex 9.0000 19.0000 0.4000
      vertex 8.0000 19.0000 0.4000
    endloop
  endfacet
  facet normal 0 0 0
    outer loop
      vertex 8.0000 18.0000 1.0000
      vertex 9.0000 19.0000 1.0000
      vertex 9.0000 18.0000 1.0000
    endloop
  endfacet
  facet normal 0 0 0
    outer loop
      vertex 8.0000 18.0000 1.0000
      vertex 8.0000 19.0000 1.0000
      vertex 9.0000 19.0000 1.0000
    endloop
  endfacet
  facet normal 0 0 0
    outer loop
      vertex 8.0000 18.0000 0.4000
      vertex 8.0000 18.0000 1.0000
      vertex 9.0000 18.0000 1.0000
    endloop
  endfacet
  facet normal 0 0 0
    outer loop
      vertex 8.0000 18.0000 0.4000
      vertex 9.0000 18.0000 1.0000
      vertex 9.0000 18.0000 0.4000
    endloop
  endfacet
  facet normal 0 0 0
    outer loop
      vertex 9.0000 18.0000 0.4000
      vertex 9.0000 18.0000 1.0000
      vertex 9.0000 19.0000 1.0000
    endloop
  endfacet
  facet normal 0 0 0
    outer loop
      vertex 9.0000 18.0000 0.4000
      vertex 9.0000 19.0000 1.0000
      vertex 9.0000 19.0000 0.4000
    endloop
  endfacet
  facet normal 0 0 0
    outer loop
      vertex 9.0000 19.0000 0.4000
      vertex 9.0000 19.0000 1.0000
      vertex 8.0000 19.0000 1.0000
    endloop
  endfacet
  facet normal 0 0 0
    outer loop
      vertex 9.0000 19.0000 0.4000
      vertex 8.0000 19.0000 1.0000
      vertex 8.0000 19.0000 0.4000
    endloop
  endfacet
  facet normal 0 0 0
    outer loop
      vertex 8.0000 19.0000 0.4000
      vertex 8.0000 19.0000 1.0000
      vertex 8.0000 18.0000 1.0000
    endloop
  endfacet
  facet normal 0 0 0
    outer loop
      vertex 8.0000 19.0000 0.4000
      vertex 8.0000 18.0000 1.0000
      vertex 8.0000 18.0000 0.4000
    endloop
  endfacet
  facet normal 0 0 0
    outer loop
      vertex 9.0000 18.0000 0.4000
      vertex 10.0000 18.0000 0.4000
      vertex 10.0000 19.0000 0.4000
    endloop
  endfacet
  facet normal 0 0 0
    outer loop
      vertex 9.0000 18.0000 0.4000
      vertex 10.0000 19.0000 0.4000
      vertex 9.0000 19.0000 0.4000
    endloop
  endfacet
  facet normal 0 0 0
    outer loop
      vertex 9.0000 18.0000 1.0000
      vertex 10.0000 19.0000 1.0000
      vertex 10.0000 18.0000 1.0000
    endloop
  endfacet
  facet normal 0 0 0
    outer loop
      vertex 9.0000 18.0000 1.0000
      vertex 9.0000 19.0000 1.0000
      vertex 10.0000 19.0000 1.0000
    endloop
  endfacet
  facet normal 0 0 0
    outer loop
      vertex 9.0000 18.0000 0.4000
      vertex 9.0000 18.0000 1.0000
      vertex 10.0000 18.0000 1.0000
    endloop
  endfacet
  facet normal 0 0 0
    outer loop
      vertex 9.0000 18.0000 0.4000
      vertex 10.0000 18.0000 1.0000
      vertex 10.0000 18.0000 0.4000
    endloop
  endfacet
  facet normal 0 0 0
    outer loop
      vertex 10.0000 18.0000 0.4000
      vertex 10.0000 18.0000 1.0000
      vertex 10.0000 19.0000 1.0000
    endloop
  endfacet
  facet normal 0 0 0
    outer loop
      vertex 10.0000 18.0000 0.4000
      vertex 10.0000 19.0000 1.0000
      vertex 10.0000 19.0000 0.4000
    endloop
  endfacet
  facet normal 0 0 0
    outer loop
      vertex 10.0000 19.0000 0.4000
      vertex 10.0000 19.0000 1.0000
      vertex 9.0000 19.0000 1.0000
    endloop
  endfacet
  facet normal 0 0 0
    outer loop
      vertex 10.0000 19.0000 0.4000
      vertex 9.0000 19.0000 1.0000
      vertex 9.0000 19.0000 0.4000
    endloop
  endfacet
  facet normal 0 0 0
    outer loop
      vertex 9.0000 19.0000 0.4000
      vertex 9.0000 19.0000 1.0000
      vertex 9.0000 18.0000 1.0000
    endloop
  endfacet
  facet normal 0 0 0
    outer loop
      vertex 9.0000 19.0000 0.4000
      vertex 9.0000 18.0000 1.0000
      vertex 9.0000 18.0000 0.4000
    endloop
  endfacet
  facet normal 0 0 0
    outer loop
      vertex 10.0000 18.0000 0.4000
      vertex 11.0000 18.0000 0.4000
      vertex 11.0000 19.0000 0.4000
    endloop
  endfacet
  facet normal 0 0 0
    outer loop
      vertex 10.0000 18.0000 0.4000
      vertex 11.0000 19.0000 0.4000
      vertex 10.0000 19.0000 0.4000
    endloop
  endfacet
  facet normal 0 0 0
    outer loop
      vertex 10.0000 18.0000 1.0000
      vertex 11.0000 19.0000 1.0000
      vertex 11.0000 18.0000 1.0000
    endloop
  endfacet
  facet normal 0 0 0
    outer loop
      vertex 10.0000 18.0000 1.0000
      vertex 10.0000 19.0000 1.0000
      vertex 11.0000 19.0000 1.0000
    endloop
  endfacet
  facet normal 0 0 0
    outer loop
      vertex 10.0000 18.0000 0.4000
      vertex 10.0000 18.0000 1.0000
      vertex 11.0000 18.0000 1.0000
    endloop
  endfacet
  facet normal 0 0 0
    outer loop
      vertex 10.0000 18.0000 0.4000
      vertex 11.0000 18.0000 1.0000
      vertex 11.0000 18.0000 0.4000
    endloop
  endfacet
  facet normal 0 0 0
    outer loop
      vertex 11.0000 18.0000 0.4000
      vertex 11.0000 18.0000 1.0000
      vertex 11.0000 19.0000 1.0000
    endloop
  endfacet
  facet normal 0 0 0
    outer loop
      vertex 11.0000 18.0000 0.4000
      vertex 11.0000 19.0000 1.0000
      vertex 11.0000 19.0000 0.4000
    endloop
  endfacet
  facet normal 0 0 0
    outer loop
      vertex 11.0000 19.0000 0.4000
      vertex 11.0000 19.0000 1.0000
      vertex 10.0000 19.0000 1.0000
    endloop
  endfacet
  facet normal 0 0 0
    outer loop
      vertex 11.0000 19.0000 0.4000
      vertex 10.0000 19.0000 1.0000
      vertex 10.0000 19.0000 0.4000
    endloop
  endfacet
  facet normal 0 0 0
    outer loop
      vertex 10.0000 19.0000 0.4000
      vertex 10.0000 19.0000 1.0000
      vertex 10.0000 18.0000 1.0000
    endloop
  endfacet
  facet normal 0 0 0
    outer loop
      vertex 10.0000 19.0000 0.4000
      vertex 10.0000 18.0000 1.0000
      vertex 10.0000 18.0000 0.4000
    endloop
  endfacet
  facet normal 0 0 0
    outer loop
      vertex 12.0000 18.0000 0.4000
      vertex 13.0000 18.0000 0.4000
      vertex 13.0000 19.0000 0.4000
    endloop
  endfacet
  facet normal 0 0 0
    outer loop
      vertex 12.0000 18.0000 0.4000
      vertex 13.0000 19.0000 0.4000
      vertex 12.0000 19.0000 0.4000
    endloop
  endfacet
  facet normal 0 0 0
    outer loop
      vertex 12.0000 18.0000 1.0000
      vertex 13.0000 19.0000 1.0000
      vertex 13.0000 18.0000 1.0000
    endloop
  endfacet
  facet normal 0 0 0
    outer loop
      vertex 12.0000 18.0000 1.0000
      vertex 12.0000 19.0000 1.0000
      vertex 13.0000 19.0000 1.0000
    endloop
  endfacet
  facet normal 0 0 0
    outer loop
      vertex 12.0000 18.0000 0.4000
      vertex 12.0000 18.0000 1.0000
      vertex 13.0000 18.0000 1.0000
    endloop
  endfacet
  facet normal 0 0 0
    outer loop
      vertex 12.0000 18.0000 0.4000
      vertex 13.0000 18.0000 1.0000
      vertex 13.0000 18.0000 0.4000
    endloop
  endfacet
  facet normal 0 0 0
    outer loop
      vertex 13.0000 18.0000 0.4000
      vertex 13.0000 18.0000 1.0000
      vertex 13.0000 19.0000 1.0000
    endloop
  endfacet
  facet normal 0 0 0
    outer loop
      vertex 13.0000 18.0000 0.4000
      vertex 13.0000 19.0000 1.0000
      vertex 13.0000 19.0000 0.4000
    endloop
  endfacet
  facet normal 0 0 0
    outer loop
      vertex 13.0000 19.0000 0.4000
      vertex 13.0000 19.0000 1.0000
      vertex 12.0000 19.0000 1.0000
    endloop
  endfacet
  facet normal 0 0 0
    outer loop
      vertex 13.0000 19.0000 0.4000
      vertex 12.0000 19.0000 1.0000
      vertex 12.0000 19.0000 0.4000
    endloop
  endfacet
  facet normal 0 0 0
    outer loop
      vertex 12.0000 19.0000 0.4000
      vertex 12.0000 19.0000 1.0000
      vertex 12.0000 18.0000 1.0000
    endloop
  endfacet
  facet normal 0 0 0
    outer loop
      vertex 12.0000 19.0000 0.4000
      vertex 12.0000 18.0000 1.0000
      vertex 12.0000 18.0000 0.4000
    endloop
  endfacet
  facet normal 0 0 0
    outer loop
      vertex 14.0000 18.0000 0.4000
      vertex 15.0000 18.0000 0.4000
      vertex 15.0000 19.0000 0.4000
    endloop
  endfacet
  facet normal 0 0 0
    outer loop
      vertex 14.0000 18.0000 0.4000
      vertex 15.0000 19.0000 0.4000
      vertex 14.0000 19.0000 0.4000
    endloop
  endfacet
  facet normal 0 0 0
    outer loop
      vertex 14.0000 18.0000 1.0000
      vertex 15.0000 19.0000 1.0000
      vertex 15.0000 18.0000 1.0000
    endloop
  endfacet
  facet normal 0 0 0
    outer loop
      vertex 14.0000 18.0000 1.0000
      vertex 14.0000 19.0000 1.0000
      vertex 15.0000 19.0000 1.0000
    endloop
  endfacet
  facet normal 0 0 0
    outer loop
      vertex 14.0000 18.0000 0.4000
      vertex 14.0000 18.0000 1.0000
      vertex 15.0000 18.0000 1.0000
    endloop
  endfacet
  facet normal 0 0 0
    outer loop
      vertex 14.0000 18.0000 0.4000
      vertex 15.0000 18.0000 1.0000
      vertex 15.0000 18.0000 0.4000
    endloop
  endfacet
  facet normal 0 0 0
    outer loop
      vertex 15.0000 18.0000 0.4000
      vertex 15.0000 18.0000 1.0000
      vertex 15.0000 19.0000 1.0000
    endloop
  endfacet
  facet normal 0 0 0
    outer loop
      vertex 15.0000 18.0000 0.4000
      vertex 15.0000 19.0000 1.0000
      vertex 15.0000 19.0000 0.4000
    endloop
  endfacet
  facet normal 0 0 0
    outer loop
      vertex 15.0000 19.0000 0.4000
      vertex 15.0000 19.0000 1.0000
      vertex 14.0000 19.0000 1.0000
    endloop
  endfacet
  facet normal 0 0 0
    outer loop
      vertex 15.0000 19.0000 0.4000
      vertex 14.0000 19.0000 1.0000
      vertex 14.0000 19.0000 0.4000
    endloop
  endfacet
  facet normal 0 0 0
    outer loop
      vertex 14.0000 19.0000 0.4000
      vertex 14.0000 19.0000 1.0000
      vertex 14.0000 18.0000 1.0000
    endloop
  endfacet
  facet normal 0 0 0
    outer loop
      vertex 14.0000 19.0000 0.4000
      vertex 14.0000 18.0000 1.0000
      vertex 14.0000 18.0000 0.4000
    endloop
  endfacet
  facet normal 0 0 0
    outer loop
      vertex 16.0000 18.0000 0.4000
      vertex 17.0000 18.0000 0.4000
      vertex 17.0000 19.0000 0.4000
    endloop
  endfacet
  facet normal 0 0 0
    outer loop
      vertex 16.0000 18.0000 0.4000
      vertex 17.0000 19.0000 0.4000
      vertex 16.0000 19.0000 0.4000
    endloop
  endfacet
  facet normal 0 0 0
    outer loop
      vertex 16.0000 18.0000 1.0000
      vertex 17.0000 19.0000 1.0000
      vertex 17.0000 18.0000 1.0000
    endloop
  endfacet
  facet normal 0 0 0
    outer loop
      vertex 16.0000 18.0000 1.0000
      vertex 16.0000 19.0000 1.0000
      vertex 17.0000 19.0000 1.0000
    endloop
  endfacet
  facet normal 0 0 0
    outer loop
      vertex 16.0000 18.0000 0.4000
      vertex 16.0000 18.0000 1.0000
      vertex 17.0000 18.0000 1.0000
    endloop
  endfacet
  facet normal 0 0 0
    outer loop
      vertex 16.0000 18.0000 0.4000
      vertex 17.0000 18.0000 1.0000
      vertex 17.0000 18.0000 0.4000
    endloop
  endfacet
  facet normal 0 0 0
    outer loop
      vertex 17.0000 18.0000 0.4000
      vertex 17.0000 18.0000 1.0000
      vertex 17.0000 19.0000 1.0000
    endloop
  endfacet
  facet normal 0 0 0
    outer loop
      vertex 17.0000 18.0000 0.4000
      vertex 17.0000 19.0000 1.0000
      vertex 17.0000 19.0000 0.4000
    endloop
  endfacet
  facet normal 0 0 0
    outer loop
      vertex 17.0000 19.0000 0.4000
      vertex 17.0000 19.0000 1.0000
      vertex 16.0000 19.0000 1.0000
    endloop
  endfacet
  facet normal 0 0 0
    outer loop
      vertex 17.0000 19.0000 0.4000
      vertex 16.0000 19.0000 1.0000
      vertex 16.0000 19.0000 0.4000
    endloop
  endfacet
  facet normal 0 0 0
    outer loop
      vertex 16.0000 19.0000 0.4000
      vertex 16.0000 19.0000 1.0000
      vertex 16.0000 18.0000 1.0000
    endloop
  endfacet
  facet normal 0 0 0
    outer loop
      vertex 16.0000 19.0000 0.4000
      vertex 16.0000 18.0000 1.0000
      vertex 16.0000 18.0000 0.4000
    endloop
  endfacet
  facet normal 0 0 0
    outer loop
      vertex 18.0000 18.0000 0.4000
      vertex 19.0000 18.0000 0.4000
      vertex 19.0000 19.0000 0.4000
    endloop
  endfacet
  facet normal 0 0 0
    outer loop
      vertex 18.0000 18.0000 0.4000
      vertex 19.0000 19.0000 0.4000
      vertex 18.0000 19.0000 0.4000
    endloop
  endfacet
  facet normal 0 0 0
    outer loop
      vertex 18.0000 18.0000 1.0000
      vertex 19.0000 19.0000 1.0000
      vertex 19.0000 18.0000 1.0000
    endloop
  endfacet
  facet normal 0 0 0
    outer loop
      vertex 18.0000 18.0000 1.0000
      vertex 18.0000 19.0000 1.0000
      vertex 19.0000 19.0000 1.0000
    endloop
  endfacet
  facet normal 0 0 0
    outer loop
      vertex 18.0000 18.0000 0.4000
      vertex 18.0000 18.0000 1.0000
      vertex 19.0000 18.0000 1.0000
    endloop
  endfacet
  facet normal 0 0 0
    outer loop
      vertex 18.0000 18.0000 0.4000
      vertex 19.0000 18.0000 1.0000
      vertex 19.0000 18.0000 0.4000
    endloop
  endfacet
  facet normal 0 0 0
    outer loop
      vertex 19.0000 18.0000 0.4000
      vertex 19.0000 18.0000 1.0000
      vertex 19.0000 19.0000 1.0000
    endloop
  endfacet
  facet normal 0 0 0
    outer loop
      vertex 19.0000 18.0000 0.4000
      vertex 19.0000 19.0000 1.0000
      vertex 19.0000 19.0000 0.4000
    endloop
  endfacet
  facet normal 0 0 0
    outer loop
      vertex 19.0000 19.0000 0.4000
      vertex 19.0000 19.0000 1.0000
      vertex 18.0000 19.0000 1.0000
    endloop
  endfacet
  facet normal 0 0 0
    outer loop
      vertex 19.0000 19.0000 0.4000
      vertex 18.0000 19.0000 1.0000
      vertex 18.0000 19.0000 0.4000
    endloop
  endfacet
  facet normal 0 0 0
    outer loop
      vertex 18.0000 19.0000 0.4000
      vertex 18.0000 19.0000 1.0000
      vertex 18.0000 18.0000 1.0000
    endloop
  endfacet
  facet normal 0 0 0
    outer loop
      vertex 18.0000 19.0000 0.4000
      vertex 18.0000 18.0000 1.0000
      vertex 18.0000 18.0000 0.4000
    endloop
  endfacet
  facet normal 0 0 0
    outer loop
      vertex 19.0000 18.0000 0.4000
      vertex 20.0000 18.0000 0.4000
      vertex 20.0000 19.0000 0.4000
    endloop
  endfacet
  facet normal 0 0 0
    outer loop
      vertex 19.0000 18.0000 0.4000
      vertex 20.0000 19.0000 0.4000
      vertex 19.0000 19.0000 0.4000
    endloop
  endfacet
  facet normal 0 0 0
    outer loop
      vertex 19.0000 18.0000 1.0000
      vertex 20.0000 19.0000 1.0000
      vertex 20.0000 18.0000 1.0000
    endloop
  endfacet
  facet normal 0 0 0
    outer loop
      vertex 19.0000 18.0000 1.0000
      vertex 19.0000 19.0000 1.0000
      vertex 20.0000 19.0000 1.0000
    endloop
  endfacet
  facet normal 0 0 0
    outer loop
      vertex 19.0000 18.0000 0.4000
      vertex 19.0000 18.0000 1.0000
      vertex 20.0000 18.0000 1.0000
    endloop
  endfacet
  facet normal 0 0 0
    outer loop
      vertex 19.0000 18.0000 0.4000
      vertex 20.0000 18.0000 1.0000
      vertex 20.0000 18.0000 0.4000
    endloop
  endfacet
  facet normal 0 0 0
    outer loop
      vertex 20.0000 18.0000 0.4000
      vertex 20.0000 18.0000 1.0000
      vertex 20.0000 19.0000 1.0000
    endloop
  endfacet
  facet normal 0 0 0
    outer loop
      vertex 20.0000 18.0000 0.4000
      vertex 20.0000 19.0000 1.0000
      vertex 20.0000 19.0000 0.4000
    endloop
  endfacet
  facet normal 0 0 0
    outer loop
      vertex 20.0000 19.0000 0.4000
      vertex 20.0000 19.0000 1.0000
      vertex 19.0000 19.0000 1.0000
    endloop
  endfacet
  facet normal 0 0 0
    outer loop
      vertex 20.0000 19.0000 0.4000
      vertex 19.0000 19.0000 1.0000
      vertex 19.0000 19.0000 0.4000
    endloop
  endfacet
  facet normal 0 0 0
    outer loop
      vertex 19.0000 19.0000 0.4000
      vertex 19.0000 19.0000 1.0000
      vertex 19.0000 18.0000 1.0000
    endloop
  endfacet
  facet normal 0 0 0
    outer loop
      vertex 19.0000 19.0000 0.4000
      vertex 19.0000 18.0000 1.0000
      vertex 19.0000 18.0000 0.4000
    endloop
  endfacet
  facet normal 0 0 0
    outer loop
      vertex 20.0000 18.0000 0.4000
      vertex 21.0000 18.0000 0.4000
      vertex 21.0000 19.0000 0.4000
    endloop
  endfacet
  facet normal 0 0 0
    outer loop
      vertex 20.0000 18.0000 0.4000
      vertex 21.0000 19.0000 0.4000
      vertex 20.0000 19.0000 0.4000
    endloop
  endfacet
  facet normal 0 0 0
    outer loop
      vertex 20.0000 18.0000 1.0000
      vertex 21.0000 19.0000 1.0000
      vertex 21.0000 18.0000 1.0000
    endloop
  endfacet
  facet normal 0 0 0
    outer loop
      vertex 20.0000 18.0000 1.0000
      vertex 20.0000 19.0000 1.0000
      vertex 21.0000 19.0000 1.0000
    endloop
  endfacet
  facet normal 0 0 0
    outer loop
      vertex 20.0000 18.0000 0.4000
      vertex 20.0000 18.0000 1.0000
      vertex 21.0000 18.0000 1.0000
    endloop
  endfacet
  facet normal 0 0 0
    outer loop
      vertex 20.0000 18.0000 0.4000
      vertex 21.0000 18.0000 1.0000
      vertex 21.0000 18.0000 0.4000
    endloop
  endfacet
  facet normal 0 0 0
    outer loop
      vertex 21.0000 18.0000 0.4000
      vertex 21.0000 18.0000 1.0000
      vertex 21.0000 19.0000 1.0000
    endloop
  endfacet
  facet normal 0 0 0
    outer loop
      vertex 21.0000 18.0000 0.4000
      vertex 21.0000 19.0000 1.0000
      vertex 21.0000 19.0000 0.4000
    endloop
  endfacet
  facet normal 0 0 0
    outer loop
      vertex 21.0000 19.0000 0.4000
      vertex 21.0000 19.0000 1.0000
      vertex 20.0000 19.0000 1.0000
    endloop
  endfacet
  facet normal 0 0 0
    outer loop
      vertex 21.0000 19.0000 0.4000
      vertex 20.0000 19.0000 1.0000
      vertex 20.0000 19.0000 0.4000
    endloop
  endfacet
  facet normal 0 0 0
    outer loop
      vertex 20.0000 19.0000 0.4000
      vertex 20.0000 19.0000 1.0000
      vertex 20.0000 18.0000 1.0000
    endloop
  endfacet
  facet normal 0 0 0
    outer loop
      vertex 20.0000 19.0000 0.4000
      vertex 20.0000 18.0000 1.0000
      vertex 20.0000 18.0000 0.4000
    endloop
  endfacet
  facet normal 0 0 0
    outer loop
      vertex 21.0000 18.0000 0.4000
      vertex 22.0000 18.0000 0.4000
      vertex 22.0000 19.0000 0.4000
    endloop
  endfacet
  facet normal 0 0 0
    outer loop
      vertex 21.0000 18.0000 0.4000
      vertex 22.0000 19.0000 0.4000
      vertex 21.0000 19.0000 0.4000
    endloop
  endfacet
  facet normal 0 0 0
    outer loop
      vertex 21.0000 18.0000 1.0000
      vertex 22.0000 19.0000 1.0000
      vertex 22.0000 18.0000 1.0000
    endloop
  endfacet
  facet normal 0 0 0
    outer loop
      vertex 21.0000 18.0000 1.0000
      vertex 21.0000 19.0000 1.0000
      vertex 22.0000 19.0000 1.0000
    endloop
  endfacet
  facet normal 0 0 0
    outer loop
      vertex 21.0000 18.0000 0.4000
      vertex 21.0000 18.0000 1.0000
      vertex 22.0000 18.0000 1.0000
    endloop
  endfacet
  facet normal 0 0 0
    outer loop
      vertex 21.0000 18.0000 0.4000
      vertex 22.0000 18.0000 1.0000
      vertex 22.0000 18.0000 0.4000
    endloop
  endfacet
  facet normal 0 0 0
    outer loop
      vertex 22.0000 18.0000 0.4000
      vertex 22.0000 18.0000 1.0000
      vertex 22.0000 19.0000 1.0000
    endloop
  endfacet
  facet normal 0 0 0
    outer loop
      vertex 22.0000 18.0000 0.4000
      vertex 22.0000 19.0000 1.0000
      vertex 22.0000 19.0000 0.4000
    endloop
  endfacet
  facet normal 0 0 0
    outer loop
      vertex 22.0000 19.0000 0.4000
      vertex 22.0000 19.0000 1.0000
      vertex 21.0000 19.0000 1.0000
    endloop
  endfacet
  facet normal 0 0 0
    outer loop
      vertex 22.0000 19.0000 0.4000
      vertex 21.0000 19.0000 1.0000
      vertex 21.0000 19.0000 0.4000
    endloop
  endfacet
  facet normal 0 0 0
    outer loop
      vertex 21.0000 19.0000 0.4000
      vertex 21.0000 19.0000 1.0000
      vertex 21.0000 18.0000 1.0000
    endloop
  endfacet
  facet normal 0 0 0
    outer loop
      vertex 21.0000 19.0000 0.4000
      vertex 21.0000 18.0000 1.0000
      vertex 21.0000 18.0000 0.4000
    endloop
  endfacet
  facet normal 0 0 0
    outer loop
      vertex 22.0000 18.0000 0.4000
      vertex 23.0000 18.0000 0.4000
      vertex 23.0000 19.0000 0.4000
    endloop
  endfacet
  facet normal 0 0 0
    outer loop
      vertex 22.0000 18.0000 0.4000
      vertex 23.0000 19.0000 0.4000
      vertex 22.0000 19.0000 0.4000
    endloop
  endfacet
  facet normal 0 0 0
    outer loop
      vertex 22.0000 18.0000 1.0000
      vertex 23.0000 19.0000 1.0000
      vertex 23.0000 18.0000 1.0000
    endloop
  endfacet
  facet normal 0 0 0
    outer loop
      vertex 22.0000 18.0000 1.0000
      vertex 22.0000 19.0000 1.0000
      vertex 23.0000 19.0000 1.0000
    endloop
  endfacet
  facet normal 0 0 0
    outer loop
      vertex 22.0000 18.0000 0.4000
      vertex 22.0000 18.0000 1.0000
      vertex 23.0000 18.0000 1.0000
    endloop
  endfacet
  facet normal 0 0 0
    outer loop
      vertex 22.0000 18.0000 0.4000
      vertex 23.0000 18.0000 1.0000
      vertex 23.0000 18.0000 0.4000
    endloop
  endfacet
  facet normal 0 0 0
    outer loop
      vertex 23.0000 18.0000 0.4000
      vertex 23.0000 18.0000 1.0000
      vertex 23.0000 19.0000 1.0000
    endloop
  endfacet
  facet normal 0 0 0
    outer loop
      vertex 23.0000 18.0000 0.4000
      vertex 23.0000 19.0000 1.0000
      vertex 23.0000 19.0000 0.4000
    endloop
  endfacet
  facet normal 0 0 0
    outer loop
      vertex 23.0000 19.0000 0.4000
      vertex 23.0000 19.0000 1.0000
      vertex 22.0000 19.0000 1.0000
    endloop
  endfacet
  facet normal 0 0 0
    outer loop
      vertex 23.0000 19.0000 0.4000
      vertex 22.0000 19.0000 1.0000
      vertex 22.0000 19.0000 0.4000
    endloop
  endfacet
  facet normal 0 0 0
    outer loop
      vertex 22.0000 19.0000 0.4000
      vertex 22.0000 19.0000 1.0000
      vertex 22.0000 18.0000 1.0000
    endloop
  endfacet
  facet normal 0 0 0
    outer loop
      vertex 22.0000 19.0000 0.4000
      vertex 22.0000 18.0000 1.0000
      vertex 22.0000 18.0000 0.4000
    endloop
  endfacet
  facet normal 0 0 0
    outer loop
      vertex 23.0000 18.0000 0.4000
      vertex 24.0000 18.0000 0.4000
      vertex 24.0000 19.0000 0.4000
    endloop
  endfacet
  facet normal 0 0 0
    outer loop
      vertex 23.0000 18.0000 0.4000
      vertex 24.0000 19.0000 0.4000
      vertex 23.0000 19.0000 0.4000
    endloop
  endfacet
  facet normal 0 0 0
    outer loop
      vertex 23.0000 18.0000 1.0000
      vertex 24.0000 19.0000 1.0000
      vertex 24.0000 18.0000 1.0000
    endloop
  endfacet
  facet normal 0 0 0
    outer loop
      vertex 23.0000 18.0000 1.0000
      vertex 23.0000 19.0000 1.0000
      vertex 24.0000 19.0000 1.0000
    endloop
  endfacet
  facet normal 0 0 0
    outer loop
      vertex 23.0000 18.0000 0.4000
      vertex 23.0000 18.0000 1.0000
      vertex 24.0000 18.0000 1.0000
    endloop
  endfacet
  facet normal 0 0 0
    outer loop
      vertex 23.0000 18.0000 0.4000
      vertex 24.0000 18.0000 1.0000
      vertex 24.0000 18.0000 0.4000
    endloop
  endfacet
  facet normal 0 0 0
    outer loop
      vertex 24.0000 18.0000 0.4000
      vertex 24.0000 18.0000 1.0000
      vertex 24.0000 19.0000 1.0000
    endloop
  endfacet
  facet normal 0 0 0
    outer loop
      vertex 24.0000 18.0000 0.4000
      vertex 24.0000 19.0000 1.0000
      vertex 24.0000 19.0000 0.4000
    endloop
  endfacet
  facet normal 0 0 0
    outer loop
      vertex 24.0000 19.0000 0.4000
      vertex 24.0000 19.0000 1.0000
      vertex 23.0000 19.0000 1.0000
    endloop
  endfacet
  facet normal 0 0 0
    outer loop
      vertex 24.0000 19.0000 0.4000
      vertex 23.0000 19.0000 1.0000
      vertex 23.0000 19.0000 0.4000
    endloop
  endfacet
  facet normal 0 0 0
    outer loop
      vertex 23.0000 19.0000 0.4000
      vertex 23.0000 19.0000 1.0000
      vertex 23.0000 18.0000 1.0000
    endloop
  endfacet
  facet normal 0 0 0
    outer loop
      vertex 23.0000 19.0000 0.4000
      vertex 23.0000 18.0000 1.0000
      vertex 23.0000 18.0000 0.4000
    endloop
  endfacet
  facet normal 0 0 0
    outer loop
      vertex 24.0000 18.0000 0.4000
      vertex 25.0000 18.0000 0.4000
      vertex 25.0000 19.0000 0.4000
    endloop
  endfacet
  facet normal 0 0 0
    outer loop
      vertex 24.0000 18.0000 0.4000
      vertex 25.0000 19.0000 0.4000
      vertex 24.0000 19.0000 0.4000
    endloop
  endfacet
  facet normal 0 0 0
    outer loop
      vertex 24.0000 18.0000 1.0000
      vertex 25.0000 19.0000 1.0000
      vertex 25.0000 18.0000 1.0000
    endloop
  endfacet
  facet normal 0 0 0
    outer loop
      vertex 24.0000 18.0000 1.0000
      vertex 24.0000 19.0000 1.0000
      vertex 25.0000 19.0000 1.0000
    endloop
  endfacet
  facet normal 0 0 0
    outer loop
      vertex 24.0000 18.0000 0.4000
      vertex 24.0000 18.0000 1.0000
      vertex 25.0000 18.0000 1.0000
    endloop
  endfacet
  facet normal 0 0 0
    outer loop
      vertex 24.0000 18.0000 0.4000
      vertex 25.0000 18.0000 1.0000
      vertex 25.0000 18.0000 0.4000
    endloop
  endfacet
  facet normal 0 0 0
    outer loop
      vertex 25.0000 18.0000 0.4000
      vertex 25.0000 18.0000 1.0000
      vertex 25.0000 19.0000 1.0000
    endloop
  endfacet
  facet normal 0 0 0
    outer loop
      vertex 25.0000 18.0000 0.4000
      vertex 25.0000 19.0000 1.0000
      vertex 25.0000 19.0000 0.4000
    endloop
  endfacet
  facet normal 0 0 0
    outer loop
      vertex 25.0000 19.0000 0.4000
      vertex 25.0000 19.0000 1.0000
      vertex 24.0000 19.0000 1.0000
    endloop
  endfacet
  facet normal 0 0 0
    outer loop
      vertex 25.0000 19.0000 0.4000
      vertex 24.0000 19.0000 1.0000
      vertex 24.0000 19.0000 0.4000
    endloop
  endfacet
  facet normal 0 0 0
    outer loop
      vertex 24.0000 19.0000 0.4000
      vertex 24.0000 19.0000 1.0000
      vertex 24.0000 18.0000 1.0000
    endloop
  endfacet
  facet normal 0 0 0
    outer loop
      vertex 24.0000 19.0000 0.4000
      vertex 24.0000 18.0000 1.0000
      vertex 24.0000 18.0000 0.4000
    endloop
  endfacet
  facet normal 0 0 0
    outer loop
      vertex 13.0000 17.0000 0.4000
      vertex 14.0000 17.0000 0.4000
      vertex 14.0000 18.0000 0.4000
    endloop
  endfacet
  facet normal 0 0 0
    outer loop
      vertex 13.0000 17.0000 0.4000
      vertex 14.0000 18.0000 0.4000
      vertex 13.0000 18.0000 0.4000
    endloop
  endfacet
  facet normal 0 0 0
    outer loop
      vertex 13.0000 17.0000 1.0000
      vertex 14.0000 18.0000 1.0000
      vertex 14.0000 17.0000 1.0000
    endloop
  endfacet
  facet normal 0 0 0
    outer loop
      vertex 13.0000 17.0000 1.0000
      vertex 13.0000 18.0000 1.0000
      vertex 14.0000 18.0000 1.0000
    endloop
  endfacet
  facet normal 0 0 0
    outer loop
      vertex 13.0000 17.0000 0.4000
      vertex 13.0000 17.0000 1.0000
      vertex 14.0000 17.0000 1.0000
    endloop
  endfacet
  facet normal 0 0 0
    outer loop
      vertex 13.0000 17.0000 0.4000
      vertex 14.0000 17.0000 1.0000
      vertex 14.0000 17.0000 0.4000
    endloop
  endfacet
  facet normal 0 0 0
    outer loop
      vertex 14.0000 17.0000 0.4000
      vertex 14.0000 17.0000 1.0000
      vertex 14.0000 18.0000 1.0000
    endloop
  endfacet
  facet normal 0 0 0
    outer loop
      vertex 14.0000 17.0000 0.4000
      vertex 14.0000 18.0000 1.0000
      vertex 14.0000 18.0000 0.4000
    endloop
  endfacet
  facet normal 0 0 0
    outer loop
      vertex 14.0000 18.0000 0.4000
      vertex 14.0000 18.0000 1.0000
      vertex 13.0000 18.0000 1.0000
    endloop
  endfacet
  facet normal 0 0 0
    outer loop
      vertex 14.0000 18.0000 0.4000
      vertex 13.0000 18.0000 1.0000
      vertex 13.0000 18.0000 0.4000
    endloop
  endfacet
  facet normal 0 0 0
    outer loop
      vertex 13.0000 18.0000 0.4000
      vertex 13.0000 18.0000 1.0000
      vertex 13.0000 17.0000 1.0000
    endloop
  endfacet
  facet normal 0 0 0
    outer loop
      vertex 13.0000 18.0000 0.4000
      vertex 13.0000 17.0000 1.0000
      vertex 13.0000 17.0000 0.4000
    endloop
  endfacet
  facet normal 0 0 0
    outer loop
      vertex 14.0000 17.0000 0.4000
      vertex 15.0000 17.0000 0.4000
      vertex 15.0000 18.0000 0.4000
    endloop
  endfacet
  facet normal 0 0 0
    outer loop
      vertex 14.0000 17.0000 0.4000
      vertex 15.0000 18.0000 0.4000
      vertex 14.0000 18.0000 0.4000
    endloop
  endfacet
  facet normal 0 0 0
    outer loop
      vertex 14.0000 17.0000 1.0000
      vertex 15.0000 18.0000 1.0000
      vertex 15.0000 17.0000 1.0000
    endloop
  endfacet
  facet normal 0 0 0
    outer loop
      vertex 14.0000 17.0000 1.0000
      vertex 14.0000 18.0000 1.0000
      vertex 15.0000 18.0000 1.0000
    endloop
  endfacet
  facet normal 0 0 0
    outer loop
      vertex 14.0000 17.0000 0.4000
      vertex 14.0000 17.0000 1.0000
      vertex 15.0000 17.0000 1.0000
    endloop
  endfacet
  facet normal 0 0 0
    outer loop
      vertex 14.0000 17.0000 0.4000
      vertex 15.0000 17.0000 1.0000
      vertex 15.0000 17.0000 0.4000
    endloop
  endfacet
  facet normal 0 0 0
    outer loop
      vertex 15.0000 17.0000 0.4000
      vertex 15.0000 17.0000 1.0000
      vertex 15.0000 18.0000 1.0000
    endloop
  endfacet
  facet normal 0 0 0
    outer loop
      vertex 15.0000 17.0000 0.4000
      vertex 15.0000 18.0000 1.0000
      vertex 15.0000 18.0000 0.4000
    endloop
  endfacet
  facet normal 0 0 0
    outer loop
      vertex 15.0000 18.0000 0.4000
      vertex 15.0000 18.0000 1.0000
      vertex 14.0000 18.0000 1.0000
    endloop
  endfacet
  facet normal 0 0 0
    outer loop
      vertex 15.0000 18.0000 0.4000
      vertex 14.0000 18.0000 1.0000
      vertex 14.0000 18.0000 0.4000
    endloop
  endfacet
  facet normal 0 0 0
    outer loop
      vertex 14.0000 18.0000 0.4000
      vertex 14.0000 18.0000 1.0000
      vertex 14.0000 17.0000 1.0000
    endloop
  endfacet
  facet normal 0 0 0
    outer loop
      vertex 14.0000 18.0000 0.4000
      vertex 14.0000 17.0000 1.0000
      vertex 14.0000 17.0000 0.4000
    endloop
  endfacet
  facet normal 0 0 0
    outer loop
      vertex 15.0000 17.0000 0.4000
      vertex 16.0000 17.0000 0.4000
      vertex 16.0000 18.0000 0.4000
    endloop
  endfacet
  facet normal 0 0 0
    outer loop
      vertex 15.0000 17.0000 0.4000
      vertex 16.0000 18.0000 0.4000
      vertex 15.0000 18.0000 0.4000
    endloop
  endfacet
  facet normal 0 0 0
    outer loop
      vertex 15.0000 17.0000 1.0000
      vertex 16.0000 18.0000 1.0000
      vertex 16.0000 17.0000 1.0000
    endloop
  endfacet
  facet normal 0 0 0
    outer loop
      vertex 15.0000 17.0000 1.0000
      vertex 15.0000 18.0000 1.0000
      vertex 16.0000 18.0000 1.0000
    endloop
  endfacet
  facet normal 0 0 0
    outer loop
      vertex 15.0000 17.0000 0.4000
      vertex 15.0000 17.0000 1.0000
      vertex 16.0000 17.0000 1.0000
    endloop
  endfacet
  facet normal 0 0 0
    outer loop
      vertex 15.0000 17.0000 0.4000
      vertex 16.0000 17.0000 1.0000
      vertex 16.0000 17.0000 0.4000
    endloop
  endfacet
  facet normal 0 0 0
    outer loop
      vertex 16.0000 17.0000 0.4000
      vertex 16.0000 17.0000 1.0000
      vertex 16.0000 18.0000 1.0000
    endloop
  endfacet
  facet normal 0 0 0
    outer loop
      vertex 16.0000 17.0000 0.4000
      vertex 16.0000 18.0000 1.0000
      vertex 16.0000 18.0000 0.4000
    endloop
  endfacet
  facet normal 0 0 0
    outer loop
      vertex 16.0000 18.0000 0.4000
      vertex 16.0000 18.0000 1.0000
      vertex 15.0000 18.0000 1.0000
    endloop
  endfacet
  facet normal 0 0 0
    outer loop
      vertex 16.0000 18.0000 0.4000
      vertex 15.0000 18.0000 1.0000
      vertex 15.0000 18.0000 0.4000
    endloop
  endfacet
  facet normal 0 0 0
    outer loop
      vertex 15.0000 18.0000 0.4000
      vertex 15.0000 18.0000 1.0000
      vertex 15.0000 17.0000 1.0000
    endloop
  endfacet
  facet normal 0 0 0
    outer loop
      vertex 15.0000 18.0000 0.4000
      vertex 15.0000 17.0000 1.0000
      vertex 15.0000 17.0000 0.4000
    endloop
  endfacet
  facet normal 0 0 0
    outer loop
      vertex 4.0000 16.0000 0.4000
      vertex 5.0000 16.0000 0.4000
      vertex 5.0000 17.0000 0.4000
    endloop
  endfacet
  facet normal 0 0 0
    outer loop
      vertex 4.0000 16.0000 0.4000
      vertex 5.0000 17.0000 0.4000
      vertex 4.0000 17.0000 0.4000
    endloop
  endfacet
  facet normal 0 0 0
    outer loop
      vertex 4.0000 16.0000 1.0000
      vertex 5.0000 17.0000 1.0000
      vertex 5.0000 16.0000 1.0000
    endloop
  endfacet
  facet normal 0 0 0
    outer loop
      vertex 4.0000 16.0000 1.0000
      vertex 4.0000 17.0000 1.0000
      vertex 5.0000 17.0000 1.0000
    endloop
  endfacet
  facet normal 0 0 0
    outer loop
      vertex 4.0000 16.0000 0.4000
      vertex 4.0000 16.0000 1.0000
      vertex 5.0000 16.0000 1.0000
    endloop
  endfacet
  facet normal 0 0 0
    outer loop
      vertex 4.0000 16.0000 0.4000
      vertex 5.0000 16.0000 1.0000
      vertex 5.0000 16.0000 0.4000
    endloop
  endfacet
  facet normal 0 0 0
    outer loop
      vertex 5.0000 16.0000 0.4000
      vertex 5.0000 16.0000 1.0000
      vertex 5.0000 17.0000 1.0000
    endloop
  endfacet
  facet normal 0 0 0
    outer loop
      vertex 5.0000 16.0000 0.4000
      vertex 5.0000 17.0000 1.0000
      vertex 5.0000 17.0000 0.4000
    endloop
  endfacet
  facet normal 0 0 0
    outer loop
      vertex 5.0000 17.0000 0.4000
      vertex 5.0000 17.0000 1.0000
      vertex 4.0000 17.0000 1.0000
    endloop
  endfacet
  facet normal 0 0 0
    outer loop
      vertex 5.0000 17.0000 0.4000
      vertex 4.0000 17.0000 1.0000
      vertex 4.0000 17.0000 0.4000
    endloop
  endfacet
  facet normal 0 0 0
    outer loop
      vertex 4.0000 17.0000 0.4000
      vertex 4.0000 17.0000 1.0000
      vertex 4.0000 16.0000 1.0000
    endloop
  endfacet
  facet normal 0 0 0
    outer loop
      vertex 4.0000 17.0000 0.4000
      vertex 4.0000 16.0000 1.0000
      vertex 4.0000 16.0000 0.4000
    endloop
  endfacet
  facet normal 0 0 0
    outer loop
      vertex 6.0000 16.0000 0.4000
      vertex 7.0000 16.0000 0.4000
      vertex 7.0000 17.0000 0.4000
    endloop
  endfacet
  facet normal 0 0 0
    outer loop
      vertex 6.0000 16.0000 0.4000
      vertex 7.0000 17.0000 0.4000
      vertex 6.0000 17.0000 0.4000
    endloop
  endfacet
  facet normal 0 0 0
    outer loop
      vertex 6.0000 16.0000 1.0000
      vertex 7.0000 17.0000 1.0000
      vertex 7.0000 16.0000 1.0000
    endloop
  endfacet
  facet normal 0 0 0
    outer loop
      vertex 6.0000 16.0000 1.0000
      vertex 6.0000 17.0000 1.0000
      vertex 7.0000 17.0000 1.0000
    endloop
  endfacet
  facet normal 0 0 0
    outer loop
      vertex 6.0000 16.0000 0.4000
      vertex 6.0000 16.0000 1.0000
      vertex 7.0000 16.0000 1.0000
    endloop
  endfacet
  facet normal 0 0 0
    outer loop
      vertex 6.0000 16.0000 0.4000
      vertex 7.0000 16.0000 1.0000
      vertex 7.0000 16.0000 0.4000
    endloop
  endfacet
  facet normal 0 0 0
    outer loop
      vertex 7.0000 16.0000 0.4000
      vertex 7.0000 16.0000 1.0000
      vertex 7.0000 17.0000 1.0000
    endloop
  endfacet
  facet normal 0 0 0
    outer loop
      vertex 7.0000 16.0000 0.4000
      vertex 7.0000 17.0000 1.0000
      vertex 7.0000 17.0000 0.4000
    endloop
  endfacet
  facet normal 0 0 0
    outer loop
      vertex 7.0000 17.0000 0.4000
      vertex 7.0000 17.0000 1.0000
      vertex 6.0000 17.0000 1.0000
    endloop
  endfacet
  facet normal 0 0 0
    outer loop
      vertex 7.0000 17.0000 0.4000
      vertex 6.0000 17.0000 1.0000
      vertex 6.0000 17.0000 0.4000
    endloop
  endfacet
  facet normal 0 0 0
    outer loop
      vertex 6.0000 17.0000 0.4000
      vertex 6.0000 17.0000 1.0000
      vertex 6.0000 16.0000 1.0000
    endloop
  endfacet
  facet normal 0 0 0
    outer loop
      vertex 6.0000 17.0000 0.4000
      vertex 6.0000 16.0000 1.0000
      vertex 6.0000 16.0000 0.4000
    endloop
  endfacet
  facet normal 0 0 0
    outer loop
      vertex 10.0000 16.0000 0.4000
      vertex 11.0000 16.0000 0.4000
      vertex 11.0000 17.0000 0.4000
    endloop
  endfacet
  facet normal 0 0 0
    outer loop
      vertex 10.0000 16.0000 0.4000
      vertex 11.0000 17.0000 0.4000
      vertex 10.0000 17.0000 0.4000
    endloop
  endfacet
  facet normal 0 0 0
    outer loop
      vertex 10.0000 16.0000 1.0000
      vertex 11.0000 17.0000 1.0000
      vertex 11.0000 16.0000 1.0000
    endloop
  endfacet
  facet normal 0 0 0
    outer loop
      vertex 10.0000 16.0000 1.0000
      vertex 10.0000 17.0000 1.0000
      vertex 11.0000 17.0000 1.0000
    endloop
  endfacet
  facet normal 0 0 0
    outer loop
      vertex 10.0000 16.0000 0.4000
      vertex 10.0000 16.0000 1.0000
      vertex 11.0000 16.0000 1.0000
    endloop
  endfacet
  facet normal 0 0 0
    outer loop
      vertex 10.0000 16.0000 0.4000
      vertex 11.0000 16.0000 1.0000
      vertex 11.0000 16.0000 0.4000
    endloop
  endfacet
  facet normal 0 0 0
    outer loop
      vertex 11.0000 16.0000 0.4000
      vertex 11.0000 16.0000 1.0000
      vertex 11.0000 17.0000 1.0000
    endloop
  endfacet
  facet normal 0 0 0
    outer loop
      vertex 11.0000 16.0000 0.4000
      vertex 11.0000 17.0000 1.0000
      vertex 11.0000 17.0000 0.4000
    endloop
  endfacet
  facet normal 0 0 0
    outer loop
      vertex 11.0000 17.0000 0.4000
      vertex 11.0000 17.0000 1.0000
      vertex 10.0000 17.0000 1.0000
    endloop
  endfacet
  facet normal 0 0 0
    outer loop
      vertex 11.0000 17.0000 0.4000
      vertex 10.0000 17.0000 1.0000
      vertex 10.0000 17.0000 0.4000
    endloop
  endfacet
  facet normal 0 0 0
    outer loop
      vertex 10.0000 17.0000 0.4000
      vertex 10.0000 17.0000 1.0000
      vertex 10.0000 16.0000 1.0000
    endloop
  endfacet
  facet normal 0 0 0
    outer loop
      vertex 10.0000 17.0000 0.4000
      vertex 10.0000 16.0000 1.0000
      vertex 10.0000 16.0000 0.4000
    endloop
  endfacet
  facet normal 0 0 0
    outer loop
      vertex 11.0000 16.0000 0.4000
      vertex 12.0000 16.0000 0.4000
      vertex 12.0000 17.0000 0.4000
    endloop
  endfacet
  facet normal 0 0 0
    outer loop
      vertex 11.0000 16.0000 0.4000
      vertex 12.0000 17.0000 0.4000
      vertex 11.0000 17.0000 0.4000
    endloop
  endfacet
  facet normal 0 0 0
    outer loop
      vertex 11.0000 16.0000 1.0000
      vertex 12.0000 17.0000 1.0000
      vertex 12.0000 16.0000 1.0000
    endloop
  endfacet
  facet normal 0 0 0
    outer loop
      vertex 11.0000 16.0000 1.0000
      vertex 11.0000 17.0000 1.0000
      vertex 12.0000 17.0000 1.0000
    endloop
  endfacet
  facet normal 0 0 0
    outer loop
      vertex 11.0000 16.0000 0.4000
      vertex 11.0000 16.0000 1.0000
      vertex 12.0000 16.0000 1.0000
    endloop
  endfacet
  facet normal 0 0 0
    outer loop
      vertex 11.0000 16.0000 0.4000
      vertex 12.0000 16.0000 1.0000
      vertex 12.0000 16.0000 0.4000
    endloop
  endfacet
  facet normal 0 0 0
    outer loop
      vertex 12.0000 16.0000 0.4000
      vertex 12.0000 16.0000 1.0000
      vertex 12.0000 17.0000 1.0000
    endloop
  endfacet
  facet normal 0 0 0
    outer loop
      vertex 12.0000 16.0000 0.4000
      vertex 12.0000 17.0000 1.0000
      vertex 12.0000 17.0000 0.4000
    endloop
  endfacet
  facet normal 0 0 0
    outer loop
      vertex 12.0000 17.0000 0.4000
      vertex 12.0000 17.0000 1.0000
      vertex 11.0000 17.0000 1.0000
    endloop
  endfacet
  facet normal 0 0 0
    outer loop
      vertex 12.0000 17.0000 0.4000
      vertex 11.0000 17.0000 1.0000
      vertex 11.0000 17.0000 0.4000
    endloop
  endfacet
  facet normal 0 0 0
    outer loop
      vertex 11.0000 17.0000 0.4000
      vertex 11.0000 17.0000 1.0000
      vertex 11.0000 16.0000 1.0000
    endloop
  endfacet
  facet normal 0 0 0
    outer loop
      vertex 11.0000 17.0000 0.4000
      vertex 11.0000 16.0000 1.0000
      vertex 11.0000 16.0000 0.4000
    endloop
  endfacet
  facet normal 0 0 0
    outer loop
      vertex 13.0000 16.0000 0.4000
      vertex 14.0000 16.0000 0.4000
      vertex 14.0000 17.0000 0.4000
    endloop
  endfacet
  facet normal 0 0 0
    outer loop
      vertex 13.0000 16.0000 0.4000
      vertex 14.0000 17.0000 0.4000
      vertex 13.0000 17.0000 0.4000
    endloop
  endfacet
  facet normal 0 0 0
    outer loop
      vertex 13.0000 16.0000 1.0000
      vertex 14.0000 17.0000 1.0000
      vertex 14.0000 16.0000 1.0000
    endloop
  endfacet
  facet normal 0 0 0
    outer loop
      vertex 13.0000 16.0000 1.0000
      vertex 13.0000 17.0000 1.0000
      vertex 14.0000 17.0000 1.0000
    endloop
  endfacet
  facet normal 0 0 0
    outer loop
      vertex 13.0000 16.0000 0.4000
      vertex 13.0000 16.0000 1.0000
      vertex 14.0000 16.0000 1.0000
    endloop
  endfacet
  facet normal 0 0 0
    outer loop
      vertex 13.0000 16.0000 0.4000
      vertex 14.0000 16.0000 1.0000
      vertex 14.0000 16.0000 0.4000
    endloop
  endfacet
  facet normal 0 0 0
    outer loop
      vertex 14.0000 16.0000 0.4000
      vertex 14.0000 16.0000 1.0000
      vertex 14.0000 17.0000 1.0000
    endloop
  endfacet
  facet normal 0 0 0
    outer loop
      vertex 14.0000 16.0000 0.4000
      vertex 14.0000 17.0000 1.0000
      vertex 14.0000 17.0000 0.4000
    endloop
  endfacet
  facet normal 0 0 0
    outer loop
      vertex 14.0000 17.0000 0.4000
      vertex 14.0000 17.0000 1.0000
      vertex 13.0000 17.0000 1.0000
    endloop
  endfacet
  facet normal 0 0 0
    outer loop
      vertex 14.0000 17.0000 0.4000
      vertex 13.0000 17.0000 1.0000
      vertex 13.0000 17.0000 0.4000
    endloop
  endfacet
  facet normal 0 0 0
    outer loop
      vertex 13.0000 17.0000 0.4000
      vertex 13.0000 17.0000 1.0000
      vertex 13.0000 16.0000 1.0000
    endloop
  endfacet
  facet normal 0 0 0
    outer loop
      vertex 13.0000 17.0000 0.4000
      vertex 13.0000 16.0000 1.0000
      vertex 13.0000 16.0000 0.4000
    endloop
  endfacet
  facet normal 0 0 0
    outer loop
      vertex 15.0000 16.0000 0.4000
      vertex 16.0000 16.0000 0.4000
      vertex 16.0000 17.0000 0.4000
    endloop
  endfacet
  facet normal 0 0 0
    outer loop
      vertex 15.0000 16.0000 0.4000
      vertex 16.0000 17.0000 0.4000
      vertex 15.0000 17.0000 0.4000
    endloop
  endfacet
  facet normal 0 0 0
    outer loop
      vertex 15.0000 16.0000 1.0000
      vertex 16.0000 17.0000 1.0000
      vertex 16.0000 16.0000 1.0000
    endloop
  endfacet
  facet normal 0 0 0
    outer loop
      vertex 15.0000 16.0000 1.0000
      vertex 15.0000 17.0000 1.0000
      vertex 16.0000 17.0000 1.0000
    endloop
  endfacet
  facet normal 0 0 0
    outer loop
      vertex 15.0000 16.0000 0.4000
      vertex 15.0000 16.0000 1.0000
      vertex 16.0000 16.0000 1.0000
    endloop
  endfacet
  facet normal 0 0 0
    outer loop
      vertex 15.0000 16.0000 0.4000
      vertex 16.0000 16.0000 1.0000
      vertex 16.0000 16.0000 0.4000
    endloop
  endfacet
  facet normal 0 0 0
    outer loop
      vertex 16.0000 16.0000 0.4000
      vertex 16.0000 16.0000 1.0000
      vertex 16.0000 17.0000 1.0000
    endloop
  endfacet
  facet normal 0 0 0
    outer loop
      vertex 16.0000 16.0000 0.4000
      vertex 16.0000 17.0000 1.0000
      vertex 16.0000 17.0000 0.4000
    endloop
  endfacet
  facet normal 0 0 0
    outer loop
      vertex 16.0000 17.0000 0.4000
      vertex 16.0000 17.0000 1.0000
      vertex 15.0000 17.0000 1.0000
    endloop
  endfacet
  facet normal 0 0 0
    outer loop
      vertex 16.0000 17.0000 0.4000
      vertex 15.0000 17.0000 1.0000
      vertex 15.0000 17.0000 0.4000
    endloop
  endfacet
  facet normal 0 0 0
    outer loop
      vertex 15.0000 17.0000 0.4000
      vertex 15.0000 17.0000 1.0000
      vertex 15.0000 16.0000 1.0000
    endloop
  endfacet
  facet normal 0 0 0
    outer loop
      vertex 15.0000 17.0000 0.4000
      vertex 15.0000 16.0000 1.0000
      vertex 15.0000 16.0000 0.4000
    endloop
  endfacet
  facet normal 0 0 0
    outer loop
      vertex 16.0000 16.0000 0.4000
      vertex 17.0000 16.0000 0.4000
      vertex 17.0000 17.0000 0.4000
    endloop
  endfacet
  facet normal 0 0 0
    outer loop
      vertex 16.0000 16.0000 0.4000
      vertex 17.0000 17.0000 0.4000
      vertex 16.0000 17.0000 0.4000
    endloop
  endfacet
  facet normal 0 0 0
    outer loop
      vertex 16.0000 16.0000 1.0000
      vertex 17.0000 17.0000 1.0000
      vertex 17.0000 16.0000 1.0000
    endloop
  endfacet
  facet normal 0 0 0
    outer loop
      vertex 16.0000 16.0000 1.0000
      vertex 16.0000 17.0000 1.0000
      vertex 17.0000 17.0000 1.0000
    endloop
  endfacet
  facet normal 0 0 0
    outer loop
      vertex 16.0000 16.0000 0.4000
      vertex 16.0000 16.0000 1.0000
      vertex 17.0000 16.0000 1.0000
    endloop
  endfacet
  facet normal 0 0 0
    outer loop
      vertex 16.0000 16.0000 0.4000
      vertex 17.0000 16.0000 1.0000
      vertex 17.0000 16.0000 0.4000
    endloop
  endfacet
  facet normal 0 0 0
    outer loop
      vertex 17.0000 16.0000 0.4000
      vertex 17.0000 16.0000 1.0000
      vertex 17.0000 17.0000 1.0000
    endloop
  endfacet
  facet normal 0 0 0
    outer loop
      vertex 17.0000 16.0000 0.4000
      vertex 17.0000 17.0000 1.0000
      vertex 17.0000 17.0000 0.4000
    endloop
  endfacet
  facet normal 0 0 0
    outer loop
      vertex 17.0000 17.0000 0.4000
      vertex 17.0000 17.0000 1.0000
      vertex 16.0000 17.0000 1.0000
    endloop
  endfacet
  facet normal 0 0 0
    outer loop
      vertex 17.0000 17.0000 0.4000
      vertex 16.0000 17.0000 1.0000
      vertex 16.0000 17.0000 0.4000
    endloop
  endfacet
  facet normal 0 0 0
    outer loop
      vertex 16.0000 17.0000 0.4000
      vertex 16.0000 17.0000 1.0000
      vertex 16.0000 16.0000 1.0000
    endloop
  endfacet
  facet normal 0 0 0
    outer loop
      vertex 16.0000 17.0000 0.4000
      vertex 16.0000 16.0000 1.0000
      vertex 16.0000 16.0000 0.4000
    endloop
  endfacet
  facet normal 0 0 0
    outer loop
      vertex 19.0000 16.0000 0.4000
      vertex 20.0000 16.0000 0.4000
      vertex 20.0000 17.0000 0.4000
    endloop
  endfacet
  facet normal 0 0 0
    outer loop
      vertex 19.0000 16.0000 0.4000
      vertex 20.0000 17.0000 0.4000
      vertex 19.0000 17.0000 0.4000
    endloop
  endfacet
  facet normal 0 0 0
    outer loop
      vertex 19.0000 16.0000 1.0000
      vertex 20.0000 17.0000 1.0000
      vertex 20.0000 16.0000 1.0000
    endloop
  endfacet
  facet normal 0 0 0
    outer loop
      vertex 19.0000 16.0000 1.0000
      vertex 19.0000 17.0000 1.0000
      vertex 20.0000 17.0000 1.0000
    endloop
  endfacet
  facet normal 0 0 0
    outer loop
      vertex 19.0000 16.0000 0.4000
      vertex 19.0000 16.0000 1.0000
      vertex 20.0000 16.0000 1.0000
    endloop
  endfacet
  facet normal 0 0 0
    outer loop
      vertex 19.0000 16.0000 0.4000
      vertex 20.0000 16.0000 1.0000
      vertex 20.0000 16.0000 0.4000
    endloop
  endfacet
  facet normal 0 0 0
    outer loop
      vertex 20.0000 16.0000 0.4000
      vertex 20.0000 16.0000 1.0000
      vertex 20.0000 17.0000 1.0000
    endloop
  endfacet
  facet normal 0 0 0
    outer loop
      vertex 20.0000 16.0000 0.4000
      vertex 20.0000 17.0000 1.0000
      vertex 20.0000 17.0000 0.4000
    endloop
  endfacet
  facet normal 0 0 0
    outer loop
      vertex 20.0000 17.0000 0.4000
      vertex 20.0000 17.0000 1.0000
      vertex 19.0000 17.0000 1.0000
    endloop
  endfacet
  facet normal 0 0 0
    outer loop
      vertex 20.0000 17.0000 0.4000
      vertex 19.0000 17.0000 1.0000
      vertex 19.0000 17.0000 0.4000
    endloop
  endfacet
  facet normal 0 0 0
    outer loop
      vertex 19.0000 17.0000 0.4000
      vertex 19.0000 17.0000 1.0000
      vertex 19.0000 16.0000 1.0000
    endloop
  endfacet
  facet normal 0 0 0
    outer loop
      vertex 19.0000 17.0000 0.4000
      vertex 19.0000 16.0000 1.0000
      vertex 19.0000 16.0000 0.4000
    endloop
  endfacet
  facet normal 0 0 0
    outer loop
      vertex 22.0000 16.0000 0.4000
      vertex 23.0000 16.0000 0.4000
      vertex 23.0000 17.0000 0.4000
    endloop
  endfacet
  facet normal 0 0 0
    outer loop
      vertex 22.0000 16.0000 0.4000
      vertex 23.0000 17.0000 0.4000
      vertex 22.0000 17.0000 0.4000
    endloop
  endfacet
  facet normal 0 0 0
    outer loop
      vertex 22.0000 16.0000 1.0000
      vertex 23.0000 17.0000 1.0000
      vertex 23.0000 16.0000 1.0000
    endloop
  endfacet
  facet normal 0 0 0
    outer loop
      vertex 22.0000 16.0000 1.0000
      vertex 22.0000 17.0000 1.0000
      vertex 23.0000 17.0000 1.0000
    endloop
  endfacet
  facet normal 0 0 0
    outer loop
      vertex 22.0000 16.0000 0.4000
      vertex 22.0000 16.0000 1.0000
      vertex 23.0000 16.0000 1.0000
    endloop
  endfacet
  facet normal 0 0 0
    outer loop
      vertex 22.0000 16.0000 0.4000
      vertex 23.0000 16.0000 1.0000
      vertex 23.0000 16.0000 0.4000
    endloop
  endfacet
  facet normal 0 0 0
    outer loop
      vertex 23.0000 16.0000 0.4000
      vertex 23.0000 16.0000 1.0000
      vertex 23.0000 17.0000 1.0000
    endloop
  endfacet
  facet normal 0 0 0
    outer loop
      vertex 23.0000 16.0000 0.4000
      vertex 23.0000 17.0000 1.0000
      vertex 23.0000 17.0000 0.4000
    endloop
  endfacet
  facet normal 0 0 0
    outer loop
      vertex 23.0000 17.0000 0.4000
      vertex 23.0000 17.0000 1.0000
      vertex 22.0000 17.0000 1.0000
    endloop
  endfacet
  facet normal 0 0 0
    outer loop
      vertex 23.0000 17.0000 0.4000
      vertex 22.0000 17.0000 1.0000
      vertex 22.0000 17.0000 0.4000
    endloop
  endfacet
  facet normal 0 0 0
    outer loop
      vertex 22.0000 17.0000 0.4000
      vertex 22.0000 17.0000 1.0000
      vertex 22.0000 16.0000 1.0000
    endloop
  endfacet
  facet normal 0 0 0
    outer loop
      vertex 22.0000 17.0000 0.4000
      vertex 22.0000 16.0000 1.0000
      vertex 22.0000 16.0000 0.4000
    endloop
  endfacet
  facet normal 0 0 0
    outer loop
      vertex 24.0000 16.0000 0.4000
      vertex 25.0000 16.0000 0.4000
      vertex 25.0000 17.0000 0.4000
    endloop
  endfacet
  facet normal 0 0 0
    outer loop
      vertex 24.0000 16.0000 0.4000
      vertex 25.0000 17.0000 0.4000
      vertex 24.0000 17.0000 0.4000
    endloop
  endfacet
  facet normal 0 0 0
    outer loop
      vertex 24.0000 16.0000 1.0000
      vertex 25.0000 17.0000 1.0000
      vertex 25.0000 16.0000 1.0000
    endloop
  endfacet
  facet normal 0 0 0
    outer loop
      vertex 24.0000 16.0000 1.0000
      vertex 24.0000 17.0000 1.0000
      vertex 25.0000 17.0000 1.0000
    endloop
  endfacet
  facet normal 0 0 0
    outer loop
      vertex 24.0000 16.0000 0.4000
      vertex 24.0000 16.0000 1.0000
      vertex 25.0000 16.0000 1.0000
    endloop
  endfacet
  facet normal 0 0 0
    outer loop
      vertex 24.0000 16.0000 0.4000
      vertex 25.0000 16.0000 1.0000
      vertex 25.0000 16.0000 0.4000
    endloop
  endfacet
  facet normal 0 0 0
    outer loop
      vertex 25.0000 16.0000 0.4000
      vertex 25.0000 16.0000 1.0000
      vertex 25.0000 17.0000 1.0000
    endloop
  endfacet
  facet normal 0 0 0
    outer loop
      vertex 25.0000 16.0000 0.4000
      vertex 25.0000 17.0000 1.0000
      vertex 25.0000 17.0000 0.4000
    endloop
  endfacet
  facet normal 0 0 0
    outer loop
      vertex 25.0000 17.0000 0.4000
      vertex 25.0000 17.0000 1.0000
      vertex 24.0000 17.0000 1.0000
    endloop
  endfacet
  facet normal 0 0 0
    outer loop
      vertex 25.0000 17.0000 0.4000
      vertex 24.0000 17.0000 1.0000
      vertex 24.0000 17.0000 0.4000
    endloop
  endfacet
  facet normal 0 0 0
    outer loop
      vertex 24.0000 17.0000 0.4000
      vertex 24.0000 17.0000 1.0000
      vertex 24.0000 16.0000 1.0000
    endloop
  endfacet
  facet normal 0 0 0
    outer loop
      vertex 24.0000 17.0000 0.4000
      vertex 24.0000 16.0000 1.0000
      vertex 24.0000 16.0000 0.4000
    endloop
  endfacet
  facet normal 0 0 0
    outer loop
      vertex 4.0000 15.0000 0.4000
      vertex 5.0000 15.0000 0.4000
      vertex 5.0000 16.0000 0.4000
    endloop
  endfacet
  facet normal 0 0 0
    outer loop
      vertex 4.0000 15.0000 0.4000
      vertex 5.0000 16.0000 0.4000
      vertex 4.0000 16.0000 0.4000
    endloop
  endfacet
  facet normal 0 0 0
    outer loop
      vertex 4.0000 15.0000 1.0000
      vertex 5.0000 16.0000 1.0000
      vertex 5.0000 15.0000 1.0000
    endloop
  endfacet
  facet normal 0 0 0
    outer loop
      vertex 4.0000 15.0000 1.0000
      vertex 4.0000 16.0000 1.0000
      vertex 5.0000 16.0000 1.0000
    endloop
  endfacet
  facet normal 0 0 0
    outer loop
      vertex 4.0000 15.0000 0.4000
      vertex 4.0000 15.0000 1.0000
      vertex 5.0000 15.0000 1.0000
    endloop
  endfacet
  facet normal 0 0 0
    outer loop
      vertex 4.0000 15.0000 0.4000
      vertex 5.0000 15.0000 1.0000
      vertex 5.0000 15.0000 0.4000
    endloop
  endfacet
  facet normal 0 0 0
    outer loop
      vertex 5.0000 15.0000 0.4000
      vertex 5.0000 15.0000 1.0000
      vertex 5.0000 16.0000 1.0000
    endloop
  endfacet
  facet normal 0 0 0
    outer loop
      vertex 5.0000 15.0000 0.4000
      vertex 5.0000 16.0000 1.0000
      vertex 5.0000 16.0000 0.4000
    endloop
  endfacet
  facet normal 0 0 0
    outer loop
      vertex 5.0000 16.0000 0.4000
      vertex 5.0000 16.0000 1.0000
      vertex 4.0000 16.0000 1.0000
    endloop
  endfacet
  facet normal 0 0 0
    outer loop
      vertex 5.0000 16.0000 0.4000
      vertex 4.0000 16.0000 1.0000
      vertex 4.0000 16.0000 0.4000
    endloop
  endfacet
  facet normal 0 0 0
    outer loop
      vertex 4.0000 16.0000 0.4000
      vertex 4.0000 16.0000 1.0000
      vertex 4.0000 15.0000 1.0000
    endloop
  endfacet
  facet normal 0 0 0
    outer loop
      vertex 4.0000 16.0000 0.4000
      vertex 4.0000 15.0000 1.0000
      vertex 4.0000 15.0000 0.4000
    endloop
  endfacet
  facet normal 0 0 0
    outer loop
      vertex 6.0000 15.0000 0.4000
      vertex 7.0000 15.0000 0.4000
      vertex 7.0000 16.0000 0.4000
    endloop
  endfacet
  facet normal 0 0 0
    outer loop
      vertex 6.0000 15.0000 0.4000
      vertex 7.0000 16.0000 0.4000
      vertex 6.0000 16.0000 0.4000
    endloop
  endfacet
  facet normal 0 0 0
    outer loop
      vertex 6.0000 15.0000 1.0000
      vertex 7.0000 16.0000 1.0000
      vertex 7.0000 15.0000 1.0000
    endloop
  endfacet
  facet normal 0 0 0
    outer loop
      vertex 6.0000 15.0000 1.0000
      vertex 6.0000 16.0000 1.0000
      vertex 7.0000 16.0000 1.0000
    endloop
  endfacet
  facet normal 0 0 0
    outer loop
      vertex 6.0000 15.0000 0.4000
      vertex 6.0000 15.0000 1.0000
      vertex 7.0000 15.0000 1.0000
    endloop
  endfacet
  facet normal 0 0 0
    outer loop
      vertex 6.0000 15.0000 0.4000
      vertex 7.0000 15.0000 1.0000
      vertex 7.0000 15.0000 0.4000
    endloop
  endfacet
  facet normal 0 0 0
    outer loop
      vertex 7.0000 15.0000 0.4000
      vertex 7.0000 15.0000 1.0000
      vertex 7.0000 16.0000 1.0000
    endloop
  endfacet
  facet normal 0 0 0
    outer loop
      vertex 7.0000 15.0000 0.4000
      vertex 7.0000 16.0000 1.0000
      vertex 7.0000 16.0000 0.4000
    endloop
  endfacet
  facet normal 0 0 0
    outer loop
      vertex 7.0000 16.0000 0.4000
      vertex 7.0000 16.0000 1.0000
      vertex 6.0000 16.0000 1.0000
    endloop
  endfacet
  facet normal 0 0 0
    outer loop
      vertex 7.0000 16.0000 0.4000
      vertex 6.0000 16.0000 1.0000
      vertex 6.0000 16.0000 0.4000
    endloop
  endfacet
  facet normal 0 0 0
    outer loop
      vertex 6.0000 16.0000 0.4000
      vertex 6.0000 16.0000 1.0000
      vertex 6.0000 15.0000 1.0000
    endloop
  endfacet
  facet normal 0 0 0
    outer loop
      vertex 6.0000 16.0000 0.4000
      vertex 6.0000 15.0000 1.0000
      vertex 6.0000 15.0000 0.4000
    endloop
  endfacet
  facet normal 0 0 0
    outer loop
      vertex 7.0000 15.0000 0.4000
      vertex 8.0000 15.0000 0.4000
      vertex 8.0000 16.0000 0.4000
    endloop
  endfacet
  facet normal 0 0 0
    outer loop
      vertex 7.0000 15.0000 0.4000
      vertex 8.0000 16.0000 0.4000
      vertex 7.0000 16.0000 0.4000
    endloop
  endfacet
  facet normal 0 0 0
    outer loop
      vertex 7.0000 15.0000 1.0000
      vertex 8.0000 16.0000 1.0000
      vertex 8.0000 15.0000 1.0000
    endloop
  endfacet
  facet normal 0 0 0
    outer loop
      vertex 7.0000 15.0000 1.0000
      vertex 7.0000 16.0000 1.0000
      vertex 8.0000 16.0000 1.0000
    endloop
  endfacet
  facet normal 0 0 0
    outer loop
      vertex 7.0000 15.0000 0.4000
      vertex 7.0000 15.0000 1.0000
      vertex 8.0000 15.0000 1.0000
    endloop
  endfacet
  facet normal 0 0 0
    outer loop
      vertex 7.0000 15.0000 0.4000
      vertex 8.0000 15.0000 1.0000
      vertex 8.0000 15.0000 0.4000
    endloop
  endfacet
  facet normal 0 0 0
    outer loop
      vertex 8.0000 15.0000 0.4000
      vertex 8.0000 15.0000 1.0000
      vertex 8.0000 16.0000 1.0000
    endloop
  endfacet
  facet normal 0 0 0
    outer loop
      vertex 8.0000 15.0000 0.4000
      vertex 8.0000 16.0000 1.0000
      vertex 8.0000 16.0000 0.4000
    endloop
  endfacet
  facet normal 0 0 0
    outer loop
      vertex 8.0000 16.0000 0.4000
      vertex 8.0000 16.0000 1.0000
      vertex 7.0000 16.0000 1.0000
    endloop
  endfacet
  facet normal 0 0 0
    outer loop
      vertex 8.0000 16.0000 0.4000
      vertex 7.0000 16.0000 1.0000
      vertex 7.0000 16.0000 0.4000
    endloop
  endfacet
  facet normal 0 0 0
    outer loop
      vertex 7.0000 16.0000 0.4000
      vertex 7.0000 16.0000 1.0000
      vertex 7.0000 15.0000 1.0000
    endloop
  endfacet
  facet normal 0 0 0
    outer loop
      vertex 7.0000 16.0000 0.4000
      vertex 7.0000 15.0000 1.0000
      vertex 7.0000 15.0000 0.4000
    endloop
  endfacet
  facet normal 0 0 0
    outer loop
      vertex 14.0000 15.0000 0.4000
      vertex 15.0000 15.0000 0.4000
      vertex 15.0000 16.0000 0.4000
    endloop
  endfacet
  facet normal 0 0 0
    outer loop
      vertex 14.0000 15.0000 0.4000
      vertex 15.0000 16.0000 0.4000
      vertex 14.0000 16.0000 0.4000
    endloop
  endfacet
  facet normal 0 0 0
    outer loop
      vertex 14.0000 15.0000 1.0000
      vertex 15.0000 16.0000 1.0000
      vertex 15.0000 15.0000 1.0000
    endloop
  endfacet
  facet normal 0 0 0
    outer loop
      vertex 14.0000 15.0000 1.0000
      vertex 14.0000 16.0000 1.0000
      vertex 15.0000 16.0000 1.0000
    endloop
  endfacet
  facet normal 0 0 0
    outer loop
      vertex 14.0000 15.0000 0.4000
      vertex 14.0000 15.0000 1.0000
      vertex 15.0000 15.0000 1.0000
    endloop
  endfacet
  facet normal 0 0 0
    outer loop
      vertex 14.0000 15.0000 0.4000
      vertex 15.0000 15.0000 1.0000
      vertex 15.0000 15.0000 0.4000
    endloop
  endfacet
  facet normal 0 0 0
    outer loop
      vertex 15.0000 15.0000 0.4000
      vertex 15.0000 15.0000 1.0000
      vertex 15.0000 16.0000 1.0000
    endloop
  endfacet
  facet normal 0 0 0
    outer loop
      vertex 15.0000 15.0000 0.4000
      vertex 15.0000 16.0000 1.0000
      vertex 15.0000 16.0000 0.4000
    endloop
  endfacet
  facet normal 0 0 0
    outer loop
      vertex 15.0000 16.0000 0.4000
      vertex 15.0000 16.0000 1.0000
      vertex 14.0000 16.0000 1.0000
    endloop
  endfacet
  facet normal 0 0 0
    outer loop
      vertex 15.0000 16.0000 0.4000
      vertex 14.0000 16.0000 1.0000
      vertex 14.0000 16.0000 0.4000
    endloop
  endfacet
  facet normal 0 0 0
    outer loop
      vertex 14.0000 16.0000 0.4000
      vertex 14.0000 16.0000 1.0000
      vertex 14.0000 15.0000 1.0000
    endloop
  endfacet
  facet normal 0 0 0
    outer loop
      vertex 14.0000 16.0000 0.4000
      vertex 14.0000 15.0000 1.0000
      vertex 14.0000 15.0000 0.4000
    endloop
  endfacet
  facet normal 0 0 0
    outer loop
      vertex 17.0000 15.0000 0.4000
      vertex 18.0000 15.0000 0.4000
      vertex 18.0000 16.0000 0.4000
    endloop
  endfacet
  facet normal 0 0 0
    outer loop
      vertex 17.0000 15.0000 0.4000
      vertex 18.0000 16.0000 0.4000
      vertex 17.0000 16.0000 0.4000
    endloop
  endfacet
  facet normal 0 0 0
    outer loop
      vertex 17.0000 15.0000 1.0000
      vertex 18.0000 16.0000 1.0000
      vertex 18.0000 15.0000 1.0000
    endloop
  endfacet
  facet normal 0 0 0
    outer loop
      vertex 17.0000 15.0000 1.0000
      vertex 17.0000 16.0000 1.0000
      vertex 18.0000 16.0000 1.0000
    endloop
  endfacet
  facet normal 0 0 0
    outer loop
      vertex 17.0000 15.0000 0.4000
      vertex 17.0000 15.0000 1.0000
      vertex 18.0000 15.0000 1.0000
    endloop
  endfacet
  facet normal 0 0 0
    outer loop
      vertex 17.0000 15.0000 0.4000
      vertex 18.0000 15.0000 1.0000
      vertex 18.0000 15.0000 0.4000
    endloop
  endfacet
  facet normal 0 0 0
    outer loop
      vertex 18.0000 15.0000 0.4000
      vertex 18.0000 15.0000 1.0000
      vertex 18.0000 16.0000 1.0000
    endloop
  endfacet
  facet normal 0 0 0
    outer loop
      vertex 18.0000 15.0000 0.4000
      vertex 18.0000 16.0000 1.0000
      vertex 18.0000 16.0000 0.4000
    endloop
  endfacet
  facet normal 0 0 0
    outer loop
      vertex 18.0000 16.0000 0.4000
      vertex 18.0000 16.0000 1.0000
      vertex 17.0000 16.0000 1.0000
    endloop
  endfacet
  facet normal 0 0 0
    outer loop
      vertex 18.0000 16.0000 0.4000
      vertex 17.0000 16.0000 1.0000
      vertex 17.0000 16.0000 0.4000
    endloop
  endfacet
  facet normal 0 0 0
    outer loop
      vertex 17.0000 16.0000 0.4000
      vertex 17.0000 16.0000 1.0000
      vertex 17.0000 15.0000 1.0000
    endloop
  endfacet
  facet normal 0 0 0
    outer loop
      vertex 17.0000 16.0000 0.4000
      vertex 17.0000 15.0000 1.0000
      vertex 17.0000 15.0000 0.4000
    endloop
  endfacet
  facet normal 0 0 0
    outer loop
      vertex 18.0000 15.0000 0.4000
      vertex 19.0000 15.0000 0.4000
      vertex 19.0000 16.0000 0.4000
    endloop
  endfacet
  facet normal 0 0 0
    outer loop
      vertex 18.0000 15.0000 0.4000
      vertex 19.0000 16.0000 0.4000
      vertex 18.0000 16.0000 0.4000
    endloop
  endfacet
  facet normal 0 0 0
    outer loop
      vertex 18.0000 15.0000 1.0000
      vertex 19.0000 16.0000 1.0000
      vertex 19.0000 15.0000 1.0000
    endloop
  endfacet
  facet normal 0 0 0
    outer loop
      vertex 18.0000 15.0000 1.0000
      vertex 18.0000 16.0000 1.0000
      vertex 19.0000 16.0000 1.0000
    endloop
  endfacet
  facet normal 0 0 0
    outer loop
      vertex 18.0000 15.0000 0.4000
      vertex 18.0000 15.0000 1.0000
      vertex 19.0000 15.0000 1.0000
    endloop
  endfacet
  facet normal 0 0 0
    outer loop
      vertex 18.0000 15.0000 0.4000
      vertex 19.0000 15.0000 1.0000
      vertex 19.0000 15.0000 0.4000
    endloop
  endfacet
  facet normal 0 0 0
    outer loop
      vertex 19.0000 15.0000 0.4000
      vertex 19.0000 15.0000 1.0000
      vertex 19.0000 16.0000 1.0000
    endloop
  endfacet
  facet normal 0 0 0
    outer loop
      vertex 19.0000 15.0000 0.4000
      vertex 19.0000 16.0000 1.0000
      vertex 19.0000 16.0000 0.4000
    endloop
  endfacet
  facet normal 0 0 0
    outer loop
      vertex 19.0000 16.0000 0.4000
      vertex 19.0000 16.0000 1.0000
      vertex 18.0000 16.0000 1.0000
    endloop
  endfacet
  facet normal 0 0 0
    outer loop
      vertex 19.0000 16.0000 0.4000
      vertex 18.0000 16.0000 1.0000
      vertex 18.0000 16.0000 0.4000
    endloop
  endfacet
  facet normal 0 0 0
    outer loop
      vertex 18.0000 16.0000 0.4000
      vertex 18.0000 16.0000 1.0000
      vertex 18.0000 15.0000 1.0000
    endloop
  endfacet
  facet normal 0 0 0
    outer loop
      vertex 18.0000 16.0000 0.4000
      vertex 18.0000 15.0000 1.0000
      vertex 18.0000 15.0000 0.4000
    endloop
  endfacet
  facet normal 0 0 0
    outer loop
      vertex 19.0000 15.0000 0.4000
      vertex 20.0000 15.0000 0.4000
      vertex 20.0000 16.0000 0.4000
    endloop
  endfacet
  facet normal 0 0 0
    outer loop
      vertex 19.0000 15.0000 0.4000
      vertex 20.0000 16.0000 0.4000
      vertex 19.0000 16.0000 0.4000
    endloop
  endfacet
  facet normal 0 0 0
    outer loop
      vertex 19.0000 15.0000 1.0000
      vertex 20.0000 16.0000 1.0000
      vertex 20.0000 15.0000 1.0000
    endloop
  endfacet
  facet normal 0 0 0
    outer loop
      vertex 19.0000 15.0000 1.0000
      vertex 19.0000 16.0000 1.0000
      vertex 20.0000 16.0000 1.0000
    endloop
  endfacet
  facet normal 0 0 0
    outer loop
      vertex 19.0000 15.0000 0.4000
      vertex 19.0000 15.0000 1.0000
      vertex 20.0000 15.0000 1.0000
    endloop
  endfacet
  facet normal 0 0 0
    outer loop
      vertex 19.0000 15.0000 0.4000
      vertex 20.0000 15.0000 1.0000
      vertex 20.0000 15.0000 0.4000
    endloop
  endfacet
  facet normal 0 0 0
    outer loop
      vertex 20.0000 15.0000 0.4000
      vertex 20.0000 15.0000 1.0000
      vertex 20.0000 16.0000 1.0000
    endloop
  endfacet
  facet normal 0 0 0
    outer loop
      vertex 20.0000 15.0000 0.4000
      vertex 20.0000 16.0000 1.0000
      vertex 20.0000 16.0000 0.4000
    endloop
  endfacet
  facet normal 0 0 0
    outer loop
      vertex 20.0000 16.0000 0.4000
      vertex 20.0000 16.0000 1.0000
      vertex 19.0000 16.0000 1.0000
    endloop
  endfacet
  facet normal 0 0 0
    outer loop
      vertex 20.0000 16.0000 0.4000
      vertex 19.0000 16.0000 1.0000
      vertex 19.0000 16.0000 0.4000
    endloop
  endfacet
  facet normal 0 0 0
    outer loop
      vertex 19.0000 16.0000 0.4000
      vertex 19.0000 16.0000 1.0000
      vertex 19.0000 15.0000 1.0000
    endloop
  endfacet
  facet normal 0 0 0
    outer loop
      vertex 19.0000 16.0000 0.4000
      vertex 19.0000 15.0000 1.0000
      vertex 19.0000 15.0000 0.4000
    endloop
  endfacet
  facet normal 0 0 0
    outer loop
      vertex 20.0000 15.0000 0.4000
      vertex 21.0000 15.0000 0.4000
      vertex 21.0000 16.0000 0.4000
    endloop
  endfacet
  facet normal 0 0 0
    outer loop
      vertex 20.0000 15.0000 0.4000
      vertex 21.0000 16.0000 0.4000
      vertex 20.0000 16.0000 0.4000
    endloop
  endfacet
  facet normal 0 0 0
    outer loop
      vertex 20.0000 15.0000 1.0000
      vertex 21.0000 16.0000 1.0000
      vertex 21.0000 15.0000 1.0000
    endloop
  endfacet
  facet normal 0 0 0
    outer loop
      vertex 20.0000 15.0000 1.0000
      vertex 20.0000 16.0000 1.0000
      vertex 21.0000 16.0000 1.0000
    endloop
  endfacet
  facet normal 0 0 0
    outer loop
      vertex 20.0000 15.0000 0.4000
      vertex 20.0000 15.0000 1.0000
      vertex 21.0000 15.0000 1.0000
    endloop
  endfacet
  facet normal 0 0 0
    outer loop
      vertex 20.0000 15.0000 0.4000
      vertex 21.0000 15.0000 1.0000
      vertex 21.0000 15.0000 0.4000
    endloop
  endfacet
  facet normal 0 0 0
    outer loop
      vertex 21.0000 15.0000 0.4000
      vertex 21.0000 15.0000 1.0000
      vertex 21.0000 16.0000 1.0000
    endloop
  endfacet
  facet normal 0 0 0
    outer loop
      vertex 21.0000 15.0000 0.4000
      vertex 21.0000 16.0000 1.0000
      vertex 21.0000 16.0000 0.4000
    endloop
  endfacet
  facet normal 0 0 0
    outer loop
      vertex 21.0000 16.0000 0.4000
      vertex 21.0000 16.0000 1.0000
      vertex 20.0000 16.0000 1.0000
    endloop
  endfacet
  facet normal 0 0 0
    outer loop
      vertex 21.0000 16.0000 0.4000
      vertex 20.0000 16.0000 1.0000
      vertex 20.0000 16.0000 0.4000
    endloop
  endfacet
  facet normal 0 0 0
    outer loop
      vertex 20.0000 16.0000 0.4000
      vertex 20.0000 16.0000 1.0000
      vertex 20.0000 15.0000 1.0000
    endloop
  endfacet
  facet normal 0 0 0
    outer loop
      vertex 20.0000 16.0000 0.4000
      vertex 20.0000 15.0000 1.0000
      vertex 20.0000 15.0000 0.4000
    endloop
  endfacet
  facet normal 0 0 0
    outer loop
      vertex 21.0000 15.0000 0.4000
      vertex 22.0000 15.0000 0.4000
      vertex 22.0000 16.0000 0.4000
    endloop
  endfacet
  facet normal 0 0 0
    outer loop
      vertex 21.0000 15.0000 0.4000
      vertex 22.0000 16.0000 0.4000
      vertex 21.0000 16.0000 0.4000
    endloop
  endfacet
  facet normal 0 0 0
    outer loop
      vertex 21.0000 15.0000 1.0000
      vertex 22.0000 16.0000 1.0000
      vertex 22.0000 15.0000 1.0000
    endloop
  endfacet
  facet normal 0 0 0
    outer loop
      vertex 21.0000 15.0000 1.0000
      vertex 21.0000 16.0000 1.0000
      vertex 22.0000 16.0000 1.0000
    endloop
  endfacet
  facet normal 0 0 0
    outer loop
      vertex 21.0000 15.0000 0.4000
      vertex 21.0000 15.0000 1.0000
      vertex 22.0000 15.0000 1.0000
    endloop
  endfacet
  facet normal 0 0 0
    outer loop
      vertex 21.0000 15.0000 0.4000
      vertex 22.0000 15.0000 1.0000
      vertex 22.0000 15.0000 0.4000
    endloop
  endfacet
  facet normal 0 0 0
    outer loop
      vertex 22.0000 15.0000 0.4000
      vertex 22.0000 15.0000 1.0000
      vertex 22.0000 16.0000 1.0000
    endloop
  endfacet
  facet normal 0 0 0
    outer loop
      vertex 22.0000 15.0000 0.4000
      vertex 22.0000 16.0000 1.0000
      vertex 22.0000 16.0000 0.4000
    endloop
  endfacet
  facet normal 0 0 0
    outer loop
      vertex 22.0000 16.0000 0.4000
      vertex 22.0000 16.0000 1.0000
      vertex 21.0000 16.0000 1.0000
    endloop
  endfacet
  facet normal 0 0 0
    outer loop
      vertex 22.0000 16.0000 0.4000
      vertex 21.0000 16.0000 1.0000
      vertex 21.0000 16.0000 0.4000
    endloop
  endfacet
  facet normal 0 0 0
    outer loop
      vertex 21.0000 16.0000 0.4000
      vertex 21.0000 16.0000 1.0000
      vertex 21.0000 15.0000 1.0000
    endloop
  endfacet
  facet normal 0 0 0
    outer loop
      vertex 21.0000 16.0000 0.4000
      vertex 21.0000 15.0000 1.0000
      vertex 21.0000 15.0000 0.4000
    endloop
  endfacet
  facet normal 0 0 0
    outer loop
      vertex 24.0000 15.0000 0.4000
      vertex 25.0000 15.0000 0.4000
      vertex 25.0000 16.0000 0.4000
    endloop
  endfacet
  facet normal 0 0 0
    outer loop
      vertex 24.0000 15.0000 0.4000
      vertex 25.0000 16.0000 0.4000
      vertex 24.0000 16.0000 0.4000
    endloop
  endfacet
  facet normal 0 0 0
    outer loop
      vertex 24.0000 15.0000 1.0000
      vertex 25.0000 16.0000 1.0000
      vertex 25.0000 15.0000 1.0000
    endloop
  endfacet
  facet normal 0 0 0
    outer loop
      vertex 24.0000 15.0000 1.0000
      vertex 24.0000 16.0000 1.0000
      vertex 25.0000 16.0000 1.0000
    endloop
  endfacet
  facet normal 0 0 0
    outer loop
      vertex 24.0000 15.0000 0.4000
      vertex 24.0000 15.0000 1.0000
      vertex 25.0000 15.0000 1.0000
    endloop
  endfacet
  facet normal 0 0 0
    outer loop
      vertex 24.0000 15.0000 0.4000
      vertex 25.0000 15.0000 1.0000
      vertex 25.0000 15.0000 0.4000
    endloop
  endfacet
  facet normal 0 0 0
    outer loop
      vertex 25.0000 15.0000 0.4000
      vertex 25.0000 15.0000 1.0000
      vertex 25.0000 16.0000 1.0000
    endloop
  endfacet
  facet normal 0 0 0
    outer loop
      vertex 25.0000 15.0000 0.4000
      vertex 25.0000 16.0000 1.0000
      vertex 25.0000 16.0000 0.4000
    endloop
  endfacet
  facet normal 0 0 0
    outer loop
      vertex 25.0000 16.0000 0.4000
      vertex 25.0000 16.0000 1.0000
      vertex 24.0000 16.0000 1.0000
    endloop
  endfacet
  facet normal 0 0 0
    outer loop
      vertex 25.0000 16.0000 0.4000
      vertex 24.0000 16.0000 1.0000
      vertex 24.0000 16.0000 0.4000
    endloop
  endfacet
  facet normal 0 0 0
    outer loop
      vertex 24.0000 16.0000 0.4000
      vertex 24.0000 16.0000 1.0000
      vertex 24.0000 15.0000 1.0000
    endloop
  endfacet
  facet normal 0 0 0
    outer loop
      vertex 24.0000 16.0000 0.4000
      vertex 24.0000 15.0000 1.0000
      vertex 24.0000 15.0000 0.4000
    endloop
  endfacet
  facet normal 0 0 0
    outer loop
      vertex 7.0000 14.0000 0.4000
      vertex 8.0000 14.0000 0.4000
      vertex 8.0000 15.0000 0.4000
    endloop
  endfacet
  facet normal 0 0 0
    outer loop
      vertex 7.0000 14.0000 0.4000
      vertex 8.0000 15.0000 0.4000
      vertex 7.0000 15.0000 0.4000
    endloop
  endfacet
  facet normal 0 0 0
    outer loop
      vertex 7.0000 14.0000 1.0000
      vertex 8.0000 15.0000 1.0000
      vertex 8.0000 14.0000 1.0000
    endloop
  endfacet
  facet normal 0 0 0
    outer loop
      vertex 7.0000 14.0000 1.0000
      vertex 7.0000 15.0000 1.0000
      vertex 8.0000 15.0000 1.0000
    endloop
  endfacet
  facet normal 0 0 0
    outer loop
      vertex 7.0000 14.0000 0.4000
      vertex 7.0000 14.0000 1.0000
      vertex 8.0000 14.0000 1.0000
    endloop
  endfacet
  facet normal 0 0 0
    outer loop
      vertex 7.0000 14.0000 0.4000
      vertex 8.0000 14.0000 1.0000
      vertex 8.0000 14.0000 0.4000
    endloop
  endfacet
  facet normal 0 0 0
    outer loop
      vertex 8.0000 14.0000 0.4000
      vertex 8.0000 14.0000 1.0000
      vertex 8.0000 15.0000 1.0000
    endloop
  endfacet
  facet normal 0 0 0
    outer loop
      vertex 8.0000 14.0000 0.4000
      vertex 8.0000 15.0000 1.0000
      vertex 8.0000 15.0000 0.4000
    endloop
  endfacet
  facet normal 0 0 0
    outer loop
      vertex 8.0000 15.0000 0.4000
      vertex 8.0000 15.0000 1.0000
      vertex 7.0000 15.0000 1.0000
    endloop
  endfacet
  facet normal 0 0 0
    outer loop
      vertex 8.0000 15.0000 0.4000
      vertex 7.0000 15.0000 1.0000
      vertex 7.0000 15.0000 0.4000
    endloop
  endfacet
  facet normal 0 0 0
    outer loop
      vertex 7.0000 15.0000 0.4000
      vertex 7.0000 15.0000 1.0000
      vertex 7.0000 14.0000 1.0000
    endloop
  endfacet
  facet normal 0 0 0
    outer loop
      vertex 7.0000 15.0000 0.4000
      vertex 7.0000 14.0000 1.0000
      vertex 7.0000 14.0000 0.4000
    endloop
  endfacet
  facet normal 0 0 0
    outer loop
      vertex 9.0000 14.0000 0.4000
      vertex 10.0000 14.0000 0.4000
      vertex 10.0000 15.0000 0.4000
    endloop
  endfacet
  facet normal 0 0 0
    outer loop
      vertex 9.0000 14.0000 0.4000
      vertex 10.0000 15.0000 0.4000
      vertex 9.0000 15.0000 0.4000
    endloop
  endfacet
  facet normal 0 0 0
    outer loop
      vertex 9.0000 14.0000 1.0000
      vertex 10.0000 15.0000 1.0000
      vertex 10.0000 14.0000 1.0000
    endloop
  endfacet
  facet normal 0 0 0
    outer loop
      vertex 9.0000 14.0000 1.0000
      vertex 9.0000 15.0000 1.0000
      vertex 10.0000 15.0000 1.0000
    endloop
  endfacet
  facet normal 0 0 0
    outer loop
      vertex 9.0000 14.0000 0.4000
      vertex 9.0000 14.0000 1.0000
      vertex 10.0000 14.0000 1.0000
    endloop
  endfacet
  facet normal 0 0 0
    outer loop
      vertex 9.0000 14.0000 0.4000
      vertex 10.0000 14.0000 1.0000
      vertex 10.0000 14.0000 0.4000
    endloop
  endfacet
  facet normal 0 0 0
    outer loop
      vertex 10.0000 14.0000 0.4000
      vertex 10.0000 14.0000 1.0000
      vertex 10.0000 15.0000 1.0000
    endloop
  endfacet
  facet normal 0 0 0
    outer loop
      vertex 10.0000 14.0000 0.4000
      vertex 10.0000 15.0000 1.0000
      vertex 10.0000 15.0000 0.4000
    endloop
  endfacet
  facet normal 0 0 0
    outer loop
      vertex 10.0000 15.0000 0.4000
      vertex 10.0000 15.0000 1.0000
      vertex 9.0000 15.0000 1.0000
    endloop
  endfacet
  facet normal 0 0 0
    outer loop
      vertex 10.0000 15.0000 0.4000
      vertex 9.0000 15.0000 1.0000
      vertex 9.0000 15.0000 0.4000
    endloop
  endfacet
  facet normal 0 0 0
    outer loop
      vertex 9.0000 15.0000 0.4000
      vertex 9.0000 15.0000 1.0000
      vertex 9.0000 14.0000 1.0000
    endloop
  endfacet
  facet normal 0 0 0
    outer loop
      vertex 9.0000 15.0000 0.4000
      vertex 9.0000 14.0000 1.0000
      vertex 9.0000 14.0000 0.4000
    endloop
  endfacet
  facet normal 0 0 0
    outer loop
      vertex 10.0000 14.0000 0.4000
      vertex 11.0000 14.0000 0.4000
      vertex 11.0000 15.0000 0.4000
    endloop
  endfacet
  facet normal 0 0 0
    outer loop
      vertex 10.0000 14.0000 0.4000
      vertex 11.0000 15.0000 0.4000
      vertex 10.0000 15.0000 0.4000
    endloop
  endfacet
  facet normal 0 0 0
    outer loop
      vertex 10.0000 14.0000 1.0000
      vertex 11.0000 15.0000 1.0000
      vertex 11.0000 14.0000 1.0000
    endloop
  endfacet
  facet normal 0 0 0
    outer loop
      vertex 10.0000 14.0000 1.0000
      vertex 10.0000 15.0000 1.0000
      vertex 11.0000 15.0000 1.0000
    endloop
  endfacet
  facet normal 0 0 0
    outer loop
      vertex 10.0000 14.0000 0.4000
      vertex 10.0000 14.0000 1.0000
      vertex 11.0000 14.0000 1.0000
    endloop
  endfacet
  facet normal 0 0 0
    outer loop
      vertex 10.0000 14.0000 0.4000
      vertex 11.0000 14.0000 1.0000
      vertex 11.0000 14.0000 0.4000
    endloop
  endfacet
  facet normal 0 0 0
    outer loop
      vertex 11.0000 14.0000 0.4000
      vertex 11.0000 14.0000 1.0000
      vertex 11.0000 15.0000 1.0000
    endloop
  endfacet
  facet normal 0 0 0
    outer loop
      vertex 11.0000 14.0000 0.4000
      vertex 11.0000 15.0000 1.0000
      vertex 11.0000 15.0000 0.4000
    endloop
  endfacet
  facet normal 0 0 0
    outer loop
      vertex 11.0000 15.0000 0.4000
      vertex 11.0000 15.0000 1.0000
      vertex 10.0000 15.0000 1.0000
    endloop
  endfacet
  facet normal 0 0 0
    outer loop
      vertex 11.0000 15.0000 0.4000
      vertex 10.0000 15.0000 1.0000
      vertex 10.0000 15.0000 0.4000
    endloop
  endfacet
  facet normal 0 0 0
    outer loop
      vertex 10.0000 15.0000 0.4000
      vertex 10.0000 15.0000 1.0000
      vertex 10.0000 14.0000 1.0000
    endloop
  endfacet
  facet normal 0 0 0
    outer loop
      vertex 10.0000 15.0000 0.4000
      vertex 10.0000 14.0000 1.0000
      vertex 10.0000 14.0000 0.4000
    endloop
  endfacet
  facet normal 0 0 0
    outer loop
      vertex 12.0000 14.0000 0.4000
      vertex 13.0000 14.0000 0.4000
      vertex 13.0000 15.0000 0.4000
    endloop
  endfacet
  facet normal 0 0 0
    outer loop
      vertex 12.0000 14.0000 0.4000
      vertex 13.0000 15.0000 0.4000
      vertex 12.0000 15.0000 0.4000
    endloop
  endfacet
  facet normal 0 0 0
    outer loop
      vertex 12.0000 14.0000 1.0000
      vertex 13.0000 15.0000 1.0000
      vertex 13.0000 14.0000 1.0000
    endloop
  endfacet
  facet normal 0 0 0
    outer loop
      vertex 12.0000 14.0000 1.0000
      vertex 12.0000 15.0000 1.0000
      vertex 13.0000 15.0000 1.0000
    endloop
  endfacet
  facet normal 0 0 0
    outer loop
      vertex 12.0000 14.0000 0.4000
      vertex 12.0000 14.0000 1.0000
      vertex 13.0000 14.0000 1.0000
    endloop
  endfacet
  facet normal 0 0 0
    outer loop
      vertex 12.0000 14.0000 0.4000
      vertex 13.0000 14.0000 1.0000
      vertex 13.0000 14.0000 0.4000
    endloop
  endfacet
  facet normal 0 0 0
    outer loop
      vertex 13.0000 14.0000 0.4000
      vertex 13.0000 14.0000 1.0000
      vertex 13.0000 15.0000 1.0000
    endloop
  endfacet
  facet normal 0 0 0
    outer loop
      vertex 13.0000 14.0000 0.4000
      vertex 13.0000 15.0000 1.0000
      vertex 13.0000 15.0000 0.4000
    endloop
  endfacet
  facet normal 0 0 0
    outer loop
      vertex 13.0000 15.0000 0.4000
      vertex 13.0000 15.0000 1.0000
      vertex 12.0000 15.0000 1.0000
    endloop
  endfacet
  facet normal 0 0 0
    outer loop
      vertex 13.0000 15.0000 0.4000
      vertex 12.0000 15.0000 1.0000
      vertex 12.0000 15.0000 0.4000
    endloop
  endfacet
  facet normal 0 0 0
    outer loop
      vertex 12.0000 15.0000 0.4000
      vertex 12.0000 15.0000 1.0000
      vertex 12.0000 14.0000 1.0000
    endloop
  endfacet
  facet normal 0 0 0
    outer loop
      vertex 12.0000 15.0000 0.4000
      vertex 12.0000 14.0000 1.0000
      vertex 12.0000 14.0000 0.4000
    endloop
  endfacet
  facet normal 0 0 0
    outer loop
      vertex 17.0000 14.0000 0.4000
      vertex 18.0000 14.0000 0.4000
      vertex 18.0000 15.0000 0.4000
    endloop
  endfacet
  facet normal 0 0 0
    outer loop
      vertex 17.0000 14.0000 0.4000
      vertex 18.0000 15.0000 0.4000
      vertex 17.0000 15.0000 0.4000
    endloop
  endfacet
  facet normal 0 0 0
    outer loop
      vertex 17.0000 14.0000 1.0000
      vertex 18.0000 15.0000 1.0000
      vertex 18.0000 14.0000 1.0000
    endloop
  endfacet
  facet normal 0 0 0
    outer loop
      vertex 17.0000 14.0000 1.0000
      vertex 17.0000 15.0000 1.0000
      vertex 18.0000 15.0000 1.0000
    endloop
  endfacet
  facet normal 0 0 0
    outer loop
      vertex 17.0000 14.0000 0.4000
      vertex 17.0000 14.0000 1.0000
      vertex 18.0000 14.0000 1.0000
    endloop
  endfacet
  facet normal 0 0 0
    outer loop
      vertex 17.0000 14.0000 0.4000
      vertex 18.0000 14.0000 1.0000
      vertex 18.0000 14.0000 0.4000
    endloop
  endfacet
  facet normal 0 0 0
    outer loop
      vertex 18.0000 14.0000 0.4000
      vertex 18.0000 14.0000 1.0000
      vertex 18.0000 15.0000 1.0000
    endloop
  endfacet
  facet normal 0 0 0
    outer loop
      vertex 18.0000 14.0000 0.4000
      vertex 18.0000 15.0000 1.0000
      vertex 18.0000 15.0000 0.4000
    endloop
  endfacet
  facet normal 0 0 0
    outer loop
      vertex 18.0000 15.0000 0.4000
      vertex 18.0000 15.0000 1.0000
      vertex 17.0000 15.0000 1.0000
    endloop
  endfacet
  facet normal 0 0 0
    outer loop
      vertex 18.0000 15.0000 0.4000
      vertex 17.0000 15.0000 1.0000
      vertex 17.0000 15.0000 0.4000
    endloop
  endfacet
  facet normal 0 0 0
    outer loop
      vertex 17.0000 15.0000 0.4000
      vertex 17.0000 15.0000 1.0000
      vertex 17.0000 14.0000 1.0000
    endloop
  endfacet
  facet normal 0 0 0
    outer loop
      vertex 17.0000 15.0000 0.4000
      vertex 17.0000 14.0000 1.0000
      vertex 17.0000 14.0000 0.4000
    endloop
  endfacet
  facet normal 0 0 0
    outer loop
      vertex 19.0000 14.0000 0.4000
      vertex 20.0000 14.0000 0.4000
      vertex 20.0000 15.0000 0.4000
    endloop
  endfacet
  facet normal 0 0 0
    outer loop
      vertex 19.0000 14.0000 0.4000
      vertex 20.0000 15.0000 0.4000
      vertex 19.0000 15.0000 0.4000
    endloop
  endfacet
  facet normal 0 0 0
    outer loop
      vertex 19.0000 14.0000 1.0000
      vertex 20.0000 15.0000 1.0000
      vertex 20.0000 14.0000 1.0000
    endloop
  endfacet
  facet normal 0 0 0
    outer loop
      vertex 19.0000 14.0000 1.0000
      vertex 19.0000 15.0000 1.0000
      vertex 20.0000 15.0000 1.0000
    endloop
  endfacet
  facet normal 0 0 0
    outer loop
      vertex 19.0000 14.0000 0.4000
      vertex 19.0000 14.0000 1.0000
      vertex 20.0000 14.0000 1.0000
    endloop
  endfacet
  facet normal 0 0 0
    outer loop
      vertex 19.0000 14.0000 0.4000
      vertex 20.0000 14.0000 1.0000
      vertex 20.0000 14.0000 0.4000
    endloop
  endfacet
  facet normal 0 0 0
    outer loop
      vertex 20.0000 14.0000 0.4000
      vertex 20.0000 14.0000 1.0000
      vertex 20.0000 15.0000 1.0000
    endloop
  endfacet
  facet normal 0 0 0
    outer loop
      vertex 20.0000 14.0000 0.4000
      vertex 20.0000 15.0000 1.0000
      vertex 20.0000 15.0000 0.4000
    endloop
  endfacet
  facet normal 0 0 0
    outer loop
      vertex 20.0000 15.0000 0.4000
      vertex 20.0000 15.0000 1.0000
      vertex 19.0000 15.0000 1.0000
    endloop
  endfacet
  facet normal 0 0 0
    outer loop
      vertex 20.0000 15.0000 0.4000
      vertex 19.0000 15.0000 1.0000
      vertex 19.0000 15.0000 0.4000
    endloop
  endfacet
  facet normal 0 0 0
    outer loop
      vertex 19.0000 15.0000 0.4000
      vertex 19.0000 15.0000 1.0000
      vertex 19.0000 14.0000 1.0000
    endloop
  endfacet
  facet normal 0 0 0
    outer loop
      vertex 19.0000 15.0000 0.4000
      vertex 19.0000 14.0000 1.0000
      vertex 19.0000 14.0000 0.4000
    endloop
  endfacet
  facet normal 0 0 0
    outer loop
      vertex 20.0000 14.0000 0.4000
      vertex 21.0000 14.0000 0.4000
      vertex 21.0000 15.0000 0.4000
    endloop
  endfacet
  facet normal 0 0 0
    outer loop
      vertex 20.0000 14.0000 0.4000
      vertex 21.0000 15.0000 0.4000
      vertex 20.0000 15.0000 0.4000
    endloop
  endfacet
  facet normal 0 0 0
    outer loop
      vertex 20.0000 14.0000 1.0000
      vertex 21.0000 15.0000 1.0000
      vertex 21.0000 14.0000 1.0000
    endloop
  endfacet
  facet normal 0 0 0
    outer loop
      vertex 20.0000 14.0000 1.0000
      vertex 20.0000 15.0000 1.0000
      vertex 21.0000 15.0000 1.0000
    endloop
  endfacet
  facet normal 0 0 0
    outer loop
      vertex 20.0000 14.0000 0.4000
      vertex 20.0000 14.0000 1.0000
      vertex 21.0000 14.0000 1.0000
    endloop
  endfacet
  facet normal 0 0 0
    outer loop
      vertex 20.0000 14.0000 0.4000
      vertex 21.0000 14.0000 1.0000
      vertex 21.0000 14.0000 0.4000
    endloop
  endfacet
  facet normal 0 0 0
    outer loop
      vertex 21.0000 14.0000 0.4000
      vertex 21.0000 14.0000 1.0000
      vertex 21.0000 15.0000 1.0000
    endloop
  endfacet
  facet normal 0 0 0
    outer loop
      vertex 21.0000 14.0000 0.4000
      vertex 21.0000 15.0000 1.0000
      vertex 21.0000 15.0000 0.4000
    endloop
  endfacet
  facet normal 0 0 0
    outer loop
      vertex 21.0000 15.0000 0.4000
      vertex 21.0000 15.0000 1.0000
      vertex 20.0000 15.0000 1.0000
    endloop
  endfacet
  facet normal 0 0 0
    outer loop
      vertex 21.0000 15.0000 0.4000
      vertex 20.0000 15.0000 1.0000
      vertex 20.0000 15.0000 0.4000
    endloop
  endfacet
  facet normal 0 0 0
    outer loop
      vertex 20.0000 15.0000 0.4000
      vertex 20.0000 15.0000 1.0000
      vertex 20.0000 14.0000 1.0000
    endloop
  endfacet
  facet normal 0 0 0
    outer loop
      vertex 20.0000 15.0000 0.4000
      vertex 20.0000 14.0000 1.0000
      vertex 20.0000 14.0000 0.4000
    endloop
  endfacet
  facet normal 0 0 0
    outer loop
      vertex 21.0000 14.0000 0.4000
      vertex 22.0000 14.0000 0.4000
      vertex 22.0000 15.0000 0.4000
    endloop
  endfacet
  facet normal 0 0 0
    outer loop
      vertex 21.0000 14.0000 0.4000
      vertex 22.0000 15.0000 0.4000
      vertex 21.0000 15.0000 0.4000
    endloop
  endfacet
  facet normal 0 0 0
    outer loop
      vertex 21.0000 14.0000 1.0000
      vertex 22.0000 15.0000 1.0000
      vertex 22.0000 14.0000 1.0000
    endloop
  endfacet
  facet normal 0 0 0
    outer loop
      vertex 21.0000 14.0000 1.0000
      vertex 21.0000 15.0000 1.0000
      vertex 22.0000 15.0000 1.0000
    endloop
  endfacet
  facet normal 0 0 0
    outer loop
      vertex 21.0000 14.0000 0.4000
      vertex 21.0000 14.0000 1.0000
      vertex 22.0000 14.0000 1.0000
    endloop
  endfacet
  facet normal 0 0 0
    outer loop
      vertex 21.0000 14.0000 0.4000
      vertex 22.0000 14.0000 1.0000
      vertex 22.0000 14.0000 0.4000
    endloop
  endfacet
  facet normal 0 0 0
    outer loop
      vertex 22.0000 14.0000 0.4000
      vertex 22.0000 14.0000 1.0000
      vertex 22.0000 15.0000 1.0000
    endloop
  endfacet
  facet normal 0 0 0
    outer loop
      vertex 22.0000 14.0000 0.4000
      vertex 22.0000 15.0000 1.0000
      vertex 22.0000 15.0000 0.4000
    endloop
  endfacet
  facet normal 0 0 0
    outer loop
      vertex 22.0000 15.0000 0.4000
      vertex 22.0000 15.0000 1.0000
      vertex 21.0000 15.0000 1.0000
    endloop
  endfacet
  facet normal 0 0 0
    outer loop
      vertex 22.0000 15.0000 0.4000
      vertex 21.0000 15.0000 1.0000
      vertex 21.0000 15.0000 0.4000
    endloop
  endfacet
  facet normal 0 0 0
    outer loop
      vertex 21.0000 15.0000 0.4000
      vertex 21.0000 15.0000 1.0000
      vertex 21.0000 14.0000 1.0000
    endloop
  endfacet
  facet normal 0 0 0
    outer loop
      vertex 21.0000 15.0000 0.4000
      vertex 21.0000 14.0000 1.0000
      vertex 21.0000 14.0000 0.4000
    endloop
  endfacet
  facet normal 0 0 0
    outer loop
      vertex 22.0000 14.0000 0.4000
      vertex 23.0000 14.0000 0.4000
      vertex 23.0000 15.0000 0.4000
    endloop
  endfacet
  facet normal 0 0 0
    outer loop
      vertex 22.0000 14.0000 0.4000
      vertex 23.0000 15.0000 0.4000
      vertex 22.0000 15.0000 0.4000
    endloop
  endfacet
  facet normal 0 0 0
    outer loop
      vertex 22.0000 14.0000 1.0000
      vertex 23.0000 15.0000 1.0000
      vertex 23.0000 14.0000 1.0000
    endloop
  endfacet
  facet normal 0 0 0
    outer loop
      vertex 22.0000 14.0000 1.0000
      vertex 22.0000 15.0000 1.0000
      vertex 23.0000 15.0000 1.0000
    endloop
  endfacet
  facet normal 0 0 0
    outer loop
      vertex 22.0000 14.0000 0.4000
      vertex 22.0000 14.0000 1.0000
      vertex 23.0000 14.0000 1.0000
    endloop
  endfacet
  facet normal 0 0 0
    outer loop
      vertex 22.0000 14.0000 0.4000
      vertex 23.0000 14.0000 1.0000
      vertex 23.0000 14.0000 0.4000
    endloop
  endfacet
  facet normal 0 0 0
    outer loop
      vertex 23.0000 14.0000 0.4000
      vertex 23.0000 14.0000 1.0000
      vertex 23.0000 15.0000 1.0000
    endloop
  endfacet
  facet normal 0 0 0
    outer loop
      vertex 23.0000 14.0000 0.4000
      vertex 23.0000 15.0000 1.0000
      vertex 23.0000 15.0000 0.4000
    endloop
  endfacet
  facet normal 0 0 0
    outer loop
      vertex 23.0000 15.0000 0.4000
      vertex 23.0000 15.0000 1.0000
      vertex 22.0000 15.0000 1.0000
    endloop
  endfacet
  facet normal 0 0 0
    outer loop
      vertex 23.0000 15.0000 0.4000
      vertex 22.0000 15.0000 1.0000
      vertex 22.0000 15.0000 0.4000
    endloop
  endfacet
  facet normal 0 0 0
    outer loop
      vertex 22.0000 15.0000 0.4000
      vertex 22.0000 15.0000 1.0000
      vertex 22.0000 14.0000 1.0000
    endloop
  endfacet
  facet normal 0 0 0
    outer loop
      vertex 22.0000 15.0000 0.4000
      vertex 22.0000 14.0000 1.0000
      vertex 22.0000 14.0000 0.4000
    endloop
  endfacet
  facet normal 0 0 0
    outer loop
      vertex 24.0000 14.0000 0.4000
      vertex 25.0000 14.0000 0.4000
      vertex 25.0000 15.0000 0.4000
    endloop
  endfacet
  facet normal 0 0 0
    outer loop
      vertex 24.0000 14.0000 0.4000
      vertex 25.0000 15.0000 0.4000
      vertex 24.0000 15.0000 0.4000
    endloop
  endfacet
  facet normal 0 0 0
    outer loop
      vertex 24.0000 14.0000 1.0000
      vertex 25.0000 15.0000 1.0000
      vertex 25.0000 14.0000 1.0000
    endloop
  endfacet
  facet normal 0 0 0
    outer loop
      vertex 24.0000 14.0000 1.0000
      vertex 24.0000 15.0000 1.0000
      vertex 25.0000 15.0000 1.0000
    endloop
  endfacet
  facet normal 0 0 0
    outer loop
      vertex 24.0000 14.0000 0.4000
      vertex 24.0000 14.0000 1.0000
      vertex 25.0000 14.0000 1.0000
    endloop
  endfacet
  facet normal 0 0 0
    outer loop
      vertex 24.0000 14.0000 0.4000
      vertex 25.0000 14.0000 1.0000
      vertex 25.0000 14.0000 0.4000
    endloop
  endfacet
  facet normal 0 0 0
    outer loop
      vertex 25.0000 14.0000 0.4000
      vertex 25.0000 14.0000 1.0000
      vertex 25.0000 15.0000 1.0000
    endloop
  endfacet
  facet normal 0 0 0
    outer loop
      vertex 25.0000 14.0000 0.4000
      vertex 25.0000 15.0000 1.0000
      vertex 25.0000 15.0000 0.4000
    endloop
  endfacet
  facet normal 0 0 0
    outer loop
      vertex 25.0000 15.0000 0.4000
      vertex 25.0000 15.0000 1.0000
      vertex 24.0000 15.0000 1.0000
    endloop
  endfacet
  facet normal 0 0 0
    outer loop
      vertex 25.0000 15.0000 0.4000
      vertex 24.0000 15.0000 1.0000
      vertex 24.0000 15.0000 0.4000
    endloop
  endfacet
  facet normal 0 0 0
    outer loop
      vertex 24.0000 15.0000 0.4000
      vertex 24.0000 15.0000 1.0000
      vertex 24.0000 14.0000 1.0000
    endloop
  endfacet
  facet normal 0 0 0
    outer loop
      vertex 24.0000 15.0000 0.4000
      vertex 24.0000 14.0000 1.0000
      vertex 24.0000 14.0000 0.4000
    endloop
  endfacet
  facet normal 0 0 0
    outer loop
      vertex 6.0000 13.0000 0.4000
      vertex 7.0000 13.0000 0.4000
      vertex 7.0000 14.0000 0.4000
    endloop
  endfacet
  facet normal 0 0 0
    outer loop
      vertex 6.0000 13.0000 0.4000
      vertex 7.0000 14.0000 0.4000
      vertex 6.0000 14.0000 0.4000
    endloop
  endfacet
  facet normal 0 0 0
    outer loop
      vertex 6.0000 13.0000 1.0000
      vertex 7.0000 14.0000 1.0000
      vertex 7.0000 13.0000 1.0000
    endloop
  endfacet
  facet normal 0 0 0
    outer loop
      vertex 6.0000 13.0000 1.0000
      vertex 6.0000 14.0000 1.0000
      vertex 7.0000 14.0000 1.0000
    endloop
  endfacet
  facet normal 0 0 0
    outer loop
      vertex 6.0000 13.0000 0.4000
      vertex 6.0000 13.0000 1.0000
      vertex 7.0000 13.0000 1.0000
    endloop
  endfacet
  facet normal 0 0 0
    outer loop
      vertex 6.0000 13.0000 0.4000
      vertex 7.0000 13.0000 1.0000
      vertex 7.0000 13.0000 0.4000
    endloop
  endfacet
  facet normal 0 0 0
    outer loop
      vertex 7.0000 13.0000 0.4000
      vertex 7.0000 13.0000 1.0000
      vertex 7.0000 14.0000 1.0000
    endloop
  endfacet
  facet normal 0 0 0
    outer loop
      vertex 7.0000 13.0000 0.4000
      vertex 7.0000 14.0000 1.0000
      vertex 7.0000 14.0000 0.4000
    endloop
  endfacet
  facet normal 0 0 0
    outer loop
      vertex 7.0000 14.0000 0.4000
      vertex 7.0000 14.0000 1.0000
      vertex 6.0000 14.0000 1.0000
    endloop
  endfacet
  facet normal 0 0 0
    outer loop
      vertex 7.0000 14.0000 0.4000
      vertex 6.0000 14.0000 1.0000
      vertex 6.0000 14.0000 0.4000
    endloop
  endfacet
  facet normal 0 0 0
    outer loop
      vertex 6.0000 14.0000 0.4000
      vertex 6.0000 14.0000 1.0000
      vertex 6.0000 13.0000 1.0000
    endloop
  endfacet
  facet normal 0 0 0
    outer loop
      vertex 6.0000 14.0000 0.4000
      vertex 6.0000 13.0000 1.0000
      vertex 6.0000 13.0000 0.4000
    endloop
  endfacet
  facet normal 0 0 0
    outer loop
      vertex 7.0000 13.0000 0.4000
      vertex 8.0000 13.0000 0.4000
      vertex 8.0000 14.0000 0.4000
    endloop
  endfacet
  facet normal 0 0 0
    outer loop
      vertex 7.0000 13.0000 0.4000
      vertex 8.0000 14.0000 0.4000
      vertex 7.0000 14.0000 0.4000
    endloop
  endfacet
  facet normal 0 0 0
    outer loop
      vertex 7.0000 13.0000 1.0000
      vertex 8.0000 14.0000 1.0000
      vertex 8.0000 13.0000 1.0000
    endloop
  endfacet
  facet normal 0 0 0
    outer loop
      vertex 7.0000 13.0000 1.0000
      vertex 7.0000 14.0000 1.0000
      vertex 8.0000 14.0000 1.0000
    endloop
  endfacet
  facet normal 0 0 0
    outer loop
      vertex 7.0000 13.0000 0.4000
      vertex 7.0000 13.0000 1.0000
      vertex 8.0000 13.0000 1.0000
    endloop
  endfacet
  facet normal 0 0 0
    outer loop
      vertex 7.0000 13.0000 0.4000
      vertex 8.0000 13.0000 1.0000
      vertex 8.0000 13.0000 0.4000
    endloop
  endfacet
  facet normal 0 0 0
    outer loop
      vertex 8.0000 13.0000 0.4000
      vertex 8.0000 13.0000 1.0000
      vertex 8.0000 14.0000 1.0000
    endloop
  endfacet
  facet normal 0 0 0
    outer loop
      vertex 8.0000 13.0000 0.4000
      vertex 8.0000 14.0000 1.0000
      vertex 8.0000 14.0000 0.4000
    endloop
  endfacet
  facet normal 0 0 0
    outer loop
      vertex 8.0000 14.0000 0.4000
      vertex 8.0000 14.0000 1.0000
      vertex 7.0000 14.0000 1.0000
    endloop
  endfacet
  facet normal 0 0 0
    outer loop
      vertex 8.0000 14.0000 0.4000
      vertex 7.0000 14.0000 1.0000
      vertex 7.0000 14.0000 0.4000
    endloop
  endfacet
  facet normal 0 0 0
    outer loop
      vertex 7.0000 14.0000 0.4000
      vertex 7.0000 14.0000 1.0000
      vertex 7.0000 13.0000 1.0000
    endloop
  endfacet
  facet normal 0 0 0
    outer loop
      vertex 7.0000 14.0000 0.4000
      vertex 7.0000 13.0000 1.0000
      vertex 7.0000 13.0000 0.4000
    endloop
  endfacet
  facet normal 0 0 0
    outer loop
      vertex 8.0000 13.0000 0.4000
      vertex 9.0000 13.0000 0.4000
      vertex 9.0000 14.0000 0.4000
    endloop
  endfacet
  facet normal 0 0 0
    outer loop
      vertex 8.0000 13.0000 0.4000
      vertex 9.0000 14.0000 0.4000
      vertex 8.0000 14.0000 0.4000
    endloop
  endfacet
  facet normal 0 0 0
    outer loop
      vertex 8.0000 13.0000 1.0000
      vertex 9.0000 14.0000 1.0000
      vertex 9.0000 13.0000 1.0000
    endloop
  endfacet
  facet normal 0 0 0
    outer loop
      vertex 8.0000 13.0000 1.0000
      vertex 8.0000 14.0000 1.0000
      vertex 9.0000 14.0000 1.0000
    endloop
  endfacet
  facet normal 0 0 0
    outer loop
      vertex 8.0000 13.0000 0.4000
      vertex 8.0000 13.0000 1.0000
      vertex 9.0000 13.0000 1.0000
    endloop
  endfacet
  facet normal 0 0 0
    outer loop
      vertex 8.0000 13.0000 0.4000
      vertex 9.0000 13.0000 1.0000
      vertex 9.0000 13.0000 0.4000
    endloop
  endfacet
  facet normal 0 0 0
    outer loop
      vertex 9.0000 13.0000 0.4000
      vertex 9.0000 13.0000 1.0000
      vertex 9.0000 14.0000 1.0000
    endloop
  endfacet
  facet normal 0 0 0
    outer loop
      vertex 9.0000 13.0000 0.4000
      vertex 9.0000 14.0000 1.0000
      vertex 9.0000 14.0000 0.4000
    endloop
  endfacet
  facet normal 0 0 0
    outer loop
      vertex 9.0000 14.0000 0.4000
      vertex 9.0000 14.0000 1.0000
      vertex 8.0000 14.0000 1.0000
    endloop
  endfacet
  facet normal 0 0 0
    outer loop
      vertex 9.0000 14.0000 0.4000
      vertex 8.0000 14.0000 1.0000
      vertex 8.0000 14.0000 0.4000
    endloop
  endfacet
  facet normal 0 0 0
    outer loop
      vertex 8.0000 14.0000 0.4000
      vertex 8.0000 14.0000 1.0000
      vertex 8.0000 13.0000 1.0000
    endloop
  endfacet
  facet normal 0 0 0
    outer loop
      vertex 8.0000 14.0000 0.4000
      vertex 8.0000 13.0000 1.0000
      vertex 8.0000 13.0000 0.4000
    endloop
  endfacet
  facet normal 0 0 0
    outer loop
      vertex 9.0000 13.0000 0.4000
      vertex 10.0000 13.0000 0.4000
      vertex 10.0000 14.0000 0.4000
    endloop
  endfacet
  facet normal 0 0 0
    outer loop
      vertex 9.0000 13.0000 0.4000
      vertex 10.0000 14.0000 0.4000
      vertex 9.0000 14.0000 0.4000
    endloop
  endfacet
  facet normal 0 0 0
    outer loop
      vertex 9.0000 13.0000 1.0000
      vertex 10.0000 14.0000 1.0000
      vertex 10.0000 13.0000 1.0000
    endloop
  endfacet
  facet normal 0 0 0
    outer loop
      vertex 9.0000 13.0000 1.0000
      vertex 9.0000 14.0000 1.0000
      vertex 10.0000 14.0000 1.0000
    endloop
  endfacet
  facet normal 0 0 0
    outer loop
      vertex 9.0000 13.0000 0.4000
      vertex 9.0000 13.0000 1.0000
      vertex 10.0000 13.0000 1.0000
    endloop
  endfacet
  facet normal 0 0 0
    outer loop
      vertex 9.0000 13.0000 0.4000
      vertex 10.0000 13.0000 1.0000
      vertex 10.0000 13.0000 0.4000
    endloop
  endfacet
  facet normal 0 0 0
    outer loop
      vertex 10.0000 13.0000 0.4000
      vertex 10.0000 13.0000 1.0000
      vertex 10.0000 14.0000 1.0000
    endloop
  endfacet
  facet normal 0 0 0
    outer loop
      vertex 10.0000 13.0000 0.4000
      vertex 10.0000 14.0000 1.0000
      vertex 10.0000 14.0000 0.4000
    endloop
  endfacet
  facet normal 0 0 0
    outer loop
      vertex 10.0000 14.0000 0.4000
      vertex 10.0000 14.0000 1.0000
      vertex 9.0000 14.0000 1.0000
    endloop
  endfacet
  facet normal 0 0 0
    outer loop
      vertex 10.0000 14.0000 0.4000
      vertex 9.0000 14.0000 1.0000
      vertex 9.0000 14.0000 0.4000
    endloop
  endfacet
  facet normal 0 0 0
    outer loop
      vertex 9.0000 14.0000 0.4000
      vertex 9.0000 14.0000 1.0000
      vertex 9.0000 13.0000 1.0000
    endloop
  endfacet
  facet normal 0 0 0
    outer loop
      vertex 9.0000 14.0000 0.4000
      vertex 9.0000 13.0000 1.0000
      vertex 9.0000 13.0000 0.4000
    endloop
  endfacet
  facet normal 0 0 0
    outer loop
      vertex 13.0000 13.0000 0.4000
      vertex 14.0000 13.0000 0.4000
      vertex 14.0000 14.0000 0.4000
    endloop
  endfacet
  facet normal 0 0 0
    outer loop
      vertex 13.0000 13.0000 0.4000
      vertex 14.0000 14.0000 0.4000
      vertex 13.0000 14.0000 0.4000
    endloop
  endfacet
  facet normal 0 0 0
    outer loop
      vertex 13.0000 13.0000 1.0000
      vertex 14.0000 14.0000 1.0000
      vertex 14.0000 13.0000 1.0000
    endloop
  endfacet
  facet normal 0 0 0
    outer loop
      vertex 13.0000 13.0000 1.0000
      vertex 13.0000 14.0000 1.0000
      vertex 14.0000 14.0000 1.0000
    endloop
  endfacet
  facet normal 0 0 0
    outer loop
      vertex 13.0000 13.0000 0.4000
      vertex 13.0000 13.0000 1.0000
      vertex 14.0000 13.0000 1.0000
    endloop
  endfacet
  facet normal 0 0 0
    outer loop
      vertex 13.0000 13.0000 0.4000
      vertex 14.0000 13.0000 1.0000
      vertex 14.0000 13.0000 0.4000
    endloop
  endfacet
  facet normal 0 0 0
    outer loop
      vertex 14.0000 13.0000 0.4000
      vertex 14.0000 13.0000 1.0000
      vertex 14.0000 14.0000 1.0000
    endloop
  endfacet
  facet normal 0 0 0
    outer loop
      vertex 14.0000 13.0000 0.4000
      vertex 14.0000 14.0000 1.0000
      vertex 14.0000 14.0000 0.4000
    endloop
  endfacet
  facet normal 0 0 0
    outer loop
      vertex 14.0000 14.0000 0.4000
      vertex 14.0000 14.0000 1.0000
      vertex 13.0000 14.0000 1.0000
    endloop
  endfacet
  facet normal 0 0 0
    outer loop
      vertex 14.0000 14.0000 0.4000
      vertex 13.0000 14.0000 1.0000
      vertex 13.0000 14.0000 0.4000
    endloop
  endfacet
  facet normal 0 0 0
    outer loop
      vertex 13.0000 14.0000 0.4000
      vertex 13.0000 14.0000 1.0000
      vertex 13.0000 13.0000 1.0000
    endloop
  endfacet
  facet normal 0 0 0
    outer loop
      vertex 13.0000 14.0000 0.4000
      vertex 13.0000 13.0000 1.0000
      vertex 13.0000 13.0000 0.4000
    endloop
  endfacet
  facet normal 0 0 0
    outer loop
      vertex 14.0000 13.0000 0.4000
      vertex 15.0000 13.0000 0.4000
      vertex 15.0000 14.0000 0.4000
    endloop
  endfacet
  facet normal 0 0 0
    outer loop
      vertex 14.0000 13.0000 0.4000
      vertex 15.0000 14.0000 0.4000
      vertex 14.0000 14.0000 0.4000
    endloop
  endfacet
  facet normal 0 0 0
    outer loop
      vertex 14.0000 13.0000 1.0000
      vertex 15.0000 14.0000 1.0000
      vertex 15.0000 13.0000 1.0000
    endloop
  endfacet
  facet normal 0 0 0
    outer loop
      vertex 14.0000 13.0000 1.0000
      vertex 14.0000 14.0000 1.0000
      vertex 15.0000 14.0000 1.0000
    endloop
  endfacet
  facet normal 0 0 0
    outer loop
      vertex 14.0000 13.0000 0.4000
      vertex 14.0000 13.0000 1.0000
      vertex 15.0000 13.0000 1.0000
    endloop
  endfacet
  facet normal 0 0 0
    outer loop
      vertex 14.0000 13.0000 0.4000
      vertex 15.0000 13.0000 1.0000
      vertex 15.0000 13.0000 0.4000
    endloop
  endfacet
  facet normal 0 0 0
    outer loop
      vertex 15.0000 13.0000 0.4000
      vertex 15.0000 13.0000 1.0000
      vertex 15.0000 14.0000 1.0000
    endloop
  endfacet
  facet normal 0 0 0
    outer loop
      vertex 15.0000 13.0000 0.4000
      vertex 15.0000 14.0000 1.0000
      vertex 15.0000 14.0000 0.4000
    endloop
  endfacet
  facet normal 0 0 0
    outer loop
      vertex 15.0000 14.0000 0.4000
      vertex 15.0000 14.0000 1.0000
      vertex 14.0000 14.0000 1.0000
    endloop
  endfacet
  facet normal 0 0 0
    outer loop
      vertex 15.0000 14.0000 0.4000
      vertex 14.0000 14.0000 1.0000
      vertex 14.0000 14.0000 0.4000
    endloop
  endfacet
  facet normal 0 0 0
    outer loop
      vertex 14.0000 14.0000 0.4000
      vertex 14.0000 14.0000 1.0000
      vertex 14.0000 13.0000 1.0000
    endloop
  endfacet
  facet normal 0 0 0
    outer loop
      vertex 14.0000 14.0000 0.4000
      vertex 14.0000 13.0000 1.0000
      vertex 14.0000 13.0000 0.4000
    endloop
  endfacet
  facet normal 0 0 0
    outer loop
      vertex 16.0000 13.0000 0.4000
      vertex 17.0000 13.0000 0.4000
      vertex 17.0000 14.0000 0.4000
    endloop
  endfacet
  facet normal 0 0 0
    outer loop
      vertex 16.0000 13.0000 0.4000
      vertex 17.0000 14.0000 0.4000
      vertex 16.0000 14.0000 0.4000
    endloop
  endfacet
  facet normal 0 0 0
    outer loop
      vertex 16.0000 13.0000 1.0000
      vertex 17.0000 14.0000 1.0000
      vertex 17.0000 13.0000 1.0000
    endloop
  endfacet
  facet normal 0 0 0
    outer loop
      vertex 16.0000 13.0000 1.0000
      vertex 16.0000 14.0000 1.0000
      vertex 17.0000 14.0000 1.0000
    endloop
  endfacet
  facet normal 0 0 0
    outer loop
      vertex 16.0000 13.0000 0.4000
      vertex 16.0000 13.0000 1.0000
      vertex 17.0000 13.0000 1.0000
    endloop
  endfacet
  facet normal 0 0 0
    outer loop
      vertex 16.0000 13.0000 0.4000
      vertex 17.0000 13.0000 1.0000
      vertex 17.0000 13.0000 0.4000
    endloop
  endfacet
  facet normal 0 0 0
    outer loop
      vertex 17.0000 13.0000 0.4000
      vertex 17.0000 13.0000 1.0000
      vertex 17.0000 14.0000 1.0000
    endloop
  endfacet
  facet normal 0 0 0
    outer loop
      vertex 17.0000 13.0000 0.4000
      vertex 17.0000 14.0000 1.0000
      vertex 17.0000 14.0000 0.4000
    endloop
  endfacet
  facet normal 0 0 0
    outer loop
      vertex 17.0000 14.0000 0.4000
      vertex 17.0000 14.0000 1.0000
      vertex 16.0000 14.0000 1.0000
    endloop
  endfacet
  facet normal 0 0 0
    outer loop
      vertex 17.0000 14.0000 0.4000
      vertex 16.0000 14.0000 1.0000
      vertex 16.0000 14.0000 0.4000
    endloop
  endfacet
  facet normal 0 0 0
    outer loop
      vertex 16.0000 14.0000 0.4000
      vertex 16.0000 14.0000 1.0000
      vertex 16.0000 13.0000 1.0000
    endloop
  endfacet
  facet normal 0 0 0
    outer loop
      vertex 16.0000 14.0000 0.4000
      vertex 16.0000 13.0000 1.0000
      vertex 16.0000 13.0000 0.4000
    endloop
  endfacet
  facet normal 0 0 0
    outer loop
      vertex 18.0000 13.0000 0.4000
      vertex 19.0000 13.0000 0.4000
      vertex 19.0000 14.0000 0.4000
    endloop
  endfacet
  facet normal 0 0 0
    outer loop
      vertex 18.0000 13.0000 0.4000
      vertex 19.0000 14.0000 0.4000
      vertex 18.0000 14.0000 0.4000
    endloop
  endfacet
  facet normal 0 0 0
    outer loop
      vertex 18.0000 13.0000 1.0000
      vertex 19.0000 14.0000 1.0000
      vertex 19.0000 13.0000 1.0000
    endloop
  endfacet
  facet normal 0 0 0
    outer loop
      vertex 18.0000 13.0000 1.0000
      vertex 18.0000 14.0000 1.0000
      vertex 19.0000 14.0000 1.0000
    endloop
  endfacet
  facet normal 0 0 0
    outer loop
      vertex 18.0000 13.0000 0.4000
      vertex 18.0000 13.0000 1.0000
      vertex 19.0000 13.0000 1.0000
    endloop
  endfacet
  facet normal 0 0 0
    outer loop
      vertex 18.0000 13.0000 0.4000
      vertex 19.0000 13.0000 1.0000
      vertex 19.0000 13.0000 0.4000
    endloop
  endfacet
  facet normal 0 0 0
    outer loop
      vertex 19.0000 13.0000 0.4000
      vertex 19.0000 13.0000 1.0000
      vertex 19.0000 14.0000 1.0000
    endloop
  endfacet
  facet normal 0 0 0
    outer loop
      vertex 19.0000 13.0000 0.4000
      vertex 19.0000 14.0000 1.0000
      vertex 19.0000 14.0000 0.4000
    endloop
  endfacet
  facet normal 0 0 0
    outer loop
      vertex 19.0000 14.0000 0.4000
      vertex 19.0000 14.0000 1.0000
      vertex 18.0000 14.0000 1.0000
    endloop
  endfacet
  facet normal 0 0 0
    outer loop
      vertex 19.0000 14.0000 0.4000
      vertex 18.0000 14.0000 1.0000
      vertex 18.0000 14.0000 0.4000
    endloop
  endfacet
  facet normal 0 0 0
    outer loop
      vertex 18.0000 14.0000 0.4000
      vertex 18.0000 14.0000 1.0000
      vertex 18.0000 13.0000 1.0000
    endloop
  endfacet
  facet normal 0 0 0
    outer loop
      vertex 18.0000 14.0000 0.4000
      vertex 18.0000 13.0000 1.0000
      vertex 18.0000 13.0000 0.4000
    endloop
  endfacet
  facet normal 0 0 0
    outer loop
      vertex 19.0000 13.0000 0.4000
      vertex 20.0000 13.0000 0.4000
      vertex 20.0000 14.0000 0.4000
    endloop
  endfacet
  facet normal 0 0 0
    outer loop
      vertex 19.0000 13.0000 0.4000
      vertex 20.0000 14.0000 0.4000
      vertex 19.0000 14.0000 0.4000
    endloop
  endfacet
  facet normal 0 0 0
    outer loop
      vertex 19.0000 13.0000 1.0000
      vertex 20.0000 14.0000 1.0000
      vertex 20.0000 13.0000 1.0000
    endloop
  endfacet
  facet normal 0 0 0
    outer loop
      vertex 19.0000 13.0000 1.0000
      vertex 19.0000 14.0000 1.0000
      vertex 20.0000 14.0000 1.0000
    endloop
  endfacet
  facet normal 0 0 0
    outer loop
      vertex 19.0000 13.0000 0.4000
      vertex 19.0000 13.0000 1.0000
      vertex 20.0000 13.0000 1.0000
    endloop
  endfacet
  facet normal 0 0 0
    outer loop
      vertex 19.0000 13.0000 0.4000
      vertex 20.0000 13.0000 1.0000
      vertex 20.0000 13.0000 0.4000
    endloop
  endfacet
  facet normal 0 0 0
    outer loop
      vertex 20.0000 13.0000 0.4000
      vertex 20.0000 13.0000 1.0000
      vertex 20.0000 14.0000 1.0000
    endloop
  endfacet
  facet normal 0 0 0
    outer loop
      vertex 20.0000 13.0000 0.4000
      vertex 20.0000 14.0000 1.0000
      vertex 20.0000 14.0000 0.4000
    endloop
  endfacet
  facet normal 0 0 0
    outer loop
      vertex 20.0000 14.0000 0.4000
      vertex 20.0000 14.0000 1.0000
      vertex 19.0000 14.0000 1.0000
    endloop
  endfacet
  facet normal 0 0 0
    outer loop
      vertex 20.0000 14.0000 0.4000
      vertex 19.0000 14.0000 1.0000
      vertex 19.0000 14.0000 0.4000
    endloop
  endfacet
  facet normal 0 0 0
    outer loop
      vertex 19.0000 14.0000 0.4000
      vertex 19.0000 14.0000 1.0000
      vertex 19.0000 13.0000 1.0000
    endloop
  endfacet
  facet normal 0 0 0
    outer loop
      vertex 19.0000 14.0000 0.4000
      vertex 19.0000 13.0000 1.0000
      vertex 19.0000 13.0000 0.4000
    endloop
  endfacet
  facet normal 0 0 0
    outer loop
      vertex 22.0000 13.0000 0.4000
      vertex 23.0000 13.0000 0.4000
      vertex 23.0000 14.0000 0.4000
    endloop
  endfacet
  facet normal 0 0 0
    outer loop
      vertex 22.0000 13.0000 0.4000
      vertex 23.0000 14.0000 0.4000
      vertex 22.0000 14.0000 0.4000
    endloop
  endfacet
  facet normal 0 0 0
    outer loop
      vertex 22.0000 13.0000 1.0000
      vertex 23.0000 14.0000 1.0000
      vertex 23.0000 13.0000 1.0000
    endloop
  endfacet
  facet normal 0 0 0
    outer loop
      vertex 22.0000 13.0000 1.0000
      vertex 22.0000 14.0000 1.0000
      vertex 23.0000 14.0000 1.0000
    endloop
  endfacet
  facet normal 0 0 0
    outer loop
      vertex 22.0000 13.0000 0.4000
      vertex 22.0000 13.0000 1.0000
      vertex 23.0000 13.0000 1.0000
    endloop
  endfacet
  facet normal 0 0 0
    outer loop
      vertex 22.0000 13.0000 0.4000
      vertex 23.0000 13.0000 1.0000
      vertex 23.0000 13.0000 0.4000
    endloop
  endfacet
  facet normal 0 0 0
    outer loop
      vertex 23.0000 13.0000 0.4000
      vertex 23.0000 13.0000 1.0000
      vertex 23.0000 14.0000 1.0000
    endloop
  endfacet
  facet normal 0 0 0
    outer loop
      vertex 23.0000 13.0000 0.4000
      vertex 23.0000 14.0000 1.0000
      vertex 23.0000 14.0000 0.4000
    endloop
  endfacet
  facet normal 0 0 0
    outer loop
      vertex 23.0000 14.0000 0.4000
      vertex 23.0000 14.0000 1.0000
      vertex 22.0000 14.0000 1.0000
    endloop
  endfacet
  facet normal 0 0 0
    outer loop
      vertex 23.0000 14.0000 0.4000
      vertex 22.0000 14.0000 1.0000
      vertex 22.0000 14.0000 0.4000
    endloop
  endfacet
  facet normal 0 0 0
    outer loop
      vertex 22.0000 14.0000 0.4000
      vertex 22.0000 14.0000 1.0000
      vertex 22.0000 13.0000 1.0000
    endloop
  endfacet
  facet normal 0 0 0
    outer loop
      vertex 22.0000 14.0000 0.4000
      vertex 22.0000 13.0000 1.0000
      vertex 22.0000 13.0000 0.4000
    endloop
  endfacet
  facet normal 0 0 0
    outer loop
      vertex 23.0000 13.0000 0.4000
      vertex 24.0000 13.0000 0.4000
      vertex 24.0000 14.0000 0.4000
    endloop
  endfacet
  facet normal 0 0 0
    outer loop
      vertex 23.0000 13.0000 0.4000
      vertex 24.0000 14.0000 0.4000
      vertex 23.0000 14.0000 0.4000
    endloop
  endfacet
  facet normal 0 0 0
    outer loop
      vertex 23.0000 13.0000 1.0000
      vertex 24.0000 14.0000 1.0000
      vertex 24.0000 13.0000 1.0000
    endloop
  endfacet
  facet normal 0 0 0
    outer loop
      vertex 23.0000 13.0000 1.0000
      vertex 23.0000 14.0000 1.0000
      vertex 24.0000 14.0000 1.0000
    endloop
  endfacet
  facet normal 0 0 0
    outer loop
      vertex 23.0000 13.0000 0.4000
      vertex 23.0000 13.0000 1.0000
      vertex 24.0000 13.0000 1.0000
    endloop
  endfacet
  facet normal 0 0 0
    outer loop
      vertex 23.0000 13.0000 0.4000
      vertex 24.0000 13.0000 1.0000
      vertex 24.0000 13.0000 0.4000
    endloop
  endfacet
  facet normal 0 0 0
    outer loop
      vertex 24.0000 13.0000 0.4000
      vertex 24.0000 13.0000 1.0000
      vertex 24.0000 14.0000 1.0000
    endloop
  endfacet
  facet normal 0 0 0
    outer loop
      vertex 24.0000 13.0000 0.4000
      vertex 24.0000 14.0000 1.0000
      vertex 24.0000 14.0000 0.4000
    endloop
  endfacet
  facet normal 0 0 0
    outer loop
      vertex 24.0000 14.0000 0.4000
      vertex 24.0000 14.0000 1.0000
      vertex 23.0000 14.0000 1.0000
    endloop
  endfacet
  facet normal 0 0 0
    outer loop
      vertex 24.0000 14.0000 0.4000
      vertex 23.0000 14.0000 1.0000
      vertex 23.0000 14.0000 0.4000
    endloop
  endfacet
  facet normal 0 0 0
    outer loop
      vertex 23.0000 14.0000 0.4000
      vertex 23.0000 14.0000 1.0000
      vertex 23.0000 13.0000 1.0000
    endloop
  endfacet
  facet normal 0 0 0
    outer loop
      vertex 23.0000 14.0000 0.4000
      vertex 23.0000 13.0000 1.0000
      vertex 23.0000 13.0000 0.4000
    endloop
  endfacet
  facet normal 0 0 0
    outer loop
      vertex 4.0000 12.0000 0.4000
      vertex 5.0000 12.0000 0.4000
      vertex 5.0000 13.0000 0.4000
    endloop
  endfacet
  facet normal 0 0 0
    outer loop
      vertex 4.0000 12.0000 0.4000
      vertex 5.0000 13.0000 0.4000
      vertex 4.0000 13.0000 0.4000
    endloop
  endfacet
  facet normal 0 0 0
    outer loop
      vertex 4.0000 12.0000 1.0000
      vertex 5.0000 13.0000 1.0000
      vertex 5.0000 12.0000 1.0000
    endloop
  endfacet
  facet normal 0 0 0
    outer loop
      vertex 4.0000 12.0000 1.0000
      vertex 4.0000 13.0000 1.0000
      vertex 5.0000 13.0000 1.0000
    endloop
  endfacet
  facet normal 0 0 0
    outer loop
      vertex 4.0000 12.0000 0.4000
      vertex 4.0000 12.0000 1.0000
      vertex 5.0000 12.0000 1.0000
    endloop
  endfacet
  facet normal 0 0 0
    outer loop
      vertex 4.0000 12.0000 0.4000
      vertex 5.0000 12.0000 1.0000
      vertex 5.0000 12.0000 0.4000
    endloop
  endfacet
  facet normal 0 0 0
    outer loop
      vertex 5.0000 12.0000 0.4000
      vertex 5.0000 12.0000 1.0000
      vertex 5.0000 13.0000 1.0000
    endloop
  endfacet
  facet normal 0 0 0
    outer loop
      vertex 5.0000 12.0000 0.4000
      vertex 5.0000 13.0000 1.0000
      vertex 5.0000 13.0000 0.4000
    endloop
  endfacet
  facet normal 0 0 0
    outer loop
      vertex 5.0000 13.0000 0.4000
      vertex 5.0000 13.0000 1.0000
      vertex 4.0000 13.0000 1.0000
    endloop
  endfacet
  facet normal 0 0 0
    outer loop
      vertex 5.0000 13.0000 0.4000
      vertex 4.0000 13.0000 1.0000
      vertex 4.0000 13.0000 0.4000
    endloop
  endfacet
  facet normal 0 0 0
    outer loop
      vertex 4.0000 13.0000 0.4000
      vertex 4.0000 13.0000 1.0000
      vertex 4.0000 12.0000 1.0000
    endloop
  endfacet
  facet normal 0 0 0
    outer loop
      vertex 4.0000 13.0000 0.4000
      vertex 4.0000 12.0000 1.0000
      vertex 4.0000 12.0000 0.4000
    endloop
  endfacet
  facet normal 0 0 0
    outer loop
      vertex 5.0000 12.0000 0.4000
      vertex 6.0000 12.0000 0.4000
      vertex 6.0000 13.0000 0.4000
    endloop
  endfacet
  facet normal 0 0 0
    outer loop
      vertex 5.0000 12.0000 0.4000
      vertex 6.0000 13.0000 0.4000
      vertex 5.0000 13.0000 0.4000
    endloop
  endfacet
  facet normal 0 0 0
    outer loop
      vertex 5.0000 12.0000 1.0000
      vertex 6.0000 13.0000 1.0000
      vertex 6.0000 12.0000 1.0000
    endloop
  endfacet
  facet normal 0 0 0
    outer loop
      vertex 5.0000 12.0000 1.0000
      vertex 5.0000 13.0000 1.0000
      vertex 6.0000 13.0000 1.0000
    endloop
  endfacet
  facet normal 0 0 0
    outer loop
      vertex 5.0000 12.0000 0.4000
      vertex 5.0000 12.0000 1.0000
      vertex 6.0000 12.0000 1.0000
    endloop
  endfacet
  facet normal 0 0 0
    outer loop
      vertex 5.0000 12.0000 0.4000
      vertex 6.0000 12.0000 1.0000
      vertex 6.0000 12.0000 0.4000
    endloop
  endfacet
  facet normal 0 0 0
    outer loop
      vertex 6.0000 12.0000 0.4000
      vertex 6.0000 12.0000 1.0000
      vertex 6.0000 13.0000 1.0000
    endloop
  endfacet
  facet normal 0 0 0
    outer loop
      vertex 6.0000 12.0000 0.4000
      vertex 6.0000 13.0000 1.0000
      vertex 6.0000 13.0000 0.4000
    endloop
  endfacet
  facet normal 0 0 0
    outer loop
      vertex 6.0000 13.0000 0.4000
      vertex 6.0000 13.0000 1.0000
      vertex 5.0000 13.0000 1.0000
    endloop
  endfacet
  facet normal 0 0 0
    outer loop
      vertex 6.0000 13.0000 0.4000
      vertex 5.0000 13.0000 1.0000
      vertex 5.0000 13.0000 0.4000
    endloop
  endfacet
  facet normal 0 0 0
    outer loop
      vertex 5.0000 13.0000 0.4000
      vertex 5.0000 13.0000 1.0000
      vertex 5.0000 12.0000 1.0000
    endloop
  endfacet
  facet normal 0 0 0
    outer loop
      vertex 5.0000 13.0000 0.4000
      vertex 5.0000 12.0000 1.0000
      vertex 5.0000 12.0000 0.4000
    endloop
  endfacet
  facet normal 0 0 0
    outer loop
      vertex 7.0000 12.0000 0.4000
      vertex 8.0000 12.0000 0.4000
      vertex 8.0000 13.0000 0.4000
    endloop
  endfacet
  facet normal 0 0 0
    outer loop
      vertex 7.0000 12.0000 0.4000
      vertex 8.0000 13.0000 0.4000
      vertex 7.0000 13.0000 0.4000
    endloop
  endfacet
  facet normal 0 0 0
    outer loop
      vertex 7.0000 12.0000 1.0000
      vertex 8.0000 13.0000 1.0000
      vertex 8.0000 12.0000 1.0000
    endloop
  endfacet
  facet normal 0 0 0
    outer loop
      vertex 7.0000 12.0000 1.0000
      vertex 7.0000 13.0000 1.0000
      vertex 8.0000 13.0000 1.0000
    endloop
  endfacet
  facet normal 0 0 0
    outer loop
      vertex 7.0000 12.0000 0.4000
      vertex 7.0000 12.0000 1.0000
      vertex 8.0000 12.0000 1.0000
    endloop
  endfacet
  facet normal 0 0 0
    outer loop
      vertex 7.0000 12.0000 0.4000
      vertex 8.0000 12.0000 1.0000
      vertex 8.0000 12.0000 0.4000
    endloop
  endfacet
  facet normal 0 0 0
    outer loop
      vertex 8.0000 12.0000 0.4000
      vertex 8.0000 12.0000 1.0000
      vertex 8.0000 13.0000 1.0000
    endloop
  endfacet
  facet normal 0 0 0
    outer loop
      vertex 8.0000 12.0000 0.4000
      vertex 8.0000 13.0000 1.0000
      vertex 8.0000 13.0000 0.4000
    endloop
  endfacet
  facet normal 0 0 0
    outer loop
      vertex 8.0000 13.0000 0.4000
      vertex 8.0000 13.0000 1.0000
      vertex 7.0000 13.0000 1.0000
    endloop
  endfacet
  facet normal 0 0 0
    outer loop
      vertex 8.0000 13.0000 0.4000
      vertex 7.0000 13.0000 1.0000
      vertex 7.0000 13.0000 0.4000
    endloop
  endfacet
  facet normal 0 0 0
    outer loop
      vertex 7.0000 13.0000 0.4000
      vertex 7.0000 13.0000 1.0000
      vertex 7.0000 12.0000 1.0000
    endloop
  endfacet
  facet normal 0 0 0
    outer loop
      vertex 7.0000 13.0000 0.4000
      vertex 7.0000 12.0000 1.0000
      vertex 7.0000 12.0000 0.4000
    endloop
  endfacet
  facet normal 0 0 0
    outer loop
      vertex 10.0000 12.0000 0.4000
      vertex 11.0000 12.0000 0.4000
      vertex 11.0000 13.0000 0.4000
    endloop
  endfacet
  facet normal 0 0 0
    outer loop
      vertex 10.0000 12.0000 0.4000
      vertex 11.0000 13.0000 0.4000
      vertex 10.0000 13.0000 0.4000
    endloop
  endfacet
  facet normal 0 0 0
    outer loop
      vertex 10.0000 12.0000 1.0000
      vertex 11.0000 13.0000 1.0000
      vertex 11.0000 12.0000 1.0000
    endloop
  endfacet
  facet normal 0 0 0
    outer loop
      vertex 10.0000 12.0000 1.0000
      vertex 10.0000 13.0000 1.0000
      vertex 11.0000 13.0000 1.0000
    endloop
  endfacet
  facet normal 0 0 0
    outer loop
      vertex 10.0000 12.0000 0.4000
      vertex 10.0000 12.0000 1.0000
      vertex 11.0000 12.0000 1.0000
    endloop
  endfacet
  facet normal 0 0 0
    outer loop
      vertex 10.0000 12.0000 0.4000
      vertex 11.0000 12.0000 1.0000
      vertex 11.0000 12.0000 0.4000
    endloop
  endfacet
  facet normal 0 0 0
    outer loop
      vertex 11.0000 12.0000 0.4000
      vertex 11.0000 12.0000 1.0000
      vertex 11.0000 13.0000 1.0000
    endloop
  endfacet
  facet normal 0 0 0
    outer loop
      vertex 11.0000 12.0000 0.4000
      vertex 11.0000 13.0000 1.0000
      vertex 11.0000 13.0000 0.4000
    endloop
  endfacet
  facet normal 0 0 0
    outer loop
      vertex 11.0000 13.0000 0.4000
      vertex 11.0000 13.0000 1.0000
      vertex 10.0000 13.0000 1.0000
    endloop
  endfacet
  facet normal 0 0 0
    outer loop
      vertex 11.0000 13.0000 0.4000
      vertex 10.0000 13.0000 1.0000
      vertex 10.0000 13.0000 0.4000
    endloop
  endfacet
  facet normal 0 0 0
    outer loop
      vertex 10.0000 13.0000 0.4000
      vertex 10.0000 13.0000 1.0000
      vertex 10.0000 12.0000 1.0000
    endloop
  endfacet
  facet normal 0 0 0
    outer loop
      vertex 10.0000 13.0000 0.4000
      vertex 10.0000 12.0000 1.0000
      vertex 10.0000 12.0000 0.4000
    endloop
  endfacet
  facet normal 0 0 0
    outer loop
      vertex 11.0000 12.0000 0.4000
      vertex 12.0000 12.0000 0.4000
      vertex 12.0000 13.0000 0.4000
    endloop
  endfacet
  facet normal 0 0 0
    outer loop
      vertex 11.0000 12.0000 0.4000
      vertex 12.0000 13.0000 0.4000
      vertex 11.0000 13.0000 0.4000
    endloop
  endfacet
  facet normal 0 0 0
    outer loop
      vertex 11.0000 12.0000 1.0000
      vertex 12.0000 13.0000 1.0000
      vertex 12.0000 12.0000 1.0000
    endloop
  endfacet
  facet normal 0 0 0
    outer loop
      vertex 11.0000 12.0000 1.0000
      vertex 11.0000 13.0000 1.0000
      vertex 12.0000 13.0000 1.0000
    endloop
  endfacet
  facet normal 0 0 0
    outer loop
      vertex 11.0000 12.0000 0.4000
      vertex 11.0000 12.0000 1.0000
      vertex 12.0000 12.0000 1.0000
    endloop
  endfacet
  facet normal 0 0 0
    outer loop
      vertex 11.0000 12.0000 0.4000
      vertex 12.0000 12.0000 1.0000
      vertex 12.0000 12.0000 0.4000
    endloop
  endfacet
  facet normal 0 0 0
    outer loop
      vertex 12.0000 12.0000 0.4000
      vertex 12.0000 12.0000 1.0000
      vertex 12.0000 13.0000 1.0000
    endloop
  endfacet
  facet normal 0 0 0
    outer loop
      vertex 12.0000 12.0000 0.4000
      vertex 12.0000 13.0000 1.0000
      vertex 12.0000 13.0000 0.4000
    endloop
  endfacet
  facet normal 0 0 0
    outer loop
      vertex 12.0000 13.0000 0.4000
      vertex 12.0000 13.0000 1.0000
      vertex 11.0000 13.0000 1.0000
    endloop
  endfacet
  facet normal 0 0 0
    outer loop
      vertex 12.0000 13.0000 0.4000
      vertex 11.0000 13.0000 1.0000
      vertex 11.0000 13.0000 0.4000
    endloop
  endfacet
  facet normal 0 0 0
    outer loop
      vertex 11.0000 13.0000 0.4000
      vertex 11.0000 13.0000 1.0000
      vertex 11.0000 12.0000 1.0000
    endloop
  endfacet
  facet normal 0 0 0
    outer loop
      vertex 11.0000 13.0000 0.4000
      vertex 11.0000 12.0000 1.0000
      vertex 11.0000 12.0000 0.4000
    endloop
  endfacet
  facet normal 0 0 0
    outer loop
      vertex 19.0000 12.0000 0.4000
      vertex 20.0000 12.0000 0.4000
      vertex 20.0000 13.0000 0.4000
    endloop
  endfacet
  facet normal 0 0 0
    outer loop
      vertex 19.0000 12.0000 0.4000
      vertex 20.0000 13.0000 0.4000
      vertex 19.0000 13.0000 0.4000
    endloop
  endfacet
  facet normal 0 0 0
    outer loop
      vertex 19.0000 12.0000 1.0000
      vertex 20.0000 13.0000 1.0000
      vertex 20.0000 12.0000 1.0000
    endloop
  endfacet
  facet normal 0 0 0
    outer loop
      vertex 19.0000 12.0000 1.0000
      vertex 19.0000 13.0000 1.0000
      vertex 20.0000 13.0000 1.0000
    endloop
  endfacet
  facet normal 0 0 0
    outer loop
      vertex 19.0000 12.0000 0.4000
      vertex 19.0000 12.0000 1.0000
      vertex 20.0000 12.0000 1.0000
    endloop
  endfacet
  facet normal 0 0 0
    outer loop
      vertex 19.0000 12.0000 0.4000
      vertex 20.0000 12.0000 1.0000
      vertex 20.0000 12.0000 0.4000
    endloop
  endfacet
  facet normal 0 0 0
    outer loop
      vertex 20.0000 12.0000 0.4000
      vertex 20.0000 12.0000 1.0000
      vertex 20.0000 13.0000 1.0000
    endloop
  endfacet
  facet normal 0 0 0
    outer loop
      vertex 20.0000 12.0000 0.4000
      vertex 20.0000 13.0000 1.0000
      vertex 20.0000 13.0000 0.4000
    endloop
  endfacet
  facet normal 0 0 0
    outer loop
      vertex 20.0000 13.0000 0.4000
      vertex 20.0000 13.0000 1.0000
      vertex 19.0000 13.0000 1.0000
    endloop
  endfacet
  facet normal 0 0 0
    outer loop
      vertex 20.0000 13.0000 0.4000
      vertex 19.0000 13.0000 1.0000
      vertex 19.0000 13.0000 0.4000
    endloop
  endfacet
  facet normal 0 0 0
    outer loop
      vertex 19.0000 13.0000 0.4000
      vertex 19.0000 13.0000 1.0000
      vertex 19.0000 12.0000 1.0000
    endloop
  endfacet
  facet normal 0 0 0
    outer loop
      vertex 19.0000 13.0000 0.4000
      vertex 19.0000 12.0000 1.0000
      vertex 19.0000 12.0000 0.4000
    endloop
  endfacet
  facet normal 0 0 0
    outer loop
      vertex 22.0000 12.0000 0.4000
      vertex 23.0000 12.0000 0.4000
      vertex 23.0000 13.0000 0.4000
    endloop
  endfacet
  facet normal 0 0 0
    outer loop
      vertex 22.0000 12.0000 0.4000
      vertex 23.0000 13.0000 0.4000
      vertex 22.0000 13.0000 0.4000
    endloop
  endfacet
  facet normal 0 0 0
    outer loop
      vertex 22.0000 12.0000 1.0000
      vertex 23.0000 13.0000 1.0000
      vertex 23.0000 12.0000 1.0000
    endloop
  endfacet
  facet normal 0 0 0
    outer loop
      vertex 22.0000 12.0000 1.0000
      vertex 22.0000 13.0000 1.0000
      vertex 23.0000 13.0000 1.0000
    endloop
  endfacet
  facet normal 0 0 0
    outer loop
      vertex 22.0000 12.0000 0.4000
      vertex 22.0000 12.0000 1.0000
      vertex 23.0000 12.0000 1.0000
    endloop
  endfacet
  facet normal 0 0 0
    outer loop
      vertex 22.0000 12.0000 0.4000
      vertex 23.0000 12.0000 1.0000
      vertex 23.0000 12.0000 0.4000
    endloop
  endfacet
  facet normal 0 0 0
    outer loop
      vertex 23.0000 12.0000 0.4000
      vertex 23.0000 12.0000 1.0000
      vertex 23.0000 13.0000 1.0000
    endloop
  endfacet
  facet normal 0 0 0
    outer loop
      vertex 23.0000 12.0000 0.4000
      vertex 23.0000 13.0000 1.0000
      vertex 23.0000 13.0000 0.4000
    endloop
  endfacet
  facet normal 0 0 0
    outer loop
      vertex 23.0000 13.0000 0.4000
      vertex 23.0000 13.0000 1.0000
      vertex 22.0000 13.0000 1.0000
    endloop
  endfacet
  facet normal 0 0 0
    outer loop
      vertex 23.0000 13.0000 0.4000
      vertex 22.0000 13.0000 1.0000
      vertex 22.0000 13.0000 0.4000
    endloop
  endfacet
  facet normal 0 0 0
    outer loop
      vertex 22.0000 13.0000 0.4000
      vertex 22.0000 13.0000 1.0000
      vertex 22.0000 12.0000 1.0000
    endloop
  endfacet
  facet normal 0 0 0
    outer loop
      vertex 22.0000 13.0000 0.4000
      vertex 22.0000 12.0000 1.0000
      vertex 22.0000 12.0000 0.4000
    endloop
  endfacet
  facet normal 0 0 0
    outer loop
      vertex 24.0000 12.0000 0.4000
      vertex 25.0000 12.0000 0.4000
      vertex 25.0000 13.0000 0.4000
    endloop
  endfacet
  facet normal 0 0 0
    outer loop
      vertex 24.0000 12.0000 0.4000
      vertex 25.0000 13.0000 0.4000
      vertex 24.0000 13.0000 0.4000
    endloop
  endfacet
  facet normal 0 0 0
    outer loop
      vertex 24.0000 12.0000 1.0000
      vertex 25.0000 13.0000 1.0000
      vertex 25.0000 12.0000 1.0000
    endloop
  endfacet
  facet normal 0 0 0
    outer loop
      vertex 24.0000 12.0000 1.0000
      vertex 24.0000 13.0000 1.0000
      vertex 25.0000 13.0000 1.0000
    endloop
  endfacet
  facet normal 0 0 0
    outer loop
      vertex 24.0000 12.0000 0.4000
      vertex 24.0000 12.0000 1.0000
      vertex 25.0000 12.0000 1.0000
    endloop
  endfacet
  facet normal 0 0 0
    outer loop
      vertex 24.0000 12.0000 0.4000
      vertex 25.0000 12.0000 1.0000
      vertex 25.0000 12.0000 0.4000
    endloop
  endfacet
  facet normal 0 0 0
    outer loop
      vertex 25.0000 12.0000 0.4000
      vertex 25.0000 12.0000 1.0000
      vertex 25.0000 13.0000 1.0000
    endloop
  endfacet
  facet normal 0 0 0
    outer loop
      vertex 25.0000 12.0000 0.4000
      vertex 25.0000 13.0000 1.0000
      vertex 25.0000 13.0000 0.4000
    endloop
  endfacet
  facet normal 0 0 0
    outer loop
      vertex 25.0000 13.0000 0.4000
      vertex 25.0000 13.0000 1.0000
      vertex 24.0000 13.0000 1.0000
    endloop
  endfacet
  facet normal 0 0 0
    outer loop
      vertex 25.0000 13.0000 0.4000
      vertex 24.0000 13.0000 1.0000
      vertex 24.0000 13.0000 0.4000
    endloop
  endfacet
  facet normal 0 0 0
    outer loop
      vertex 24.0000 13.0000 0.4000
      vertex 24.0000 13.0000 1.0000
      vertex 24.0000 12.0000 1.0000
    endloop
  endfacet
  facet normal 0 0 0
    outer loop
      vertex 24.0000 13.0000 0.4000
      vertex 24.0000 12.0000 1.0000
      vertex 24.0000 12.0000 0.4000
    endloop
  endfacet
  facet normal 0 0 0
    outer loop
      vertex 12.0000 11.0000 0.4000
      vertex 13.0000 11.0000 0.4000
      vertex 13.0000 12.0000 0.4000
    endloop
  endfacet
  facet normal 0 0 0
    outer loop
      vertex 12.0000 11.0000 0.4000
      vertex 13.0000 12.0000 0.4000
      vertex 12.0000 12.0000 0.4000
    endloop
  endfacet
  facet normal 0 0 0
    outer loop
      vertex 12.0000 11.0000 1.0000
      vertex 13.0000 12.0000 1.0000
      vertex 13.0000 11.0000 1.0000
    endloop
  endfacet
  facet normal 0 0 0
    outer loop
      vertex 12.0000 11.0000 1.0000
      vertex 12.0000 12.0000 1.0000
      vertex 13.0000 12.0000 1.0000
    endloop
  endfacet
  facet normal 0 0 0
    outer loop
      vertex 12.0000 11.0000 0.4000
      vertex 12.0000 11.0000 1.0000
      vertex 13.0000 11.0000 1.0000
    endloop
  endfacet
  facet normal 0 0 0
    outer loop
      vertex 12.0000 11.0000 0.4000
      vertex 13.0000 11.0000 1.0000
      vertex 13.0000 11.0000 0.4000
    endloop
  endfacet
  facet normal 0 0 0
    outer loop
      vertex 13.0000 11.0000 0.4000
      vertex 13.0000 11.0000 1.0000
      vertex 13.0000 12.0000 1.0000
    endloop
  endfacet
  facet normal 0 0 0
    outer loop
      vertex 13.0000 11.0000 0.4000
      vertex 13.0000 12.0000 1.0000
      vertex 13.0000 12.0000 0.4000
    endloop
  endfacet
  facet normal 0 0 0
    outer loop
      vertex 13.0000 12.0000 0.4000
      vertex 13.0000 12.0000 1.0000
      vertex 12.0000 12.0000 1.0000
    endloop
  endfacet
  facet normal 0 0 0
    outer loop
      vertex 13.0000 12.0000 0.4000
      vertex 12.0000 12.0000 1.0000
      vertex 12.0000 12.0000 0.4000
    endloop
  endfacet
  facet normal 0 0 0
    outer loop
      vertex 12.0000 12.0000 0.4000
      vertex 12.0000 12.0000 1.0000
      vertex 12.0000 11.0000 1.0000
    endloop
  endfacet
  facet normal 0 0 0
    outer loop
      vertex 12.0000 12.0000 0.4000
      vertex 12.0000 11.0000 1.0000
      vertex 12.0000 11.0000 0.4000
    endloop
  endfacet
  facet normal 0 0 0
    outer loop
      vertex 13.0000 11.0000 0.4000
      vertex 14.0000 11.0000 0.4000
      vertex 14.0000 12.0000 0.4000
    endloop
  endfacet
  facet normal 0 0 0
    outer loop
      vertex 13.0000 11.0000 0.4000
      vertex 14.0000 12.0000 0.4000
      vertex 13.0000 12.0000 0.4000
    endloop
  endfacet
  facet normal 0 0 0
    outer loop
      vertex 13.0000 11.0000 1.0000
      vertex 14.0000 12.0000 1.0000
      vertex 14.0000 11.0000 1.0000
    endloop
  endfacet
  facet normal 0 0 0
    outer loop
      vertex 13.0000 11.0000 1.0000
      vertex 13.0000 12.0000 1.0000
      vertex 14.0000 12.0000 1.0000
    endloop
  endfacet
  facet normal 0 0 0
    outer loop
      vertex 13.0000 11.0000 0.4000
      vertex 13.0000 11.0000 1.0000
      vertex 14.0000 11.0000 1.0000
    endloop
  endfacet
  facet normal 0 0 0
    outer loop
      vertex 13.0000 11.0000 0.4000
      vertex 14.0000 11.0000 1.0000
      vertex 14.0000 11.0000 0.4000
    endloop
  endfacet
  facet normal 0 0 0
    outer loop
      vertex 14.0000 11.0000 0.4000
      vertex 14.0000 11.0000 1.0000
      vertex 14.0000 12.0000 1.0000
    endloop
  endfacet
  facet normal 0 0 0
    outer loop
      vertex 14.0000 11.0000 0.4000
      vertex 14.0000 12.0000 1.0000
      vertex 14.0000 12.0000 0.4000
    endloop
  endfacet
  facet normal 0 0 0
    outer loop
      vertex 14.0000 12.0000 0.4000
      vertex 14.0000 12.0000 1.0000
      vertex 13.0000 12.0000 1.0000
    endloop
  endfacet
  facet normal 0 0 0
    outer loop
      vertex 14.0000 12.0000 0.4000
      vertex 13.0000 12.0000 1.0000
      vertex 13.0000 12.0000 0.4000
    endloop
  endfacet
  facet normal 0 0 0
    outer loop
      vertex 13.0000 12.0000 0.4000
      vertex 13.0000 12.0000 1.0000
      vertex 13.0000 11.0000 1.0000
    endloop
  endfacet
  facet normal 0 0 0
    outer loop
      vertex 13.0000 12.0000 0.4000
      vertex 13.0000 11.0000 1.0000
      vertex 13.0000 11.0000 0.4000
    endloop
  endfacet
  facet normal 0 0 0
    outer loop
      vertex 18.0000 11.0000 0.4000
      vertex 19.0000 11.0000 0.4000
      vertex 19.0000 12.0000 0.4000
    endloop
  endfacet
  facet normal 0 0 0
    outer loop
      vertex 18.0000 11.0000 0.4000
      vertex 19.0000 12.0000 0.4000
      vertex 18.0000 12.0000 0.4000
    endloop
  endfacet
  facet normal 0 0 0
    outer loop
      vertex 18.0000 11.0000 1.0000
      vertex 19.0000 12.0000 1.0000
      vertex 19.0000 11.0000 1.0000
    endloop
  endfacet
  facet normal 0 0 0
    outer loop
      vertex 18.0000 11.0000 1.0000
      vertex 18.0000 12.0000 1.0000
      vertex 19.0000 12.0000 1.0000
    endloop
  endfacet
  facet normal 0 0 0
    outer loop
      vertex 18.0000 11.0000 0.4000
      vertex 18.0000 11.0000 1.0000
      vertex 19.0000 11.0000 1.0000
    endloop
  endfacet
  facet normal 0 0 0
    outer loop
      vertex 18.0000 11.0000 0.4000
      vertex 19.0000 11.0000 1.0000
      vertex 19.0000 11.0000 0.4000
    endloop
  endfacet
  facet normal 0 0 0
    outer loop
      vertex 19.0000 11.0000 0.4000
      vertex 19.0000 11.0000 1.0000
      vertex 19.0000 12.0000 1.0000
    endloop
  endfacet
  facet normal 0 0 0
    outer loop
      vertex 19.0000 11.0000 0.4000
      vertex 19.0000 12.0000 1.0000
      vertex 19.0000 12.0000 0.4000
    endloop
  endfacet
  facet normal 0 0 0
    outer loop
      vertex 19.0000 12.0000 0.4000
      vertex 19.0000 12.0000 1.0000
      vertex 18.0000 12.0000 1.0000
    endloop
  endfacet
  facet normal 0 0 0
    outer loop
      vertex 19.0000 12.0000 0.4000
      vertex 18.0000 12.0000 1.0000
      vertex 18.0000 12.0000 0.4000
    endloop
  endfacet
  facet normal 0 0 0
    outer loop
      vertex 18.0000 12.0000 0.4000
      vertex 18.0000 12.0000 1.0000
      vertex 18.0000 11.0000 1.0000
    endloop
  endfacet
  facet normal 0 0 0
    outer loop
      vertex 18.0000 12.0000 0.4000
      vertex 18.0000 11.0000 1.0000
      vertex 18.0000 11.0000 0.4000
    endloop
  endfacet
  facet normal 0 0 0
    outer loop
      vertex 19.0000 11.0000 0.4000
      vertex 20.0000 11.0000 0.4000
      vertex 20.0000 12.0000 0.4000
    endloop
  endfacet
  facet normal 0 0 0
    outer loop
      vertex 19.0000 11.0000 0.4000
      vertex 20.0000 12.0000 0.4000
      vertex 19.0000 12.0000 0.4000
    endloop
  endfacet
  facet normal 0 0 0
    outer loop
      vertex 19.0000 11.0000 1.0000
      vertex 20.0000 12.0000 1.0000
      vertex 20.0000 11.0000 1.0000
    endloop
  endfacet
  facet normal 0 0 0
    outer loop
      vertex 19.0000 11.0000 1.0000
      vertex 19.0000 12.0000 1.0000
      vertex 20.0000 12.0000 1.0000
    endloop
  endfacet
  facet normal 0 0 0
    outer loop
      vertex 19.0000 11.0000 0.4000
      vertex 19.0000 11.0000 1.0000
      vertex 20.0000 11.0000 1.0000
    endloop
  endfacet
  facet normal 0 0 0
    outer loop
      vertex 19.0000 11.0000 0.4000
      vertex 20.0000 11.0000 1.0000
      vertex 20.0000 11.0000 0.4000
    endloop
  endfacet
  facet normal 0 0 0
    outer loop
      vertex 20.0000 11.0000 0.4000
      vertex 20.0000 11.0000 1.0000
      vertex 20.0000 12.0000 1.0000
    endloop
  endfacet
  facet normal 0 0 0
    outer loop
      vertex 20.0000 11.0000 0.4000
      vertex 20.0000 12.0000 1.0000
      vertex 20.0000 12.0000 0.4000
    endloop
  endfacet
  facet normal 0 0 0
    outer loop
      vertex 20.0000 12.0000 0.4000
      vertex 20.0000 12.0000 1.0000
      vertex 19.0000 12.0000 1.0000
    endloop
  endfacet
  facet normal 0 0 0
    outer loop
      vertex 20.0000 12.0000 0.4000
      vertex 19.0000 12.0000 1.0000
      vertex 19.0000 12.0000 0.4000
    endloop
  endfacet
  facet normal 0 0 0
    outer loop
      vertex 19.0000 12.0000 0.4000
      vertex 19.0000 12.0000 1.0000
      vertex 19.0000 11.0000 1.0000
    endloop
  endfacet
  facet normal 0 0 0
    outer loop
      vertex 19.0000 12.0000 0.4000
      vertex 19.0000 11.0000 1.0000
      vertex 19.0000 11.0000 0.4000
    endloop
  endfacet
  facet normal 0 0 0
    outer loop
      vertex 21.0000 11.0000 0.4000
      vertex 22.0000 11.0000 0.4000
      vertex 22.0000 12.0000 0.4000
    endloop
  endfacet
  facet normal 0 0 0
    outer loop
      vertex 21.0000 11.0000 0.4000
      vertex 22.0000 12.0000 0.4000
      vertex 21.0000 12.0000 0.4000
    endloop
  endfacet
  facet normal 0 0 0
    outer loop
      vertex 21.0000 11.0000 1.0000
      vertex 22.0000 12.0000 1.0000
      vertex 22.0000 11.0000 1.0000
    endloop
  endfacet
  facet normal 0 0 0
    outer loop
      vertex 21.0000 11.0000 1.0000
      vertex 21.0000 12.0000 1.0000
      vertex 22.0000 12.0000 1.0000
    endloop
  endfacet
  facet normal 0 0 0
    outer loop
      vertex 21.0000 11.0000 0.4000
      vertex 21.0000 11.0000 1.0000
      vertex 22.0000 11.0000 1.0000
    endloop
  endfacet
  facet normal 0 0 0
    outer loop
      vertex 21.0000 11.0000 0.4000
      vertex 22.0000 11.0000 1.0000
      vertex 22.0000 11.0000 0.4000
    endloop
  endfacet
  facet normal 0 0 0
    outer loop
      vertex 22.0000 11.0000 0.4000
      vertex 22.0000 11.0000 1.0000
      vertex 22.0000 12.0000 1.0000
    endloop
  endfacet
  facet normal 0 0 0
    outer loop
      vertex 22.0000 11.0000 0.4000
      vertex 22.0000 12.0000 1.0000
      vertex 22.0000 12.0000 0.4000
    endloop
  endfacet
  facet normal 0 0 0
    outer loop
      vertex 22.0000 12.0000 0.4000
      vertex 22.0000 12.0000 1.0000
      vertex 21.0000 12.0000 1.0000
    endloop
  endfacet
  facet normal 0 0 0
    outer loop
      vertex 22.0000 12.0000 0.4000
      vertex 21.0000 12.0000 1.0000
      vertex 21.0000 12.0000 0.4000
    endloop
  endfacet
  facet normal 0 0 0
    outer loop
      vertex 21.0000 12.0000 0.4000
      vertex 21.0000 12.0000 1.0000
      vertex 21.0000 11.0000 1.0000
    endloop
  endfacet
  facet normal 0 0 0
    outer loop
      vertex 21.0000 12.0000 0.4000
      vertex 21.0000 11.0000 1.0000
      vertex 21.0000 11.0000 0.4000
    endloop
  endfacet
  facet normal 0 0 0
    outer loop
      vertex 22.0000 11.0000 0.4000
      vertex 23.0000 11.0000 0.4000
      vertex 23.0000 12.0000 0.4000
    endloop
  endfacet
  facet normal 0 0 0
    outer loop
      vertex 22.0000 11.0000 0.4000
      vertex 23.0000 12.0000 0.4000
      vertex 22.0000 12.0000 0.4000
    endloop
  endfacet
  facet normal 0 0 0
    outer loop
      vertex 22.0000 11.0000 1.0000
      vertex 23.0000 12.0000 1.0000
      vertex 23.0000 11.0000 1.0000
    endloop
  endfacet
  facet normal 0 0 0
    outer loop
      vertex 22.0000 11.0000 1.0000
      vertex 22.0000 12.0000 1.0000
      vertex 23.0000 12.0000 1.0000
    endloop
  endfacet
  facet normal 0 0 0
    outer loop
      vertex 22.0000 11.0000 0.4000
      vertex 22.0000 11.0000 1.0000
      vertex 23.0000 11.0000 1.0000
    endloop
  endfacet
  facet normal 0 0 0
    outer loop
      vertex 22.0000 11.0000 0.4000
      vertex 23.0000 11.0000 1.0000
      vertex 23.0000 11.0000 0.4000
    endloop
  endfacet
  facet normal 0 0 0
    outer loop
      vertex 23.0000 11.0000 0.4000
      vertex 23.0000 11.0000 1.0000
      vertex 23.0000 12.0000 1.0000
    endloop
  endfacet
  facet normal 0 0 0
    outer loop
      vertex 23.0000 11.0000 0.4000
      vertex 23.0000 12.0000 1.0000
      vertex 23.0000 12.0000 0.4000
    endloop
  endfacet
  facet normal 0 0 0
    outer loop
      vertex 23.0000 12.0000 0.4000
      vertex 23.0000 12.0000 1.0000
      vertex 22.0000 12.0000 1.0000
    endloop
  endfacet
  facet normal 0 0 0
    outer loop
      vertex 23.0000 12.0000 0.4000
      vertex 22.0000 12.0000 1.0000
      vertex 22.0000 12.0000 0.4000
    endloop
  endfacet
  facet normal 0 0 0
    outer loop
      vertex 22.0000 12.0000 0.4000
      vertex 22.0000 12.0000 1.0000
      vertex 22.0000 11.0000 1.0000
    endloop
  endfacet
  facet normal 0 0 0
    outer loop
      vertex 22.0000 12.0000 0.4000
      vertex 22.0000 11.0000 1.0000
      vertex 22.0000 11.0000 0.4000
    endloop
  endfacet
  facet normal 0 0 0
    outer loop
      vertex 24.0000 11.0000 0.4000
      vertex 25.0000 11.0000 0.4000
      vertex 25.0000 12.0000 0.4000
    endloop
  endfacet
  facet normal 0 0 0
    outer loop
      vertex 24.0000 11.0000 0.4000
      vertex 25.0000 12.0000 0.4000
      vertex 24.0000 12.0000 0.4000
    endloop
  endfacet
  facet normal 0 0 0
    outer loop
      vertex 24.0000 11.0000 1.0000
      vertex 25.0000 12.0000 1.0000
      vertex 25.0000 11.0000 1.0000
    endloop
  endfacet
  facet normal 0 0 0
    outer loop
      vertex 24.0000 11.0000 1.0000
      vertex 24.0000 12.0000 1.0000
      vertex 25.0000 12.0000 1.0000
    endloop
  endfacet
  facet normal 0 0 0
    outer loop
      vertex 24.0000 11.0000 0.4000
      vertex 24.0000 11.0000 1.0000
      vertex 25.0000 11.0000 1.0000
    endloop
  endfacet
  facet normal 0 0 0
    outer loop
      vertex 24.0000 11.0000 0.4000
      vertex 25.0000 11.0000 1.0000
      vertex 25.0000 11.0000 0.4000
    endloop
  endfacet
  facet normal 0 0 0
    outer loop
      vertex 25.0000 11.0000 0.4000
      vertex 25.0000 11.0000 1.0000
      vertex 25.0000 12.0000 1.0000
    endloop
  endfacet
  facet normal 0 0 0
    outer loop
      vertex 25.0000 11.0000 0.4000
      vertex 25.0000 12.0000 1.0000
      vertex 25.0000 12.0000 0.4000
    endloop
  endfacet
  facet normal 0 0 0
    outer loop
      vertex 25.0000 12.0000 0.4000
      vertex 25.0000 12.0000 1.0000
      vertex 24.0000 12.0000 1.0000
    endloop
  endfacet
  facet normal 0 0 0
    outer loop
      vertex 25.0000 12.0000 0.4000
      vertex 24.0000 12.0000 1.0000
      vertex 24.0000 12.0000 0.4000
    endloop
  endfacet
  facet normal 0 0 0
    outer loop
      vertex 24.0000 12.0000 0.4000
      vertex 24.0000 12.0000 1.0000
      vertex 24.0000 11.0000 1.0000
    endloop
  endfacet
  facet normal 0 0 0
    outer loop
      vertex 24.0000 12.0000 0.4000
      vertex 24.0000 11.0000 1.0000
      vertex 24.0000 11.0000 0.4000
    endloop
  endfacet
  facet normal 0 0 0
    outer loop
      vertex 4.0000 10.0000 0.4000
      vertex 5.0000 10.0000 0.4000
      vertex 5.0000 11.0000 0.4000
    endloop
  endfacet
  facet normal 0 0 0
    outer loop
      vertex 4.0000 10.0000 0.4000
      vertex 5.0000 11.0000 0.4000
      vertex 4.0000 11.0000 0.4000
    endloop
  endfacet
  facet normal 0 0 0
    outer loop
      vertex 4.0000 10.0000 1.0000
      vertex 5.0000 11.0000 1.0000
      vertex 5.0000 10.0000 1.0000
    endloop
  endfacet
  facet normal 0 0 0
    outer loop
      vertex 4.0000 10.0000 1.0000
      vertex 4.0000 11.0000 1.0000
      vertex 5.0000 11.0000 1.0000
    endloop
  endfacet
  facet normal 0 0 0
    outer loop
      vertex 4.0000 10.0000 0.4000
      vertex 4.0000 10.0000 1.0000
      vertex 5.0000 10.0000 1.0000
    endloop
  endfacet
  facet normal 0 0 0
    outer loop
      vertex 4.0000 10.0000 0.4000
      vertex 5.0000 10.0000 1.0000
      vertex 5.0000 10.0000 0.4000
    endloop
  endfacet
  facet normal 0 0 0
    outer loop
      vertex 5.0000 10.0000 0.4000
      vertex 5.0000 10.0000 1.0000
      vertex 5.0000 11.0000 1.0000
    endloop
  endfacet
  facet normal 0 0 0
    outer loop
      vertex 5.0000 10.0000 0.4000
      vertex 5.0000 11.0000 1.0000
      vertex 5.0000 11.0000 0.4000
    endloop
  endfacet
  facet normal 0 0 0
    outer loop
      vertex 5.0000 11.0000 0.4000
      vertex 5.0000 11.0000 1.0000
      vertex 4.0000 11.0000 1.0000
    endloop
  endfacet
  facet normal 0 0 0
    outer loop
      vertex 5.0000 11.0000 0.4000
      vertex 4.0000 11.0000 1.0000
      vertex 4.0000 11.0000 0.4000
    endloop
  endfacet
  facet normal 0 0 0
    outer loop
      vertex 4.0000 11.0000 0.4000
      vertex 4.0000 11.0000 1.0000
      vertex 4.0000 10.0000 1.0000
    endloop
  endfacet
  facet normal 0 0 0
    outer loop
      vertex 4.0000 11.0000 0.4000
      vertex 4.0000 10.0000 1.0000
      vertex 4.0000 10.0000 0.4000
    endloop
  endfacet
  facet normal 0 0 0
    outer loop
      vertex 5.0000 10.0000 0.4000
      vertex 6.0000 10.0000 0.4000
      vertex 6.0000 11.0000 0.4000
    endloop
  endfacet
  facet normal 0 0 0
    outer loop
      vertex 5.0000 10.0000 0.4000
      vertex 6.0000 11.0000 0.4000
      vertex 5.0000 11.0000 0.4000
    endloop
  endfacet
  facet normal 0 0 0
    outer loop
      vertex 5.0000 10.0000 1.0000
      vertex 6.0000 11.0000 1.0000
      vertex 6.0000 10.0000 1.0000
    endloop
  endfacet
  facet normal 0 0 0
    outer loop
      vertex 5.0000 10.0000 1.0000
      vertex 5.0000 11.0000 1.0000
      vertex 6.0000 11.0000 1.0000
    endloop
  endfacet
  facet normal 0 0 0
    outer loop
      vertex 5.0000 10.0000 0.4000
      vertex 5.0000 10.0000 1.0000
      vertex 6.0000 10.0000 1.0000
    endloop
  endfacet
  facet normal 0 0 0
    outer loop
      vertex 5.0000 10.0000 0.4000
      vertex 6.0000 10.0000 1.0000
      vertex 6.0000 10.0000 0.4000
    endloop
  endfacet
  facet normal 0 0 0
    outer loop
      vertex 6.0000 10.0000 0.4000
      vertex 6.0000 10.0000 1.0000
      vertex 6.0000 11.0000 1.0000
    endloop
  endfacet
  facet normal 0 0 0
    outer loop
      vertex 6.0000 10.0000 0.4000
      vertex 6.0000 11.0000 1.0000
      vertex 6.0000 11.0000 0.4000
    endloop
  endfacet
  facet normal 0 0 0
    outer loop
      vertex 6.0000 11.0000 0.4000
      vertex 6.0000 11.0000 1.0000
      vertex 5.0000 11.0000 1.0000
    endloop
  endfacet
  facet normal 0 0 0
    outer loop
      vertex 6.0000 11.0000 0.4000
      vertex 5.0000 11.0000 1.0000
      vertex 5.0000 11.0000 0.4000
    endloop
  endfacet
  facet normal 0 0 0
    outer loop
      vertex 5.0000 11.0000 0.4000
      vertex 5.0000 11.0000 1.0000
      vertex 5.0000 10.0000 1.0000
    endloop
  endfacet
  facet normal 0 0 0
    outer loop
      vertex 5.0000 11.0000 0.4000
      vertex 5.0000 10.0000 1.0000
      vertex 5.0000 10.0000 0.4000
    endloop
  endfacet
  facet normal 0 0 0
    outer loop
      vertex 6.0000 10.0000 0.4000
      vertex 7.0000 10.0000 0.4000
      vertex 7.0000 11.0000 0.4000
    endloop
  endfacet
  facet normal 0 0 0
    outer loop
      vertex 6.0000 10.0000 0.4000
      vertex 7.0000 11.0000 0.4000
      vertex 6.0000 11.0000 0.4000
    endloop
  endfacet
  facet normal 0 0 0
    outer loop
      vertex 6.0000 10.0000 1.0000
      vertex 7.0000 11.0000 1.0000
      vertex 7.0000 10.0000 1.0000
    endloop
  endfacet
  facet normal 0 0 0
    outer loop
      vertex 6.0000 10.0000 1.0000
      vertex 6.0000 11.0000 1.0000
      vertex 7.0000 11.0000 1.0000
    endloop
  endfacet
  facet normal 0 0 0
    outer loop
      vertex 6.0000 10.0000 0.4000
      vertex 6.0000 10.0000 1.0000
      vertex 7.0000 10.0000 1.0000
    endloop
  endfacet
  facet normal 0 0 0
    outer loop
      vertex 6.0000 10.0000 0.4000
      vertex 7.0000 10.0000 1.0000
      vertex 7.0000 10.0000 0.4000
    endloop
  endfacet
  facet normal 0 0 0
    outer loop
      vertex 7.0000 10.0000 0.4000
      vertex 7.0000 10.0000 1.0000
      vertex 7.0000 11.0000 1.0000
    endloop
  endfacet
  facet normal 0 0 0
    outer loop
      vertex 7.0000 10.0000 0.4000
      vertex 7.0000 11.0000 1.0000
      vertex 7.0000 11.0000 0.4000
    endloop
  endfacet
  facet normal 0 0 0
    outer loop
      vertex 7.0000 11.0000 0.4000
      vertex 7.0000 11.0000 1.0000
      vertex 6.0000 11.0000 1.0000
    endloop
  endfacet
  facet normal 0 0 0
    outer loop
      vertex 7.0000 11.0000 0.4000
      vertex 6.0000 11.0000 1.0000
      vertex 6.0000 11.0000 0.4000
    endloop
  endfacet
  facet normal 0 0 0
    outer loop
      vertex 6.0000 11.0000 0.4000
      vertex 6.0000 11.0000 1.0000
      vertex 6.0000 10.0000 1.0000
    endloop
  endfacet
  facet normal 0 0 0
    outer loop
      vertex 6.0000 11.0000 0.4000
      vertex 6.0000 10.0000 1.0000
      vertex 6.0000 10.0000 0.4000
    endloop
  endfacet
  facet normal 0 0 0
    outer loop
      vertex 7.0000 10.0000 0.4000
      vertex 8.0000 10.0000 0.4000
      vertex 8.0000 11.0000 0.4000
    endloop
  endfacet
  facet normal 0 0 0
    outer loop
      vertex 7.0000 10.0000 0.4000
      vertex 8.0000 11.0000 0.4000
      vertex 7.0000 11.0000 0.4000
    endloop
  endfacet
  facet normal 0 0 0
    outer loop
      vertex 7.0000 10.0000 1.0000
      vertex 8.0000 11.0000 1.0000
      vertex 8.0000 10.0000 1.0000
    endloop
  endfacet
  facet normal 0 0 0
    outer loop
      vertex 7.0000 10.0000 1.0000
      vertex 7.0000 11.0000 1.0000
      vertex 8.0000 11.0000 1.0000
    endloop
  endfacet
  facet normal 0 0 0
    outer loop
      vertex 7.0000 10.0000 0.4000
      vertex 7.0000 10.0000 1.0000
      vertex 8.0000 10.0000 1.0000
    endloop
  endfacet
  facet normal 0 0 0
    outer loop
      vertex 7.0000 10.0000 0.4000
      vertex 8.0000 10.0000 1.0000
      vertex 8.0000 10.0000 0.4000
    endloop
  endfacet
  facet normal 0 0 0
    outer loop
      vertex 8.0000 10.0000 0.4000
      vertex 8.0000 10.0000 1.0000
      vertex 8.0000 11.0000 1.0000
    endloop
  endfacet
  facet normal 0 0 0
    outer loop
      vertex 8.0000 10.0000 0.4000
      vertex 8.0000 11.0000 1.0000
      vertex 8.0000 11.0000 0.4000
    endloop
  endfacet
  facet normal 0 0 0
    outer loop
      vertex 8.0000 11.0000 0.4000
      vertex 8.0000 11.0000 1.0000
      vertex 7.0000 11.0000 1.0000
    endloop
  endfacet
  facet normal 0 0 0
    outer loop
      vertex 8.0000 11.0000 0.4000
      vertex 7.0000 11.0000 1.0000
      vertex 7.0000 11.0000 0.4000
    endloop
  endfacet
  facet normal 0 0 0
    outer loop
      vertex 7.0000 11.0000 0.4000
      vertex 7.0000 11.0000 1.0000
      vertex 7.0000 10.0000 1.0000
    endloop
  endfacet
  facet normal 0 0 0
    outer loop
      vertex 7.0000 11.0000 0.4000
      vertex 7.0000 10.0000 1.0000
      vertex 7.0000 10.0000 0.4000
    endloop
  endfacet
  facet normal 0 0 0
    outer loop
      vertex 8.0000 10.0000 0.4000
      vertex 9.0000 10.0000 0.4000
      vertex 9.0000 11.0000 0.4000
    endloop
  endfacet
  facet normal 0 0 0
    outer loop
      vertex 8.0000 10.0000 0.4000
      vertex 9.0000 11.0000 0.4000
      vertex 8.0000 11.0000 0.4000
    endloop
  endfacet
  facet normal 0 0 0
    outer loop
      vertex 8.0000 10.0000 1.0000
      vertex 9.0000 11.0000 1.0000
      vertex 9.0000 10.0000 1.0000
    endloop
  endfacet
  facet normal 0 0 0
    outer loop
      vertex 8.0000 10.0000 1.0000
      vertex 8.0000 11.0000 1.0000
      vertex 9.0000 11.0000 1.0000
    endloop
  endfacet
  facet normal 0 0 0
    outer loop
      vertex 8.0000 10.0000 0.4000
      vertex 8.0000 10.0000 1.0000
      vertex 9.0000 10.0000 1.0000
    endloop
  endfacet
  facet normal 0 0 0
    outer loop
      vertex 8.0000 10.0000 0.4000
      vertex 9.0000 10.0000 1.0000
      vertex 9.0000 10.0000 0.4000
    endloop
  endfacet
  facet normal 0 0 0
    outer loop
      vertex 9.0000 10.0000 0.4000
      vertex 9.0000 10.0000 1.0000
      vertex 9.0000 11.0000 1.0000
    endloop
  endfacet
  facet normal 0 0 0
    outer loop
      vertex 9.0000 10.0000 0.4000
      vertex 9.0000 11.0000 1.0000
      vertex 9.0000 11.0000 0.4000
    endloop
  endfacet
  facet normal 0 0 0
    outer loop
      vertex 9.0000 11.0000 0.4000
      vertex 9.0000 11.0000 1.0000
      vertex 8.0000 11.0000 1.0000
    endloop
  endfacet
  facet normal 0 0 0
    outer loop
      vertex 9.0000 11.0000 0.4000
      vertex 8.0000 11.0000 1.0000
      vertex 8.0000 11.0000 0.4000
    endloop
  endfacet
  facet normal 0 0 0
    outer loop
      vertex 8.0000 11.0000 0.4000
      vertex 8.0000 11.0000 1.0000
      vertex 8.0000 10.0000 1.0000
    endloop
  endfacet
  facet normal 0 0 0
    outer loop
      vertex 8.0000 11.0000 0.4000
      vertex 8.0000 10.0000 1.0000
      vertex 8.0000 10.0000 0.4000
    endloop
  endfacet
  facet normal 0 0 0
    outer loop
      vertex 9.0000 10.0000 0.4000
      vertex 10.0000 10.0000 0.4000
      vertex 10.0000 11.0000 0.4000
    endloop
  endfacet
  facet normal 0 0 0
    outer loop
      vertex 9.0000 10.0000 0.4000
      vertex 10.0000 11.0000 0.4000
      vertex 9.0000 11.0000 0.4000
    endloop
  endfacet
  facet normal 0 0 0
    outer loop
      vertex 9.0000 10.0000 1.0000
      vertex 10.0000 11.0000 1.0000
      vertex 10.0000 10.0000 1.0000
    endloop
  endfacet
  facet normal 0 0 0
    outer loop
      vertex 9.0000 10.0000 1.0000
      vertex 9.0000 11.0000 1.0000
      vertex 10.0000 11.0000 1.0000
    endloop
  endfacet
  facet normal 0 0 0
    outer loop
      vertex 9.0000 10.0000 0.4000
      vertex 9.0000 10.0000 1.0000
      vertex 10.0000 10.0000 1.0000
    endloop
  endfacet
  facet normal 0 0 0
    outer loop
      vertex 9.0000 10.0000 0.4000
      vertex 10.0000 10.0000 1.0000
      vertex 10.0000 10.0000 0.4000
    endloop
  endfacet
  facet normal 0 0 0
    outer loop
      vertex 10.0000 10.0000 0.4000
      vertex 10.0000 10.0000 1.0000
      vertex 10.0000 11.0000 1.0000
    endloop
  endfacet
  facet normal 0 0 0
    outer loop
      vertex 10.0000 10.0000 0.4000
      vertex 10.0000 11.0000 1.0000
      vertex 10.0000 11.0000 0.4000
    endloop
  endfacet
  facet normal 0 0 0
    outer loop
      vertex 10.0000 11.0000 0.4000
      vertex 10.0000 11.0000 1.0000
      vertex 9.0000 11.0000 1.0000
    endloop
  endfacet
  facet normal 0 0 0
    outer loop
      vertex 10.0000 11.0000 0.4000
      vertex 9.0000 11.0000 1.0000
      vertex 9.0000 11.0000 0.4000
    endloop
  endfacet
  facet normal 0 0 0
    outer loop
      vertex 9.0000 11.0000 0.4000
      vertex 9.0000 11.0000 1.0000
      vertex 9.0000 10.0000 1.0000
    endloop
  endfacet
  facet normal 0 0 0
    outer loop
      vertex 9.0000 11.0000 0.4000
      vertex 9.0000 10.0000 1.0000
      vertex 9.0000 10.0000 0.4000
    endloop
  endfacet
  facet normal 0 0 0
    outer loop
      vertex 10.0000 10.0000 0.4000
      vertex 11.0000 10.0000 0.4000
      vertex 11.0000 11.0000 0.4000
    endloop
  endfacet
  facet normal 0 0 0
    outer loop
      vertex 10.0000 10.0000 0.4000
      vertex 11.0000 11.0000 0.4000
      vertex 10.0000 11.0000 0.4000
    endloop
  endfacet
  facet normal 0 0 0
    outer loop
      vertex 10.0000 10.0000 1.0000
      vertex 11.0000 11.0000 1.0000
      vertex 11.0000 10.0000 1.0000
    endloop
  endfacet
  facet normal 0 0 0
    outer loop
      vertex 10.0000 10.0000 1.0000
      vertex 10.0000 11.0000 1.0000
      vertex 11.0000 11.0000 1.0000
    endloop
  endfacet
  facet normal 0 0 0
    outer loop
      vertex 10.0000 10.0000 0.4000
      vertex 10.0000 10.0000 1.0000
      vertex 11.0000 10.0000 1.0000
    endloop
  endfacet
  facet normal 0 0 0
    outer loop
      vertex 10.0000 10.0000 0.4000
      vertex 11.0000 10.0000 1.0000
      vertex 11.0000 10.0000 0.4000
    endloop
  endfacet
  facet normal 0 0 0
    outer loop
      vertex 11.0000 10.0000 0.4000
      vertex 11.0000 10.0000 1.0000
      vertex 11.0000 11.0000 1.0000
    endloop
  endfacet
  facet normal 0 0 0
    outer loop
      vertex 11.0000 10.0000 0.4000
      vertex 11.0000 11.0000 1.0000
      vertex 11.0000 11.0000 0.4000
    endloop
  endfacet
  facet normal 0 0 0
    outer loop
      vertex 11.0000 11.0000 0.4000
      vertex 11.0000 11.0000 1.0000
      vertex 10.0000 11.0000 1.0000
    endloop
  endfacet
  facet normal 0 0 0
    outer loop
      vertex 11.0000 11.0000 0.4000
      vertex 10.0000 11.0000 1.0000
      vertex 10.0000 11.0000 0.4000
    endloop
  endfacet
  facet normal 0 0 0
    outer loop
      vertex 10.0000 11.0000 0.4000
      vertex 10.0000 11.0000 1.0000
      vertex 10.0000 10.0000 1.0000
    endloop
  endfacet
  facet normal 0 0 0
    outer loop
      vertex 10.0000 11.0000 0.4000
      vertex 10.0000 10.0000 1.0000
      vertex 10.0000 10.0000 0.4000
    endloop
  endfacet
  facet normal 0 0 0
    outer loop
      vertex 12.0000 10.0000 0.4000
      vertex 13.0000 10.0000 0.4000
      vertex 13.0000 11.0000 0.4000
    endloop
  endfacet
  facet normal 0 0 0
    outer loop
      vertex 12.0000 10.0000 0.4000
      vertex 13.0000 11.0000 0.4000
      vertex 12.0000 11.0000 0.4000
    endloop
  endfacet
  facet normal 0 0 0
    outer loop
      vertex 12.0000 10.0000 1.0000
      vertex 13.0000 11.0000 1.0000
      vertex 13.0000 10.0000 1.0000
    endloop
  endfacet
  facet normal 0 0 0
    outer loop
      vertex 12.0000 10.0000 1.0000
      vertex 12.0000 11.0000 1.0000
      vertex 13.0000 11.0000 1.0000
    endloop
  endfacet
  facet normal 0 0 0
    outer loop
      vertex 12.0000 10.0000 0.4000
      vertex 12.0000 10.0000 1.0000
      vertex 13.0000 10.0000 1.0000
    endloop
  endfacet
  facet normal 0 0 0
    outer loop
      vertex 12.0000 10.0000 0.4000
      vertex 13.0000 10.0000 1.0000
      vertex 13.0000 10.0000 0.4000
    endloop
  endfacet
  facet normal 0 0 0
    outer loop
      vertex 13.0000 10.0000 0.4000
      vertex 13.0000 10.0000 1.0000
      vertex 13.0000 11.0000 1.0000
    endloop
  endfacet
  facet normal 0 0 0
    outer loop
      vertex 13.0000 10.0000 0.4000
      vertex 13.0000 11.0000 1.0000
      vertex 13.0000 11.0000 0.4000
    endloop
  endfacet
  facet normal 0 0 0
    outer loop
      vertex 13.0000 11.0000 0.4000
      vertex 13.0000 11.0000 1.0000
      vertex 12.0000 11.0000 1.0000
    endloop
  endfacet
  facet normal 0 0 0
    outer loop
      vertex 13.0000 11.0000 0.4000
      vertex 12.0000 11.0000 1.0000
      vertex 12.0000 11.0000 0.4000
    endloop
  endfacet
  facet normal 0 0 0
    outer loop
      vertex 12.0000 11.0000 0.4000
      vertex 12.0000 11.0000 1.0000
      vertex 12.0000 10.0000 1.0000
    endloop
  endfacet
  facet normal 0 0 0
    outer loop
      vertex 12.0000 11.0000 0.4000
      vertex 12.0000 10.0000 1.0000
      vertex 12.0000 10.0000 0.4000
    endloop
  endfacet
  facet normal 0 0 0
    outer loop
      vertex 13.0000 10.0000 0.4000
      vertex 14.0000 10.0000 0.4000
      vertex 14.0000 11.0000 0.4000
    endloop
  endfacet
  facet normal 0 0 0
    outer loop
      vertex 13.0000 10.0000 0.4000
      vertex 14.0000 11.0000 0.4000
      vertex 13.0000 11.0000 0.4000
    endloop
  endfacet
  facet normal 0 0 0
    outer loop
      vertex 13.0000 10.0000 1.0000
      vertex 14.0000 11.0000 1.0000
      vertex 14.0000 10.0000 1.0000
    endloop
  endfacet
  facet normal 0 0 0
    outer loop
      vertex 13.0000 10.0000 1.0000
      vertex 13.0000 11.0000 1.0000
      vertex 14.0000 11.0000 1.0000
    endloop
  endfacet
  facet normal 0 0 0
    outer loop
      vertex 13.0000 10.0000 0.4000
      vertex 13.0000 10.0000 1.0000
      vertex 14.0000 10.0000 1.0000
    endloop
  endfacet
  facet normal 0 0 0
    outer loop
      vertex 13.0000 10.0000 0.4000
      vertex 14.0000 10.0000 1.0000
      vertex 14.0000 10.0000 0.4000
    endloop
  endfacet
  facet normal 0 0 0
    outer loop
      vertex 14.0000 10.0000 0.4000
      vertex 14.0000 10.0000 1.0000
      vertex 14.0000 11.0000 1.0000
    endloop
  endfacet
  facet normal 0 0 0
    outer loop
      vertex 14.0000 10.0000 0.4000
      vertex 14.0000 11.0000 1.0000
      vertex 14.0000 11.0000 0.4000
    endloop
  endfacet
  facet normal 0 0 0
    outer loop
      vertex 14.0000 11.0000 0.4000
      vertex 14.0000 11.0000 1.0000
      vertex 13.0000 11.0000 1.0000
    endloop
  endfacet
  facet normal 0 0 0
    outer loop
      vertex 14.0000 11.0000 0.4000
      vertex 13.0000 11.0000 1.0000
      vertex 13.0000 11.0000 0.4000
    endloop
  endfacet
  facet normal 0 0 0
    outer loop
      vertex 13.0000 11.0000 0.4000
      vertex 13.0000 11.0000 1.0000
      vertex 13.0000 10.0000 1.0000
    endloop
  endfacet
  facet normal 0 0 0
    outer loop
      vertex 13.0000 11.0000 0.4000
      vertex 13.0000 10.0000 1.0000
      vertex 13.0000 10.0000 0.4000
    endloop
  endfacet
  facet normal 0 0 0
    outer loop
      vertex 14.0000 10.0000 0.4000
      vertex 15.0000 10.0000 0.4000
      vertex 15.0000 11.0000 0.4000
    endloop
  endfacet
  facet normal 0 0 0
    outer loop
      vertex 14.0000 10.0000 0.4000
      vertex 15.0000 11.0000 0.4000
      vertex 14.0000 11.0000 0.4000
    endloop
  endfacet
  facet normal 0 0 0
    outer loop
      vertex 14.0000 10.0000 1.0000
      vertex 15.0000 11.0000 1.0000
      vertex 15.0000 10.0000 1.0000
    endloop
  endfacet
  facet normal 0 0 0
    outer loop
      vertex 14.0000 10.0000 1.0000
      vertex 14.0000 11.0000 1.0000
      vertex 15.0000 11.0000 1.0000
    endloop
  endfacet
  facet normal 0 0 0
    outer loop
      vertex 14.0000 10.0000 0.4000
      vertex 14.0000 10.0000 1.0000
      vertex 15.0000 10.0000 1.0000
    endloop
  endfacet
  facet normal 0 0 0
    outer loop
      vertex 14.0000 10.0000 0.4000
      vertex 15.0000 10.0000 1.0000
      vertex 15.0000 10.0000 0.4000
    endloop
  endfacet
  facet normal 0 0 0
    outer loop
      vertex 15.0000 10.0000 0.4000
      vertex 15.0000 10.0000 1.0000
      vertex 15.0000 11.0000 1.0000
    endloop
  endfacet
  facet normal 0 0 0
    outer loop
      vertex 15.0000 10.0000 0.4000
      vertex 15.0000 11.0000 1.0000
      vertex 15.0000 11.0000 0.4000
    endloop
  endfacet
  facet normal 0 0 0
    outer loop
      vertex 15.0000 11.0000 0.4000
      vertex 15.0000 11.0000 1.0000
      vertex 14.0000 11.0000 1.0000
    endloop
  endfacet
  facet normal 0 0 0
    outer loop
      vertex 15.0000 11.0000 0.4000
      vertex 14.0000 11.0000 1.0000
      vertex 14.0000 11.0000 0.4000
    endloop
  endfacet
  facet normal 0 0 0
    outer loop
      vertex 14.0000 11.0000 0.4000
      vertex 14.0000 11.0000 1.0000
      vertex 14.0000 10.0000 1.0000
    endloop
  endfacet
  facet normal 0 0 0
    outer loop
      vertex 14.0000 11.0000 0.4000
      vertex 14.0000 10.0000 1.0000
      vertex 14.0000 10.0000 0.4000
    endloop
  endfacet
  facet normal 0 0 0
    outer loop
      vertex 15.0000 10.0000 0.4000
      vertex 16.0000 10.0000 0.4000
      vertex 16.0000 11.0000 0.4000
    endloop
  endfacet
  facet normal 0 0 0
    outer loop
      vertex 15.0000 10.0000 0.4000
      vertex 16.0000 11.0000 0.4000
      vertex 15.0000 11.0000 0.4000
    endloop
  endfacet
  facet normal 0 0 0
    outer loop
      vertex 15.0000 10.0000 1.0000
      vertex 16.0000 11.0000 1.0000
      vertex 16.0000 10.0000 1.0000
    endloop
  endfacet
  facet normal 0 0 0
    outer loop
      vertex 15.0000 10.0000 1.0000
      vertex 15.0000 11.0000 1.0000
      vertex 16.0000 11.0000 1.0000
    endloop
  endfacet
  facet normal 0 0 0
    outer loop
      vertex 15.0000 10.0000 0.4000
      vertex 15.0000 10.0000 1.0000
      vertex 16.0000 10.0000 1.0000
    endloop
  endfacet
  facet normal 0 0 0
    outer loop
      vertex 15.0000 10.0000 0.4000
      vertex 16.0000 10.0000 1.0000
      vertex 16.0000 10.0000 0.4000
    endloop
  endfacet
  facet normal 0 0 0
    outer loop
      vertex 16.0000 10.0000 0.4000
      vertex 16.0000 10.0000 1.0000
      vertex 16.0000 11.0000 1.0000
    endloop
  endfacet
  facet normal 0 0 0
    outer loop
      vertex 16.0000 10.0000 0.4000
      vertex 16.0000 11.0000 1.0000
      vertex 16.0000 11.0000 0.4000
    endloop
  endfacet
  facet normal 0 0 0
    outer loop
      vertex 16.0000 11.0000 0.4000
      vertex 16.0000 11.0000 1.0000
      vertex 15.0000 11.0000 1.0000
    endloop
  endfacet
  facet normal 0 0 0
    outer loop
      vertex 16.0000 11.0000 0.4000
      vertex 15.0000 11.0000 1.0000
      vertex 15.0000 11.0000 0.4000
    endloop
  endfacet
  facet normal 0 0 0
    outer loop
      vertex 15.0000 11.0000 0.4000
      vertex 15.0000 11.0000 1.0000
      vertex 15.0000 10.0000 1.0000
    endloop
  endfacet
  facet normal 0 0 0
    outer loop
      vertex 15.0000 11.0000 0.4000
      vertex 15.0000 10.0000 1.0000
      vertex 15.0000 10.0000 0.4000
    endloop
  endfacet
  facet normal 0 0 0
    outer loop
      vertex 16.0000 10.0000 0.4000
      vertex 17.0000 10.0000 0.4000
      vertex 17.0000 11.0000 0.4000
    endloop
  endfacet
  facet normal 0 0 0
    outer loop
      vertex 16.0000 10.0000 0.4000
      vertex 17.0000 11.0000 0.4000
      vertex 16.0000 11.0000 0.4000
    endloop
  endfacet
  facet normal 0 0 0
    outer loop
      vertex 16.0000 10.0000 1.0000
      vertex 17.0000 11.0000 1.0000
      vertex 17.0000 10.0000 1.0000
    endloop
  endfacet
  facet normal 0 0 0
    outer loop
      vertex 16.0000 10.0000 1.0000
      vertex 16.0000 11.0000 1.0000
      vertex 17.0000 11.0000 1.0000
    endloop
  endfacet
  facet normal 0 0 0
    outer loop
      vertex 16.0000 10.0000 0.4000
      vertex 16.0000 10.0000 1.0000
      vertex 17.0000 10.0000 1.0000
    endloop
  endfacet
  facet normal 0 0 0
    outer loop
      vertex 16.0000 10.0000 0.4000
      vertex 17.0000 10.0000 1.0000
      vertex 17.0000 10.0000 0.4000
    endloop
  endfacet
  facet normal 0 0 0
    outer loop
      vertex 17.0000 10.0000 0.4000
      vertex 17.0000 10.0000 1.0000
      vertex 17.0000 11.0000 1.0000
    endloop
  endfacet
  facet normal 0 0 0
    outer loop
      vertex 17.0000 10.0000 0.4000
      vertex 17.0000 11.0000 1.0000
      vertex 17.0000 11.0000 0.4000
    endloop
  endfacet
  facet normal 0 0 0
    outer loop
      vertex 17.0000 11.0000 0.4000
      vertex 17.0000 11.0000 1.0000
      vertex 16.0000 11.0000 1.0000
    endloop
  endfacet
  facet normal 0 0 0
    outer loop
      vertex 17.0000 11.0000 0.4000
      vertex 16.0000 11.0000 1.0000
      vertex 16.0000 11.0000 0.4000
    endloop
  endfacet
  facet normal 0 0 0
    outer loop
      vertex 16.0000 11.0000 0.4000
      vertex 16.0000 11.0000 1.0000
      vertex 16.0000 10.0000 1.0000
    endloop
  endfacet
  facet normal 0 0 0
    outer loop
      vertex 16.0000 11.0000 0.4000
      vertex 16.0000 10.0000 1.0000
      vertex 16.0000 10.0000 0.4000
    endloop
  endfacet
  facet normal 0 0 0
    outer loop
      vertex 17.0000 10.0000 0.4000
      vertex 18.0000 10.0000 0.4000
      vertex 18.0000 11.0000 0.4000
    endloop
  endfacet
  facet normal 0 0 0
    outer loop
      vertex 17.0000 10.0000 0.4000
      vertex 18.0000 11.0000 0.4000
      vertex 17.0000 11.0000 0.4000
    endloop
  endfacet
  facet normal 0 0 0
    outer loop
      vertex 17.0000 10.0000 1.0000
      vertex 18.0000 11.0000 1.0000
      vertex 18.0000 10.0000 1.0000
    endloop
  endfacet
  facet normal 0 0 0
    outer loop
      vertex 17.0000 10.0000 1.0000
      vertex 17.0000 11.0000 1.0000
      vertex 18.0000 11.0000 1.0000
    endloop
  endfacet
  facet normal 0 0 0
    outer loop
      vertex 17.0000 10.0000 0.4000
      vertex 17.0000 10.0000 1.0000
      vertex 18.0000 10.0000 1.0000
    endloop
  endfacet
  facet normal 0 0 0
    outer loop
      vertex 17.0000 10.0000 0.4000
      vertex 18.0000 10.0000 1.0000
      vertex 18.0000 10.0000 0.4000
    endloop
  endfacet
  facet normal 0 0 0
    outer loop
      vertex 18.0000 10.0000 0.4000
      vertex 18.0000 10.0000 1.0000
      vertex 18.0000 11.0000 1.0000
    endloop
  endfacet
  facet normal 0 0 0
    outer loop
      vertex 18.0000 10.0000 0.4000
      vertex 18.0000 11.0000 1.0000
      vertex 18.0000 11.0000 0.4000
    endloop
  endfacet
  facet normal 0 0 0
    outer loop
      vertex 18.0000 11.0000 0.4000
      vertex 18.0000 11.0000 1.0000
      vertex 17.0000 11.0000 1.0000
    endloop
  endfacet
  facet normal 0 0 0
    outer loop
      vertex 18.0000 11.0000 0.4000
      vertex 17.0000 11.0000 1.0000
      vertex 17.0000 11.0000 0.4000
    endloop
  endfacet
  facet normal 0 0 0
    outer loop
      vertex 17.0000 11.0000 0.4000
      vertex 17.0000 11.0000 1.0000
      vertex 17.0000 10.0000 1.0000
    endloop
  endfacet
  facet normal 0 0 0
    outer loop
      vertex 17.0000 11.0000 0.4000
      vertex 17.0000 10.0000 1.0000
      vertex 17.0000 10.0000 0.4000
    endloop
  endfacet
  facet normal 0 0 0
    outer loop
      vertex 18.0000 10.0000 0.4000
      vertex 19.0000 10.0000 0.4000
      vertex 19.0000 11.0000 0.4000
    endloop
  endfacet
  facet normal 0 0 0
    outer loop
      vertex 18.0000 10.0000 0.4000
      vertex 19.0000 11.0000 0.4000
      vertex 18.0000 11.0000 0.4000
    endloop
  endfacet
  facet normal 0 0 0
    outer loop
      vertex 18.0000 10.0000 1.0000
      vertex 19.0000 11.0000 1.0000
      vertex 19.0000 10.0000 1.0000
    endloop
  endfacet
  facet normal 0 0 0
    outer loop
      vertex 18.0000 10.0000 1.0000
      vertex 18.0000 11.0000 1.0000
      vertex 19.0000 11.0000 1.0000
    endloop
  endfacet
  facet normal 0 0 0
    outer loop
      vertex 18.0000 10.0000 0.4000
      vertex 18.0000 10.0000 1.0000
      vertex 19.0000 10.0000 1.0000
    endloop
  endfacet
  facet normal 0 0 0
    outer loop
      vertex 18.0000 10.0000 0.4000
      vertex 19.0000 10.0000 1.0000
      vertex 19.0000 10.0000 0.4000
    endloop
  endfacet
  facet normal 0 0 0
    outer loop
      vertex 19.0000 10.0000 0.4000
      vertex 19.0000 10.0000 1.0000
      vertex 19.0000 11.0000 1.0000
    endloop
  endfacet
  facet normal 0 0 0
    outer loop
      vertex 19.0000 10.0000 0.4000
      vertex 19.0000 11.0000 1.0000
      vertex 19.0000 11.0000 0.4000
    endloop
  endfacet
  facet normal 0 0 0
    outer loop
      vertex 19.0000 11.0000 0.4000
      vertex 19.0000 11.0000 1.0000
      vertex 18.0000 11.0000 1.0000
    endloop
  endfacet
  facet normal 0 0 0
    outer loop
      vertex 19.0000 11.0000 0.4000
      vertex 18.0000 11.0000 1.0000
      vertex 18.0000 11.0000 0.4000
    endloop
  endfacet
  facet normal 0 0 0
    outer loop
      vertex 18.0000 11.0000 0.4000
      vertex 18.0000 11.0000 1.0000
      vertex 18.0000 10.0000 1.0000
    endloop
  endfacet
  facet normal 0 0 0
    outer loop
      vertex 18.0000 11.0000 0.4000
      vertex 18.0000 10.0000 1.0000
      vertex 18.0000 10.0000 0.4000
    endloop
  endfacet
  facet normal 0 0 0
    outer loop
      vertex 21.0000 10.0000 0.4000
      vertex 22.0000 10.0000 0.4000
      vertex 22.0000 11.0000 0.4000
    endloop
  endfacet
  facet normal 0 0 0
    outer loop
      vertex 21.0000 10.0000 0.4000
      vertex 22.0000 11.0000 0.4000
      vertex 21.0000 11.0000 0.4000
    endloop
  endfacet
  facet normal 0 0 0
    outer loop
      vertex 21.0000 10.0000 1.0000
      vertex 22.0000 11.0000 1.0000
      vertex 22.0000 10.0000 1.0000
    endloop
  endfacet
  facet normal 0 0 0
    outer loop
      vertex 21.0000 10.0000 1.0000
      vertex 21.0000 11.0000 1.0000
      vertex 22.0000 11.0000 1.0000
    endloop
  endfacet
  facet normal 0 0 0
    outer loop
      vertex 21.0000 10.0000 0.4000
      vertex 21.0000 10.0000 1.0000
      vertex 22.0000 10.0000 1.0000
    endloop
  endfacet
  facet normal 0 0 0
    outer loop
      vertex 21.0000 10.0000 0.4000
      vertex 22.0000 10.0000 1.0000
      vertex 22.0000 10.0000 0.4000
    endloop
  endfacet
  facet normal 0 0 0
    outer loop
      vertex 22.0000 10.0000 0.4000
      vertex 22.0000 10.0000 1.0000
      vertex 22.0000 11.0000 1.0000
    endloop
  endfacet
  facet normal 0 0 0
    outer loop
      vertex 22.0000 10.0000 0.4000
      vertex 22.0000 11.0000 1.0000
      vertex 22.0000 11.0000 0.4000
    endloop
  endfacet
  facet normal 0 0 0
    outer loop
      vertex 22.0000 11.0000 0.4000
      vertex 22.0000 11.0000 1.0000
      vertex 21.0000 11.0000 1.0000
    endloop
  endfacet
  facet normal 0 0 0
    outer loop
      vertex 22.0000 11.0000 0.4000
      vertex 21.0000 11.0000 1.0000
      vertex 21.0000 11.0000 0.4000
    endloop
  endfacet
  facet normal 0 0 0
    outer loop
      vertex 21.0000 11.0000 0.4000
      vertex 21.0000 11.0000 1.0000
      vertex 21.0000 10.0000 1.0000
    endloop
  endfacet
  facet normal 0 0 0
    outer loop
      vertex 21.0000 11.0000 0.4000
      vertex 21.0000 10.0000 1.0000
      vertex 21.0000 10.0000 0.4000
    endloop
  endfacet
  facet normal 0 0 0
    outer loop
      vertex 22.0000 10.0000 0.4000
      vertex 23.0000 10.0000 0.4000
      vertex 23.0000 11.0000 0.4000
    endloop
  endfacet
  facet normal 0 0 0
    outer loop
      vertex 22.0000 10.0000 0.4000
      vertex 23.0000 11.0000 0.4000
      vertex 22.0000 11.0000 0.4000
    endloop
  endfacet
  facet normal 0 0 0
    outer loop
      vertex 22.0000 10.0000 1.0000
      vertex 23.0000 11.0000 1.0000
      vertex 23.0000 10.0000 1.0000
    endloop
  endfacet
  facet normal 0 0 0
    outer loop
      vertex 22.0000 10.0000 1.0000
      vertex 22.0000 11.0000 1.0000
      vertex 23.0000 11.0000 1.0000
    endloop
  endfacet
  facet normal 0 0 0
    outer loop
      vertex 22.0000 10.0000 0.4000
      vertex 22.0000 10.0000 1.0000
      vertex 23.0000 10.0000 1.0000
    endloop
  endfacet
  facet normal 0 0 0
    outer loop
      vertex 22.0000 10.0000 0.4000
      vertex 23.0000 10.0000 1.0000
      vertex 23.0000 10.0000 0.4000
    endloop
  endfacet
  facet normal 0 0 0
    outer loop
      vertex 23.0000 10.0000 0.4000
      vertex 23.0000 10.0000 1.0000
      vertex 23.0000 11.0000 1.0000
    endloop
  endfacet
  facet normal 0 0 0
    outer loop
      vertex 23.0000 10.0000 0.4000
      vertex 23.0000 11.0000 1.0000
      vertex 23.0000 11.0000 0.4000
    endloop
  endfacet
  facet normal 0 0 0
    outer loop
      vertex 23.0000 11.0000 0.4000
      vertex 23.0000 11.0000 1.0000
      vertex 22.0000 11.0000 1.0000
    endloop
  endfacet
  facet normal 0 0 0
    outer loop
      vertex 23.0000 11.0000 0.4000
      vertex 22.0000 11.0000 1.0000
      vertex 22.0000 11.0000 0.4000
    endloop
  endfacet
  facet normal 0 0 0
    outer loop
      vertex 22.0000 11.0000 0.4000
      vertex 22.0000 11.0000 1.0000
      vertex 22.0000 10.0000 1.0000
    endloop
  endfacet
  facet normal 0 0 0
    outer loop
      vertex 22.0000 11.0000 0.4000
      vertex 22.0000 10.0000 1.0000
      vertex 22.0000 10.0000 0.4000
    endloop
  endfacet
  facet normal 0 0 0
    outer loop
      vertex 23.0000 10.0000 0.4000
      vertex 24.0000 10.0000 0.4000
      vertex 24.0000 11.0000 0.4000
    endloop
  endfacet
  facet normal 0 0 0
    outer loop
      vertex 23.0000 10.0000 0.4000
      vertex 24.0000 11.0000 0.4000
      vertex 23.0000 11.0000 0.4000
    endloop
  endfacet
  facet normal 0 0 0
    outer loop
      vertex 23.0000 10.0000 1.0000
      vertex 24.0000 11.0000 1.0000
      vertex 24.0000 10.0000 1.0000
    endloop
  endfacet
  facet normal 0 0 0
    outer loop
      vertex 23.0000 10.0000 1.0000
      vertex 23.0000 11.0000 1.0000
      vertex 24.0000 11.0000 1.0000
    endloop
  endfacet
  facet normal 0 0 0
    outer loop
      vertex 23.0000 10.0000 0.4000
      vertex 23.0000 10.0000 1.0000
      vertex 24.0000 10.0000 1.0000
    endloop
  endfacet
  facet normal 0 0 0
    outer loop
      vertex 23.0000 10.0000 0.4000
      vertex 24.0000 10.0000 1.0000
      vertex 24.0000 10.0000 0.4000
    endloop
  endfacet
  facet normal 0 0 0
    outer loop
      vertex 24.0000 10.0000 0.4000
      vertex 24.0000 10.0000 1.0000
      vertex 24.0000 11.0000 1.0000
    endloop
  endfacet
  facet normal 0 0 0
    outer loop
      vertex 24.0000 10.0000 0.4000
      vertex 24.0000 11.0000 1.0000
      vertex 24.0000 11.0000 0.4000
    endloop
  endfacet
  facet normal 0 0 0
    outer loop
      vertex 24.0000 11.0000 0.4000
      vertex 24.0000 11.0000 1.0000
      vertex 23.0000 11.0000 1.0000
    endloop
  endfacet
  facet normal 0 0 0
    outer loop
      vertex 24.0000 11.0000 0.4000
      vertex 23.0000 11.0000 1.0000
      vertex 23.0000 11.0000 0.4000
    endloop
  endfacet
  facet normal 0 0 0
    outer loop
      vertex 23.0000 11.0000 0.4000
      vertex 23.0000 11.0000 1.0000
      vertex 23.0000 10.0000 1.0000
    endloop
  endfacet
  facet normal 0 0 0
    outer loop
      vertex 23.0000 11.0000 0.4000
      vertex 23.0000 10.0000 1.0000
      vertex 23.0000 10.0000 0.4000
    endloop
  endfacet
  facet normal 0 0 0
    outer loop
      vertex 24.0000 10.0000 0.4000
      vertex 25.0000 10.0000 0.4000
      vertex 25.0000 11.0000 0.4000
    endloop
  endfacet
  facet normal 0 0 0
    outer loop
      vertex 24.0000 10.0000 0.4000
      vertex 25.0000 11.0000 0.4000
      vertex 24.0000 11.0000 0.4000
    endloop
  endfacet
  facet normal 0 0 0
    outer loop
      vertex 24.0000 10.0000 1.0000
      vertex 25.0000 11.0000 1.0000
      vertex 25.0000 10.0000 1.0000
    endloop
  endfacet
  facet normal 0 0 0
    outer loop
      vertex 24.0000 10.0000 1.0000
      vertex 24.0000 11.0000 1.0000
      vertex 25.0000 11.0000 1.0000
    endloop
  endfacet
  facet normal 0 0 0
    outer loop
      vertex 24.0000 10.0000 0.4000
      vertex 24.0000 10.0000 1.0000
      vertex 25.0000 10.0000 1.0000
    endloop
  endfacet
  facet normal 0 0 0
    outer loop
      vertex 24.0000 10.0000 0.4000
      vertex 25.0000 10.0000 1.0000
      vertex 25.0000 10.0000 0.4000
    endloop
  endfacet
  facet normal 0 0 0
    outer loop
      vertex 25.0000 10.0000 0.4000
      vertex 25.0000 10.0000 1.0000
      vertex 25.0000 11.0000 1.0000
    endloop
  endfacet
  facet normal 0 0 0
    outer loop
      vertex 25.0000 10.0000 0.4000
      vertex 25.0000 11.0000 1.0000
      vertex 25.0000 11.0000 0.4000
    endloop
  endfacet
  facet normal 0 0 0
    outer loop
      vertex 25.0000 11.0000 0.4000
      vertex 25.0000 11.0000 1.0000
      vertex 24.0000 11.0000 1.0000
    endloop
  endfacet
  facet normal 0 0 0
    outer loop
      vertex 25.0000 11.0000 0.4000
      vertex 24.0000 11.0000 1.0000
      vertex 24.0000 11.0000 0.4000
    endloop
  endfacet
  facet normal 0 0 0
    outer loop
      vertex 24.0000 11.0000 0.4000
      vertex 24.0000 11.0000 1.0000
      vertex 24.0000 10.0000 1.0000
    endloop
  endfacet
  facet normal 0 0 0
    outer loop
      vertex 24.0000 11.0000 0.4000
      vertex 24.0000 10.0000 1.0000
      vertex 24.0000 10.0000 0.4000
    endloop
  endfacet
  facet normal 0 0 0
    outer loop
      vertex 4.0000 9.0000 0.4000
      vertex 5.0000 9.0000 0.4000
      vertex 5.0000 10.0000 0.4000
    endloop
  endfacet
  facet normal 0 0 0
    outer loop
      vertex 4.0000 9.0000 0.4000
      vertex 5.0000 10.0000 0.4000
      vertex 4.0000 10.0000 0.4000
    endloop
  endfacet
  facet normal 0 0 0
    outer loop
      vertex 4.0000 9.0000 1.0000
      vertex 5.0000 10.0000 1.0000
      vertex 5.0000 9.0000 1.0000
    endloop
  endfacet
  facet normal 0 0 0
    outer loop
      vertex 4.0000 9.0000 1.0000
      vertex 4.0000 10.0000 1.0000
      vertex 5.0000 10.0000 1.0000
    endloop
  endfacet
  facet normal 0 0 0
    outer loop
      vertex 4.0000 9.0000 0.4000
      vertex 4.0000 9.0000 1.0000
      vertex 5.0000 9.0000 1.0000
    endloop
  endfacet
  facet normal 0 0 0
    outer loop
      vertex 4.0000 9.0000 0.4000
      vertex 5.0000 9.0000 1.0000
      vertex 5.0000 9.0000 0.4000
    endloop
  endfacet
  facet normal 0 0 0
    outer loop
      vertex 5.0000 9.0000 0.4000
      vertex 5.0000 9.0000 1.0000
      vertex 5.0000 10.0000 1.0000
    endloop
  endfacet
  facet normal 0 0 0
    outer loop
      vertex 5.0000 9.0000 0.4000
      vertex 5.0000 10.0000 1.0000
      vertex 5.0000 10.0000 0.4000
    endloop
  endfacet
  facet normal 0 0 0
    outer loop
      vertex 5.0000 10.0000 0.4000
      vertex 5.0000 10.0000 1.0000
      vertex 4.0000 10.0000 1.0000
    endloop
  endfacet
  facet normal 0 0 0
    outer loop
      vertex 5.0000 10.0000 0.4000
      vertex 4.0000 10.0000 1.0000
      vertex 4.0000 10.0000 0.4000
    endloop
  endfacet
  facet normal 0 0 0
    outer loop
      vertex 4.0000 10.0000 0.4000
      vertex 4.0000 10.0000 1.0000
      vertex 4.0000 9.0000 1.0000
    endloop
  endfacet
  facet normal 0 0 0
    outer loop
      vertex 4.0000 10.0000 0.4000
      vertex 4.0000 9.0000 1.0000
      vertex 4.0000 9.0000 0.4000
    endloop
  endfacet
  facet normal 0 0 0
    outer loop
      vertex 10.0000 9.0000 0.4000
      vertex 11.0000 9.0000 0.4000
      vertex 11.0000 10.0000 0.4000
    endloop
  endfacet
  facet normal 0 0 0
    outer loop
      vertex 10.0000 9.0000 0.4000
      vertex 11.0000 10.0000 0.4000
      vertex 10.0000 10.0000 0.4000
    endloop
  endfacet
  facet normal 0 0 0
    outer loop
      vertex 10.0000 9.0000 1.0000
      vertex 11.0000 10.0000 1.0000
      vertex 11.0000 9.0000 1.0000
    endloop
  endfacet
  facet normal 0 0 0
    outer loop
      vertex 10.0000 9.0000 1.0000
      vertex 10.0000 10.0000 1.0000
      vertex 11.0000 10.0000 1.0000
    endloop
  endfacet
  facet normal 0 0 0
    outer loop
      vertex 10.0000 9.0000 0.4000
      vertex 10.0000 9.0000 1.0000
      vertex 11.0000 9.0000 1.0000
    endloop
  endfacet
  facet normal 0 0 0
    outer loop
      vertex 10.0000 9.0000 0.4000
      vertex 11.0000 9.0000 1.0000
      vertex 11.0000 9.0000 0.4000
    endloop
  endfacet
  facet normal 0 0 0
    outer loop
      vertex 11.0000 9.0000 0.4000
      vertex 11.0000 9.0000 1.0000
      vertex 11.0000 10.0000 1.0000
    endloop
  endfacet
  facet normal 0 0 0
    outer loop
      vertex 11.0000 9.0000 0.4000
      vertex 11.0000 10.0000 1.0000
      vertex 11.0000 10.0000 0.4000
    endloop
  endfacet
  facet normal 0 0 0
    outer loop
      vertex 11.0000 10.0000 0.4000
      vertex 11.0000 10.0000 1.0000
      vertex 10.0000 10.0000 1.0000
    endloop
  endfacet
  facet normal 0 0 0
    outer loop
      vertex 11.0000 10.0000 0.4000
      vertex 10.0000 10.0000 1.0000
      vertex 10.0000 10.0000 0.4000
    endloop
  endfacet
  facet normal 0 0 0
    outer loop
      vertex 10.0000 10.0000 0.4000
      vertex 10.0000 10.0000 1.0000
      vertex 10.0000 9.0000 1.0000
    endloop
  endfacet
  facet normal 0 0 0
    outer loop
      vertex 10.0000 10.0000 0.4000
      vertex 10.0000 9.0000 1.0000
      vertex 10.0000 9.0000 0.4000
    endloop
  endfacet
  facet normal 0 0 0
    outer loop
      vertex 14.0000 9.0000 0.4000
      vertex 15.0000 9.0000 0.4000
      vertex 15.0000 10.0000 0.4000
    endloop
  endfacet
  facet normal 0 0 0
    outer loop
      vertex 14.0000 9.0000 0.4000
      vertex 15.0000 10.0000 0.4000
      vertex 14.0000 10.0000 0.4000
    endloop
  endfacet
  facet normal 0 0 0
    outer loop
      vertex 14.0000 9.0000 1.0000
      vertex 15.0000 10.0000 1.0000
      vertex 15.0000 9.0000 1.0000
    endloop
  endfacet
  facet normal 0 0 0
    outer loop
      vertex 14.0000 9.0000 1.0000
      vertex 14.0000 10.0000 1.0000
      vertex 15.0000 10.0000 1.0000
    endloop
  endfacet
  facet normal 0 0 0
    outer loop
      vertex 14.0000 9.0000 0.4000
      vertex 14.0000 9.0000 1.0000
      vertex 15.0000 9.0000 1.0000
    endloop
  endfacet
  facet normal 0 0 0
    outer loop
      vertex 14.0000 9.0000 0.4000
      vertex 15.0000 9.0000 1.0000
      vertex 15.0000 9.0000 0.4000
    endloop
  endfacet
  facet normal 0 0 0
    outer loop
      vertex 15.0000 9.0000 0.4000
      vertex 15.0000 9.0000 1.0000
      vertex 15.0000 10.0000 1.0000
    endloop
  endfacet
  facet normal 0 0 0
    outer loop
      vertex 15.0000 9.0000 0.4000
      vertex 15.0000 10.0000 1.0000
      vertex 15.0000 10.0000 0.4000
    endloop
  endfacet
  facet normal 0 0 0
    outer loop
      vertex 15.0000 10.0000 0.4000
      vertex 15.0000 10.0000 1.0000
      vertex 14.0000 10.0000 1.0000
    endloop
  endfacet
  facet normal 0 0 0
    outer loop
      vertex 15.0000 10.0000 0.4000
      vertex 14.0000 10.0000 1.0000
      vertex 14.0000 10.0000 0.4000
    endloop
  endfacet
  facet normal 0 0 0
    outer loop
      vertex 14.0000 10.0000 0.4000
      vertex 14.0000 10.0000 1.0000
      vertex 14.0000 9.0000 1.0000
    endloop
  endfacet
  facet normal 0 0 0
    outer loop
      vertex 14.0000 10.0000 0.4000
      vertex 14.0000 9.0000 1.0000
      vertex 14.0000 9.0000 0.4000
    endloop
  endfacet
  facet normal 0 0 0
    outer loop
      vertex 19.0000 9.0000 0.4000
      vertex 20.0000 9.0000 0.4000
      vertex 20.0000 10.0000 0.4000
    endloop
  endfacet
  facet normal 0 0 0
    outer loop
      vertex 19.0000 9.0000 0.4000
      vertex 20.0000 10.0000 0.4000
      vertex 19.0000 10.0000 0.4000
    endloop
  endfacet
  facet normal 0 0 0
    outer loop
      vertex 19.0000 9.0000 1.0000
      vertex 20.0000 10.0000 1.0000
      vertex 20.0000 9.0000 1.0000
    endloop
  endfacet
  facet normal 0 0 0
    outer loop
      vertex 19.0000 9.0000 1.0000
      vertex 19.0000 10.0000 1.0000
      vertex 20.0000 10.0000 1.0000
    endloop
  endfacet
  facet normal 0 0 0
    outer loop
      vertex 19.0000 9.0000 0.4000
      vertex 19.0000 9.0000 1.0000
      vertex 20.0000 9.0000 1.0000
    endloop
  endfacet
  facet normal 0 0 0
    outer loop
      vertex 19.0000 9.0000 0.4000
      vertex 20.0000 9.0000 1.0000
      vertex 20.0000 9.0000 0.4000
    endloop
  endfacet
  facet normal 0 0 0
    outer loop
      vertex 20.0000 9.0000 0.4000
      vertex 20.0000 9.0000 1.0000
      vertex 20.0000 10.0000 1.0000
    endloop
  endfacet
  facet normal 0 0 0
    outer loop
      vertex 20.0000 9.0000 0.4000
      vertex 20.0000 10.0000 1.0000
      vertex 20.0000 10.0000 0.4000
    endloop
  endfacet
  facet normal 0 0 0
    outer loop
      vertex 20.0000 10.0000 0.4000
      vertex 20.0000 10.0000 1.0000
      vertex 19.0000 10.0000 1.0000
    endloop
  endfacet
  facet normal 0 0 0
    outer loop
      vertex 20.0000 10.0000 0.4000
      vertex 19.0000 10.0000 1.0000
      vertex 19.0000 10.0000 0.4000
    endloop
  endfacet
  facet normal 0 0 0
    outer loop
      vertex 19.0000 10.0000 0.4000
      vertex 19.0000 10.0000 1.0000
      vertex 19.0000 9.0000 1.0000
    endloop
  endfacet
  facet normal 0 0 0
    outer loop
      vertex 19.0000 10.0000 0.4000
      vertex 19.0000 9.0000 1.0000
      vertex 19.0000 9.0000 0.4000
    endloop
  endfacet
  facet normal 0 0 0
    outer loop
      vertex 4.0000 8.0000 0.4000
      vertex 5.0000 8.0000 0.4000
      vertex 5.0000 9.0000 0.4000
    endloop
  endfacet
  facet normal 0 0 0
    outer loop
      vertex 4.0000 8.0000 0.4000
      vertex 5.0000 9.0000 0.4000
      vertex 4.0000 9.0000 0.4000
    endloop
  endfacet
  facet normal 0 0 0
    outer loop
      vertex 4.0000 8.0000 1.0000
      vertex 5.0000 9.0000 1.0000
      vertex 5.0000 8.0000 1.0000
    endloop
  endfacet
  facet normal 0 0 0
    outer loop
      vertex 4.0000 8.0000 1.0000
      vertex 4.0000 9.0000 1.0000
      vertex 5.0000 9.0000 1.0000
    endloop
  endfacet
  facet normal 0 0 0
    outer loop
      vertex 4.0000 8.0000 0.4000
      vertex 4.0000 8.0000 1.0000
      vertex 5.0000 8.0000 1.0000
    endloop
  endfacet
  facet normal 0 0 0
    outer loop
      vertex 4.0000 8.0000 0.4000
      vertex 5.0000 8.0000 1.0000
      vertex 5.0000 8.0000 0.4000
    endloop
  endfacet
  facet normal 0 0 0
    outer loop
      vertex 5.0000 8.0000 0.4000
      vertex 5.0000 8.0000 1.0000
      vertex 5.0000 9.0000 1.0000
    endloop
  endfacet
  facet normal 0 0 0
    outer loop
      vertex 5.0000 8.0000 0.4000
      vertex 5.0000 9.0000 1.0000
      vertex 5.0000 9.0000 0.4000
    endloop
  endfacet
  facet normal 0 0 0
    outer loop
      vertex 5.0000 9.0000 0.4000
      vertex 5.0000 9.0000 1.0000
      vertex 4.0000 9.0000 1.0000
    endloop
  endfacet
  facet normal 0 0 0
    outer loop
      vertex 5.0000 9.0000 0.4000
      vertex 4.0000 9.0000 1.0000
      vertex 4.0000 9.0000 0.4000
    endloop
  endfacet
  facet normal 0 0 0
    outer loop
      vertex 4.0000 9.0000 0.4000
      vertex 4.0000 9.0000 1.0000
      vertex 4.0000 8.0000 1.0000
    endloop
  endfacet
  facet normal 0 0 0
    outer loop
      vertex 4.0000 9.0000 0.4000
      vertex 4.0000 8.0000 1.0000
      vertex 4.0000 8.0000 0.4000
    endloop
  endfacet
  facet normal 0 0 0
    outer loop
      vertex 6.0000 8.0000 0.4000
      vertex 7.0000 8.0000 0.4000
      vertex 7.0000 9.0000 0.4000
    endloop
  endfacet
  facet normal 0 0 0
    outer loop
      vertex 6.0000 8.0000 0.4000
      vertex 7.0000 9.0000 0.4000
      vertex 6.0000 9.0000 0.4000
    endloop
  endfacet
  facet normal 0 0 0
    outer loop
      vertex 6.0000 8.0000 1.0000
      vertex 7.0000 9.0000 1.0000
      vertex 7.0000 8.0000 1.0000
    endloop
  endfacet
  facet normal 0 0 0
    outer loop
      vertex 6.0000 8.0000 1.0000
      vertex 6.0000 9.0000 1.0000
      vertex 7.0000 9.0000 1.0000
    endloop
  endfacet
  facet normal 0 0 0
    outer loop
      vertex 6.0000 8.0000 0.4000
      vertex 6.0000 8.0000 1.0000
      vertex 7.0000 8.0000 1.0000
    endloop
  endfacet
  facet normal 0 0 0
    outer loop
      vertex 6.0000 8.0000 0.4000
      vertex 7.0000 8.0000 1.0000
      vertex 7.0000 8.0000 0.4000
    endloop
  endfacet
  facet normal 0 0 0
    outer loop
      vertex 7.0000 8.0000 0.4000
      vertex 7.0000 8.0000 1.0000
      vertex 7.0000 9.0000 1.0000
    endloop
  endfacet
  facet normal 0 0 0
    outer loop
      vertex 7.0000 8.0000 0.4000
      vertex 7.0000 9.0000 1.0000
      vertex 7.0000 9.0000 0.4000
    endloop
  endfacet
  facet normal 0 0 0
    outer loop
      vertex 7.0000 9.0000 0.4000
      vertex 7.0000 9.0000 1.0000
      vertex 6.0000 9.0000 1.0000
    endloop
  endfacet
  facet normal 0 0 0
    outer loop
      vertex 7.0000 9.0000 0.4000
      vertex 6.0000 9.0000 1.0000
      vertex 6.0000 9.0000 0.4000
    endloop
  endfacet
  facet normal 0 0 0
    outer loop
      vertex 6.0000 9.0000 0.4000
      vertex 6.0000 9.0000 1.0000
      vertex 6.0000 8.0000 1.0000
    endloop
  endfacet
  facet normal 0 0 0
    outer loop
      vertex 6.0000 9.0000 0.4000
      vertex 6.0000 8.0000 1.0000
      vertex 6.0000 8.0000 0.4000
    endloop
  endfacet
  facet normal 0 0 0
    outer loop
      vertex 7.0000 8.0000 0.4000
      vertex 8.0000 8.0000 0.4000
      vertex 8.0000 9.0000 0.4000
    endloop
  endfacet
  facet normal 0 0 0
    outer loop
      vertex 7.0000 8.0000 0.4000
      vertex 8.0000 9.0000 0.4000
      vertex 7.0000 9.0000 0.4000
    endloop
  endfacet
  facet normal 0 0 0
    outer loop
      vertex 7.0000 8.0000 1.0000
      vertex 8.0000 9.0000 1.0000
      vertex 8.0000 8.0000 1.0000
    endloop
  endfacet
  facet normal 0 0 0
    outer loop
      vertex 7.0000 8.0000 1.0000
      vertex 7.0000 9.0000 1.0000
      vertex 8.0000 9.0000 1.0000
    endloop
  endfacet
  facet normal 0 0 0
    outer loop
      vertex 7.0000 8.0000 0.4000
      vertex 7.0000 8.0000 1.0000
      vertex 8.0000 8.0000 1.0000
    endloop
  endfacet
  facet normal 0 0 0
    outer loop
      vertex 7.0000 8.0000 0.4000
      vertex 8.0000 8.0000 1.0000
      vertex 8.0000 8.0000 0.4000
    endloop
  endfacet
  facet normal 0 0 0
    outer loop
      vertex 8.0000 8.0000 0.4000
      vertex 8.0000 8.0000 1.0000
      vertex 8.0000 9.0000 1.0000
    endloop
  endfacet
  facet normal 0 0 0
    outer loop
      vertex 8.0000 8.0000 0.4000
      vertex 8.0000 9.0000 1.0000
      vertex 8.0000 9.0000 0.4000
    endloop
  endfacet
  facet normal 0 0 0
    outer loop
      vertex 8.0000 9.0000 0.4000
      vertex 8.0000 9.0000 1.0000
      vertex 7.0000 9.0000 1.0000
    endloop
  endfacet
  facet normal 0 0 0
    outer loop
      vertex 8.0000 9.0000 0.4000
      vertex 7.0000 9.0000 1.0000
      vertex 7.0000 9.0000 0.4000
    endloop
  endfacet
  facet normal 0 0 0
    outer loop
      vertex 7.0000 9.0000 0.4000
      vertex 7.0000 9.0000 1.0000
      vertex 7.0000 8.0000 1.0000
    endloop
  endfacet
  facet normal 0 0 0
    outer loop
      vertex 7.0000 9.0000 0.4000
      vertex 7.0000 8.0000 1.0000
      vertex 7.0000 8.0000 0.4000
    endloop
  endfacet
  facet normal 0 0 0
    outer loop
      vertex 8.0000 8.0000 0.4000
      vertex 9.0000 8.0000 0.4000
      vertex 9.0000 9.0000 0.4000
    endloop
  endfacet
  facet normal 0 0 0
    outer loop
      vertex 8.0000 8.0000 0.4000
      vertex 9.0000 9.0000 0.4000
      vertex 8.0000 9.0000 0.4000
    endloop
  endfacet
  facet normal 0 0 0
    outer loop
      vertex 8.0000 8.0000 1.0000
      vertex 9.0000 9.0000 1.0000
      vertex 9.0000 8.0000 1.0000
    endloop
  endfacet
  facet normal 0 0 0
    outer loop
      vertex 8.0000 8.0000 1.0000
      vertex 8.0000 9.0000 1.0000
      vertex 9.0000 9.0000 1.0000
    endloop
  endfacet
  facet normal 0 0 0
    outer loop
      vertex 8.0000 8.0000 0.4000
      vertex 8.0000 8.0000 1.0000
      vertex 9.0000 8.0000 1.0000
    endloop
  endfacet
  facet normal 0 0 0
    outer loop
      vertex 8.0000 8.0000 0.4000
      vertex 9.0000 8.0000 1.0000
      vertex 9.0000 8.0000 0.4000
    endloop
  endfacet
  facet normal 0 0 0
    outer loop
      vertex 9.0000 8.0000 0.4000
      vertex 9.0000 8.0000 1.0000
      vertex 9.0000 9.0000 1.0000
    endloop
  endfacet
  facet normal 0 0 0
    outer loop
      vertex 9.0000 8.0000 0.4000
      vertex 9.0000 9.0000 1.0000
      vertex 9.0000 9.0000 0.4000
    endloop
  endfacet
  facet normal 0 0 0
    outer loop
      vertex 9.0000 9.0000 0.4000
      vertex 9.0000 9.0000 1.0000
      vertex 8.0000 9.0000 1.0000
    endloop
  endfacet
  facet normal 0 0 0
    outer loop
      vertex 9.0000 9.0000 0.4000
      vertex 8.0000 9.0000 1.0000
      vertex 8.0000 9.0000 0.4000
    endloop
  endfacet
  facet normal 0 0 0
    outer loop
      vertex 8.0000 9.0000 0.4000
      vertex 8.0000 9.0000 1.0000
      vertex 8.0000 8.0000 1.0000
    endloop
  endfacet
  facet normal 0 0 0
    outer loop
      vertex 8.0000 9.0000 0.4000
      vertex 8.0000 8.0000 1.0000
      vertex 8.0000 8.0000 0.4000
    endloop
  endfacet
  facet normal 0 0 0
    outer loop
      vertex 10.0000 8.0000 0.4000
      vertex 11.0000 8.0000 0.4000
      vertex 11.0000 9.0000 0.4000
    endloop
  endfacet
  facet normal 0 0 0
    outer loop
      vertex 10.0000 8.0000 0.4000
      vertex 11.0000 9.0000 0.4000
      vertex 10.0000 9.0000 0.4000
    endloop
  endfacet
  facet normal 0 0 0
    outer loop
      vertex 10.0000 8.0000 1.0000
      vertex 11.0000 9.0000 1.0000
      vertex 11.0000 8.0000 1.0000
    endloop
  endfacet
  facet normal 0 0 0
    outer loop
      vertex 10.0000 8.0000 1.0000
      vertex 10.0000 9.0000 1.0000
      vertex 11.0000 9.0000 1.0000
    endloop
  endfacet
  facet normal 0 0 0
    outer loop
      vertex 10.0000 8.0000 0.4000
      vertex 10.0000 8.0000 1.0000
      vertex 11.0000 8.0000 1.0000
    endloop
  endfacet
  facet normal 0 0 0
    outer loop
      vertex 10.0000 8.0000 0.4000
      vertex 11.0000 8.0000 1.0000
      vertex 11.0000 8.0000 0.4000
    endloop
  endfacet
  facet normal 0 0 0
    outer loop
      vertex 11.0000 8.0000 0.4000
      vertex 11.0000 8.0000 1.0000
      vertex 11.0000 9.0000 1.0000
    endloop
  endfacet
  facet normal 0 0 0
    outer loop
      vertex 11.0000 8.0000 0.4000
      vertex 11.0000 9.0000 1.0000
      vertex 11.0000 9.0000 0.4000
    endloop
  endfacet
  facet normal 0 0 0
    outer loop
      vertex 11.0000 9.0000 0.4000
      vertex 11.0000 9.0000 1.0000
      vertex 10.0000 9.0000 1.0000
    endloop
  endfacet
  facet normal 0 0 0
    outer loop
      vertex 11.0000 9.0000 0.4000
      vertex 10.0000 9.0000 1.0000
      vertex 10.0000 9.0000 0.4000
    endloop
  endfacet
  facet normal 0 0 0
    outer loop
      vertex 10.0000 9.0000 0.4000
      vertex 10.0000 9.0000 1.0000
      vertex 10.0000 8.0000 1.0000
    endloop
  endfacet
  facet normal 0 0 0
    outer loop
      vertex 10.0000 9.0000 0.4000
      vertex 10.0000 8.0000 1.0000
      vertex 10.0000 8.0000 0.4000
    endloop
  endfacet
  facet normal 0 0 0
    outer loop
      vertex 13.0000 8.0000 0.4000
      vertex 14.0000 8.0000 0.4000
      vertex 14.0000 9.0000 0.4000
    endloop
  endfacet
  facet normal 0 0 0
    outer loop
      vertex 13.0000 8.0000 0.4000
      vertex 14.0000 9.0000 0.4000
      vertex 13.0000 9.0000 0.4000
    endloop
  endfacet
  facet normal 0 0 0
    outer loop
      vertex 13.0000 8.0000 1.0000
      vertex 14.0000 9.0000 1.0000
      vertex 14.0000 8.0000 1.0000
    endloop
  endfacet
  facet normal 0 0 0
    outer loop
      vertex 13.0000 8.0000 1.0000
      vertex 13.0000 9.0000 1.0000
      vertex 14.0000 9.0000 1.0000
    endloop
  endfacet
  facet normal 0 0 0
    outer loop
      vertex 13.0000 8.0000 0.4000
      vertex 13.0000 8.0000 1.0000
      vertex 14.0000 8.0000 1.0000
    endloop
  endfacet
  facet normal 0 0 0
    outer loop
      vertex 13.0000 8.0000 0.4000
      vertex 14.0000 8.0000 1.0000
      vertex 14.0000 8.0000 0.4000
    endloop
  endfacet
  facet normal 0 0 0
    outer loop
      vertex 14.0000 8.0000 0.4000
      vertex 14.0000 8.0000 1.0000
      vertex 14.0000 9.0000 1.0000
    endloop
  endfacet
  facet normal 0 0 0
    outer loop
      vertex 14.0000 8.0000 0.4000
      vertex 14.0000 9.0000 1.0000
      vertex 14.0000 9.0000 0.4000
    endloop
  endfacet
  facet normal 0 0 0
    outer loop
      vertex 14.0000 9.0000 0.4000
      vertex 14.0000 9.0000 1.0000
      vertex 13.0000 9.0000 1.0000
    endloop
  endfacet
  facet normal 0 0 0
    outer loop
      vertex 14.0000 9.0000 0.4000
      vertex 13.0000 9.0000 1.0000
      vertex 13.0000 9.0000 0.4000
    endloop
  endfacet
  facet normal 0 0 0
    outer loop
      vertex 13.0000 9.0000 0.4000
      vertex 13.0000 9.0000 1.0000
      vertex 13.0000 8.0000 1.0000
    endloop
  endfacet
  facet normal 0 0 0
    outer loop
      vertex 13.0000 9.0000 0.4000
      vertex 13.0000 8.0000 1.0000
      vertex 13.0000 8.0000 0.4000
    endloop
  endfacet
  facet normal 0 0 0
    outer loop
      vertex 15.0000 8.0000 0.4000
      vertex 16.0000 8.0000 0.4000
      vertex 16.0000 9.0000 0.4000
    endloop
  endfacet
  facet normal 0 0 0
    outer loop
      vertex 15.0000 8.0000 0.4000
      vertex 16.0000 9.0000 0.4000
      vertex 15.0000 9.0000 0.4000
    endloop
  endfacet
  facet normal 0 0 0
    outer loop
      vertex 15.0000 8.0000 1.0000
      vertex 16.0000 9.0000 1.0000
      vertex 16.0000 8.0000 1.0000
    endloop
  endfacet
  facet normal 0 0 0
    outer loop
      vertex 15.0000 8.0000 1.0000
      vertex 15.0000 9.0000 1.0000
      vertex 16.0000 9.0000 1.0000
    endloop
  endfacet
  facet normal 0 0 0
    outer loop
      vertex 15.0000 8.0000 0.4000
      vertex 15.0000 8.0000 1.0000
      vertex 16.0000 8.0000 1.0000
    endloop
  endfacet
  facet normal 0 0 0
    outer loop
      vertex 15.0000 8.0000 0.4000
      vertex 16.0000 8.0000 1.0000
      vertex 16.0000 8.0000 0.4000
    endloop
  endfacet
  facet normal 0 0 0
    outer loop
      vertex 16.0000 8.0000 0.4000
      vertex 16.0000 8.0000 1.0000
      vertex 16.0000 9.0000 1.0000
    endloop
  endfacet
  facet normal 0 0 0
    outer loop
      vertex 16.0000 8.0000 0.4000
      vertex 16.0000 9.0000 1.0000
      vertex 16.0000 9.0000 0.4000
    endloop
  endfacet
  facet normal 0 0 0
    outer loop
      vertex 16.0000 9.0000 0.4000
      vertex 16.0000 9.0000 1.0000
      vertex 15.0000 9.0000 1.0000
    endloop
  endfacet
  facet normal 0 0 0
    outer loop
      vertex 16.0000 9.0000 0.4000
      vertex 15.0000 9.0000 1.0000
      vertex 15.0000 9.0000 0.4000
    endloop
  endfacet
  facet normal 0 0 0
    outer loop
      vertex 15.0000 9.0000 0.4000
      vertex 15.0000 9.0000 1.0000
      vertex 15.0000 8.0000 1.0000
    endloop
  endfacet
  facet normal 0 0 0
    outer loop
      vertex 15.0000 9.0000 0.4000
      vertex 15.0000 8.0000 1.0000
      vertex 15.0000 8.0000 0.4000
    endloop
  endfacet
  facet normal 0 0 0
    outer loop
      vertex 16.0000 8.0000 0.4000
      vertex 17.0000 8.0000 0.4000
      vertex 17.0000 9.0000 0.4000
    endloop
  endfacet
  facet normal 0 0 0
    outer loop
      vertex 16.0000 8.0000 0.4000
      vertex 17.0000 9.0000 0.4000
      vertex 16.0000 9.0000 0.4000
    endloop
  endfacet
  facet normal 0 0 0
    outer loop
      vertex 16.0000 8.0000 1.0000
      vertex 17.0000 9.0000 1.0000
      vertex 17.0000 8.0000 1.0000
    endloop
  endfacet
  facet normal 0 0 0
    outer loop
      vertex 16.0000 8.0000 1.0000
      vertex 16.0000 9.0000 1.0000
      vertex 17.0000 9.0000 1.0000
    endloop
  endfacet
  facet normal 0 0 0
    outer loop
      vertex 16.0000 8.0000 0.4000
      vertex 16.0000 8.0000 1.0000
      vertex 17.0000 8.0000 1.0000
    endloop
  endfacet
  facet normal 0 0 0
    outer loop
      vertex 16.0000 8.0000 0.4000
      vertex 17.0000 8.0000 1.0000
      vertex 17.0000 8.0000 0.4000
    endloop
  endfacet
  facet normal 0 0 0
    outer loop
      vertex 17.0000 8.0000 0.4000
      vertex 17.0000 8.0000 1.0000
      vertex 17.0000 9.0000 1.0000
    endloop
  endfacet
  facet normal 0 0 0
    outer loop
      vertex 17.0000 8.0000 0.4000
      vertex 17.0000 9.0000 1.0000
      vertex 17.0000 9.0000 0.4000
    endloop
  endfacet
  facet normal 0 0 0
    outer loop
      vertex 17.0000 9.0000 0.4000
      vertex 17.0000 9.0000 1.0000
      vertex 16.0000 9.0000 1.0000
    endloop
  endfacet
  facet normal 0 0 0
    outer loop
      vertex 17.0000 9.0000 0.4000
      vertex 16.0000 9.0000 1.0000
      vertex 16.0000 9.0000 0.4000
    endloop
  endfacet
  facet normal 0 0 0
    outer loop
      vertex 16.0000 9.0000 0.4000
      vertex 16.0000 9.0000 1.0000
      vertex 16.0000 8.0000 1.0000
    endloop
  endfacet
  facet normal 0 0 0
    outer loop
      vertex 16.0000 9.0000 0.4000
      vertex 16.0000 8.0000 1.0000
      vertex 16.0000 8.0000 0.4000
    endloop
  endfacet
  facet normal 0 0 0
    outer loop
      vertex 18.0000 8.0000 0.4000
      vertex 19.0000 8.0000 0.4000
      vertex 19.0000 9.0000 0.4000
    endloop
  endfacet
  facet normal 0 0 0
    outer loop
      vertex 18.0000 8.0000 0.4000
      vertex 19.0000 9.0000 0.4000
      vertex 18.0000 9.0000 0.4000
    endloop
  endfacet
  facet normal 0 0 0
    outer loop
      vertex 18.0000 8.0000 1.0000
      vertex 19.0000 9.0000 1.0000
      vertex 19.0000 8.0000 1.0000
    endloop
  endfacet
  facet normal 0 0 0
    outer loop
      vertex 18.0000 8.0000 1.0000
      vertex 18.0000 9.0000 1.0000
      vertex 19.0000 9.0000 1.0000
    endloop
  endfacet
  facet normal 0 0 0
    outer loop
      vertex 18.0000 8.0000 0.4000
      vertex 18.0000 8.0000 1.0000
      vertex 19.0000 8.0000 1.0000
    endloop
  endfacet
  facet normal 0 0 0
    outer loop
      vertex 18.0000 8.0000 0.4000
      vertex 19.0000 8.0000 1.0000
      vertex 19.0000 8.0000 0.4000
    endloop
  endfacet
  facet normal 0 0 0
    outer loop
      vertex 19.0000 8.0000 0.4000
      vertex 19.0000 8.0000 1.0000
      vertex 19.0000 9.0000 1.0000
    endloop
  endfacet
  facet normal 0 0 0
    outer loop
      vertex 19.0000 8.0000 0.4000
      vertex 19.0000 9.0000 1.0000
      vertex 19.0000 9.0000 0.4000
    endloop
  endfacet
  facet normal 0 0 0
    outer loop
      vertex 19.0000 9.0000 0.4000
      vertex 19.0000 9.0000 1.0000
      vertex 18.0000 9.0000 1.0000
    endloop
  endfacet
  facet normal 0 0 0
    outer loop
      vertex 19.0000 9.0000 0.4000
      vertex 18.0000 9.0000 1.0000
      vertex 18.0000 9.0000 0.4000
    endloop
  endfacet
  facet normal 0 0 0
    outer loop
      vertex 18.0000 9.0000 0.4000
      vertex 18.0000 9.0000 1.0000
      vertex 18.0000 8.0000 1.0000
    endloop
  endfacet
  facet normal 0 0 0
    outer loop
      vertex 18.0000 9.0000 0.4000
      vertex 18.0000 8.0000 1.0000
      vertex 18.0000 8.0000 0.4000
    endloop
  endfacet
  facet normal 0 0 0
    outer loop
      vertex 20.0000 8.0000 0.4000
      vertex 21.0000 8.0000 0.4000
      vertex 21.0000 9.0000 0.4000
    endloop
  endfacet
  facet normal 0 0 0
    outer loop
      vertex 20.0000 8.0000 0.4000
      vertex 21.0000 9.0000 0.4000
      vertex 20.0000 9.0000 0.4000
    endloop
  endfacet
  facet normal 0 0 0
    outer loop
      vertex 20.0000 8.0000 1.0000
      vertex 21.0000 9.0000 1.0000
      vertex 21.0000 8.0000 1.0000
    endloop
  endfacet
  facet normal 0 0 0
    outer loop
      vertex 20.0000 8.0000 1.0000
      vertex 20.0000 9.0000 1.0000
      vertex 21.0000 9.0000 1.0000
    endloop
  endfacet
  facet normal 0 0 0
    outer loop
      vertex 20.0000 8.0000 0.4000
      vertex 20.0000 8.0000 1.0000
      vertex 21.0000 8.0000 1.0000
    endloop
  endfacet
  facet normal 0 0 0
    outer loop
      vertex 20.0000 8.0000 0.4000
      vertex 21.0000 8.0000 1.0000
      vertex 21.0000 8.0000 0.4000
    endloop
  endfacet
  facet normal 0 0 0
    outer loop
      vertex 21.0000 8.0000 0.4000
      vertex 21.0000 8.0000 1.0000
      vertex 21.0000 9.0000 1.0000
    endloop
  endfacet
  facet normal 0 0 0
    outer loop
      vertex 21.0000 8.0000 0.4000
      vertex 21.0000 9.0000 1.0000
      vertex 21.0000 9.0000 0.4000
    endloop
  endfacet
  facet normal 0 0 0
    outer loop
      vertex 21.0000 9.0000 0.4000
      vertex 21.0000 9.0000 1.0000
      vertex 20.0000 9.0000 1.0000
    endloop
  endfacet
  facet normal 0 0 0
    outer loop
      vertex 21.0000 9.0000 0.4000
      vertex 20.0000 9.0000 1.0000
      vertex 20.0000 9.0000 0.4000
    endloop
  endfacet
  facet normal 0 0 0
    outer loop
      vertex 20.0000 9.0000 0.4000
      vertex 20.0000 9.0000 1.0000
      vertex 20.0000 8.0000 1.0000
    endloop
  endfacet
  facet normal 0 0 0
    outer loop
      vertex 20.0000 9.0000 0.4000
      vertex 20.0000 8.0000 1.0000
      vertex 20.0000 8.0000 0.4000
    endloop
  endfacet
  facet normal 0 0 0
    outer loop
      vertex 22.0000 8.0000 0.4000
      vertex 23.0000 8.0000 0.4000
      vertex 23.0000 9.0000 0.4000
    endloop
  endfacet
  facet normal 0 0 0
    outer loop
      vertex 22.0000 8.0000 0.4000
      vertex 23.0000 9.0000 0.4000
      vertex 22.0000 9.0000 0.4000
    endloop
  endfacet
  facet normal 0 0 0
    outer loop
      vertex 22.0000 8.0000 1.0000
      vertex 23.0000 9.0000 1.0000
      vertex 23.0000 8.0000 1.0000
    endloop
  endfacet
  facet normal 0 0 0
    outer loop
      vertex 22.0000 8.0000 1.0000
      vertex 22.0000 9.0000 1.0000
      vertex 23.0000 9.0000 1.0000
    endloop
  endfacet
  facet normal 0 0 0
    outer loop
      vertex 22.0000 8.0000 0.4000
      vertex 22.0000 8.0000 1.0000
      vertex 23.0000 8.0000 1.0000
    endloop
  endfacet
  facet normal 0 0 0
    outer loop
      vertex 22.0000 8.0000 0.4000
      vertex 23.0000 8.0000 1.0000
      vertex 23.0000 8.0000 0.4000
    endloop
  endfacet
  facet normal 0 0 0
    outer loop
      vertex 23.0000 8.0000 0.4000
      vertex 23.0000 8.0000 1.0000
      vertex 23.0000 9.0000 1.0000
    endloop
  endfacet
  facet normal 0 0 0
    outer loop
      vertex 23.0000 8.0000 0.4000
      vertex 23.0000 9.0000 1.0000
      vertex 23.0000 9.0000 0.4000
    endloop
  endfacet
  facet normal 0 0 0
    outer loop
      vertex 23.0000 9.0000 0.4000
      vertex 23.0000 9.0000 1.0000
      vertex 22.0000 9.0000 1.0000
    endloop
  endfacet
  facet normal 0 0 0
    outer loop
      vertex 23.0000 9.0000 0.4000
      vertex 22.0000 9.0000 1.0000
      vertex 22.0000 9.0000 0.4000
    endloop
  endfacet
  facet normal 0 0 0
    outer loop
      vertex 22.0000 9.0000 0.4000
      vertex 22.0000 9.0000 1.0000
      vertex 22.0000 8.0000 1.0000
    endloop
  endfacet
  facet normal 0 0 0
    outer loop
      vertex 22.0000 9.0000 0.4000
      vertex 22.0000 8.0000 1.0000
      vertex 22.0000 8.0000 0.4000
    endloop
  endfacet
  facet normal 0 0 0
    outer loop
      vertex 23.0000 8.0000 0.4000
      vertex 24.0000 8.0000 0.4000
      vertex 24.0000 9.0000 0.4000
    endloop
  endfacet
  facet normal 0 0 0
    outer loop
      vertex 23.0000 8.0000 0.4000
      vertex 24.0000 9.0000 0.4000
      vertex 23.0000 9.0000 0.4000
    endloop
  endfacet
  facet normal 0 0 0
    outer loop
      vertex 23.0000 8.0000 1.0000
      vertex 24.0000 9.0000 1.0000
      vertex 24.0000 8.0000 1.0000
    endloop
  endfacet
  facet normal 0 0 0
    outer loop
      vertex 23.0000 8.0000 1.0000
      vertex 23.0000 9.0000 1.0000
      vertex 24.0000 9.0000 1.0000
    endloop
  endfacet
  facet normal 0 0 0
    outer loop
      vertex 23.0000 8.0000 0.4000
      vertex 23.0000 8.0000 1.0000
      vertex 24.0000 8.0000 1.0000
    endloop
  endfacet
  facet normal 0 0 0
    outer loop
      vertex 23.0000 8.0000 0.4000
      vertex 24.0000 8.0000 1.0000
      vertex 24.0000 8.0000 0.4000
    endloop
  endfacet
  facet normal 0 0 0
    outer loop
      vertex 24.0000 8.0000 0.4000
      vertex 24.0000 8.0000 1.0000
      vertex 24.0000 9.0000 1.0000
    endloop
  endfacet
  facet normal 0 0 0
    outer loop
      vertex 24.0000 8.0000 0.4000
      vertex 24.0000 9.0000 1.0000
      vertex 24.0000 9.0000 0.4000
    endloop
  endfacet
  facet normal 0 0 0
    outer loop
      vertex 24.0000 9.0000 0.4000
      vertex 24.0000 9.0000 1.0000
      vertex 23.0000 9.0000 1.0000
    endloop
  endfacet
  facet normal 0 0 0
    outer loop
      vertex 24.0000 9.0000 0.4000
      vertex 23.0000 9.0000 1.0000
      vertex 23.0000 9.0000 0.4000
    endloop
  endfacet
  facet normal 0 0 0
    outer loop
      vertex 23.0000 9.0000 0.4000
      vertex 23.0000 9.0000 1.0000
      vertex 23.0000 8.0000 1.0000
    endloop
  endfacet
  facet normal 0 0 0
    outer loop
      vertex 23.0000 9.0000 0.4000
      vertex 23.0000 8.0000 1.0000
      vertex 23.0000 8.0000 0.4000
    endloop
  endfacet
  facet normal 0 0 0
    outer loop
      vertex 4.0000 7.0000 0.4000
      vertex 5.0000 7.0000 0.4000
      vertex 5.0000 8.0000 0.4000
    endloop
  endfacet
  facet normal 0 0 0
    outer loop
      vertex 4.0000 7.0000 0.4000
      vertex 5.0000 8.0000 0.4000
      vertex 4.0000 8.0000 0.4000
    endloop
  endfacet
  facet normal 0 0 0
    outer loop
      vertex 4.0000 7.0000 1.0000
      vertex 5.0000 8.0000 1.0000
      vertex 5.0000 7.0000 1.0000
    endloop
  endfacet
  facet normal 0 0 0
    outer loop
      vertex 4.0000 7.0000 1.0000
      vertex 4.0000 8.0000 1.0000
      vertex 5.0000 8.0000 1.0000
    endloop
  endfacet
  facet normal 0 0 0
    outer loop
      vertex 4.0000 7.0000 0.4000
      vertex 4.0000 7.0000 1.0000
      vertex 5.0000 7.0000 1.0000
    endloop
  endfacet
  facet normal 0 0 0
    outer loop
      vertex 4.0000 7.0000 0.4000
      vertex 5.0000 7.0000 1.0000
      vertex 5.0000 7.0000 0.4000
    endloop
  endfacet
  facet normal 0 0 0
    outer loop
      vertex 5.0000 7.0000 0.4000
      vertex 5.0000 7.0000 1.0000
      vertex 5.0000 8.0000 1.0000
    endloop
  endfacet
  facet normal 0 0 0
    outer loop
      vertex 5.0000 7.0000 0.4000
      vertex 5.0000 8.0000 1.0000
      vertex 5.0000 8.0000 0.4000
    endloop
  endfacet
  facet normal 0 0 0
    outer loop
      vertex 5.0000 8.0000 0.4000
      vertex 5.0000 8.0000 1.0000
      vertex 4.0000 8.0000 1.0000
    endloop
  endfacet
  facet normal 0 0 0
    outer loop
      vertex 5.0000 8.0000 0.4000
      vertex 4.0000 8.0000 1.0000
      vertex 4.0000 8.0000 0.4000
    endloop
  endfacet
  facet normal 0 0 0
    outer loop
      vertex 4.0000 8.0000 0.4000
      vertex 4.0000 8.0000 1.0000
      vertex 4.0000 7.0000 1.0000
    endloop
  endfacet
  facet normal 0 0 0
    outer loop
      vertex 4.0000 8.0000 0.4000
      vertex 4.0000 7.0000 1.0000
      vertex 4.0000 7.0000 0.4000
    endloop
  endfacet
  facet normal 0 0 0
    outer loop
      vertex 6.0000 7.0000 0.4000
      vertex 7.0000 7.0000 0.4000
      vertex 7.0000 8.0000 0.4000
    endloop
  endfacet
  facet normal 0 0 0
    outer loop
      vertex 6.0000 7.0000 0.4000
      vertex 7.0000 8.0000 0.4000
      vertex 6.0000 8.0000 0.4000
    endloop
  endfacet
  facet normal 0 0 0
    outer loop
      vertex 6.0000 7.0000 1.0000
      vertex 7.0000 8.0000 1.0000
      vertex 7.0000 7.0000 1.0000
    endloop
  endfacet
  facet normal 0 0 0
    outer loop
      vertex 6.0000 7.0000 1.0000
      vertex 6.0000 8.0000 1.0000
      vertex 7.0000 8.0000 1.0000
    endloop
  endfacet
  facet normal 0 0 0
    outer loop
      vertex 6.0000 7.0000 0.4000
      vertex 6.0000 7.0000 1.0000
      vertex 7.0000 7.0000 1.0000
    endloop
  endfacet
  facet normal 0 0 0
    outer loop
      vertex 6.0000 7.0000 0.4000
      vertex 7.0000 7.0000 1.0000
      vertex 7.0000 7.0000 0.4000
    endloop
  endfacet
  facet normal 0 0 0
    outer loop
      vertex 7.0000 7.0000 0.4000
      vertex 7.0000 7.0000 1.0000
      vertex 7.0000 8.0000 1.0000
    endloop
  endfacet
  facet normal 0 0 0
    outer loop
      vertex 7.0000 7.0000 0.4000
      vertex 7.0000 8.0000 1.0000
      vertex 7.0000 8.0000 0.4000
    endloop
  endfacet
  facet normal 0 0 0
    outer loop
      vertex 7.0000 8.0000 0.4000
      vertex 7.0000 8.0000 1.0000
      vertex 6.0000 8.0000 1.0000
    endloop
  endfacet
  facet normal 0 0 0
    outer loop
      vertex 7.0000 8.0000 0.4000
      vertex 6.0000 8.0000 1.0000
      vertex 6.0000 8.0000 0.4000
    endloop
  endfacet
  facet normal 0 0 0
    outer loop
      vertex 6.0000 8.0000 0.4000
      vertex 6.0000 8.0000 1.0000
      vertex 6.0000 7.0000 1.0000
    endloop
  endfacet
  facet normal 0 0 0
    outer loop
      vertex 6.0000 8.0000 0.4000
      vertex 6.0000 7.0000 1.0000
      vertex 6.0000 7.0000 0.4000
    endloop
  endfacet
  facet normal 0 0 0
    outer loop
      vertex 7.0000 7.0000 0.4000
      vertex 8.0000 7.0000 0.4000
      vertex 8.0000 8.0000 0.4000
    endloop
  endfacet
  facet normal 0 0 0
    outer loop
      vertex 7.0000 7.0000 0.4000
      vertex 8.0000 8.0000 0.4000
      vertex 7.0000 8.0000 0.4000
    endloop
  endfacet
  facet normal 0 0 0
    outer loop
      vertex 7.0000 7.0000 1.0000
      vertex 8.0000 8.0000 1.0000
      vertex 8.0000 7.0000 1.0000
    endloop
  endfacet
  facet normal 0 0 0
    outer loop
      vertex 7.0000 7.0000 1.0000
      vertex 7.0000 8.0000 1.0000
      vertex 8.0000 8.0000 1.0000
    endloop
  endfacet
  facet normal 0 0 0
    outer loop
      vertex 7.0000 7.0000 0.4000
      vertex 7.0000 7.0000 1.0000
      vertex 8.0000 7.0000 1.0000
    endloop
  endfacet
  facet normal 0 0 0
    outer loop
      vertex 7.0000 7.0000 0.4000
      vertex 8.0000 7.0000 1.0000
      vertex 8.0000 7.0000 0.4000
    endloop
  endfacet
  facet normal 0 0 0
    outer loop
      vertex 8.0000 7.0000 0.4000
      vertex 8.0000 7.0000 1.0000
      vertex 8.0000 8.0000 1.0000
    endloop
  endfacet
  facet normal 0 0 0
    outer loop
      vertex 8.0000 7.0000 0.4000
      vertex 8.0000 8.0000 1.0000
      vertex 8.0000 8.0000 0.4000
    endloop
  endfacet
  facet normal 0 0 0
    outer loop
      vertex 8.0000 8.0000 0.4000
      vertex 8.0000 8.0000 1.0000
      vertex 7.0000 8.0000 1.0000
    endloop
  endfacet
  facet normal 0 0 0
    outer loop
      vertex 8.0000 8.0000 0.4000
      vertex 7.0000 8.0000 1.0000
      vertex 7.0000 8.0000 0.4000
    endloop
  endfacet
  facet normal 0 0 0
    outer loop
      vertex 7.0000 8.0000 0.4000
      vertex 7.0000 8.0000 1.0000
      vertex 7.0000 7.0000 1.0000
    endloop
  endfacet
  facet normal 0 0 0
    outer loop
      vertex 7.0000 8.0000 0.4000
      vertex 7.0000 7.0000 1.0000
      vertex 7.0000 7.0000 0.4000
    endloop
  endfacet
  facet normal 0 0 0
    outer loop
      vertex 8.0000 7.0000 0.4000
      vertex 9.0000 7.0000 0.4000
      vertex 9.0000 8.0000 0.4000
    endloop
  endfacet
  facet normal 0 0 0
    outer loop
      vertex 8.0000 7.0000 0.4000
      vertex 9.0000 8.0000 0.4000
      vertex 8.0000 8.0000 0.4000
    endloop
  endfacet
  facet normal 0 0 0
    outer loop
      vertex 8.0000 7.0000 1.0000
      vertex 9.0000 8.0000 1.0000
      vertex 9.0000 7.0000 1.0000
    endloop
  endfacet
  facet normal 0 0 0
    outer loop
      vertex 8.0000 7.0000 1.0000
      vertex 8.0000 8.0000 1.0000
      vertex 9.0000 8.0000 1.0000
    endloop
  endfacet
  facet normal 0 0 0
    outer loop
      vertex 8.0000 7.0000 0.4000
      vertex 8.0000 7.0000 1.0000
      vertex 9.0000 7.0000 1.0000
    endloop
  endfacet
  facet normal 0 0 0
    outer loop
      vertex 8.0000 7.0000 0.4000
      vertex 9.0000 7.0000 1.0000
      vertex 9.0000 7.0000 0.4000
    endloop
  endfacet
  facet normal 0 0 0
    outer loop
      vertex 9.0000 7.0000 0.4000
      vertex 9.0000 7.0000 1.0000
      vertex 9.0000 8.0000 1.0000
    endloop
  endfacet
  facet normal 0 0 0
    outer loop
      vertex 9.0000 7.0000 0.4000
      vertex 9.0000 8.0000 1.0000
      vertex 9.0000 8.0000 0.4000
    endloop
  endfacet
  facet normal 0 0 0
    outer loop
      vertex 9.0000 8.0000 0.4000
      vertex 9.0000 8.0000 1.0000
      vertex 8.0000 8.0000 1.0000
    endloop
  endfacet
  facet normal 0 0 0
    outer loop
      vertex 9.0000 8.0000 0.4000
      vertex 8.0000 8.0000 1.0000
      vertex 8.0000 8.0000 0.4000
    endloop
  endfacet
  facet normal 0 0 0
    outer loop
      vertex 8.0000 8.0000 0.4000
      vertex 8.0000 8.0000 1.0000
      vertex 8.0000 7.0000 1.0000
    endloop
  endfacet
  facet normal 0 0 0
    outer loop
      vertex 8.0000 8.0000 0.4000
      vertex 8.0000 7.0000 1.0000
      vertex 8.0000 7.0000 0.4000
    endloop
  endfacet
  facet normal 0 0 0
    outer loop
      vertex 10.0000 7.0000 0.4000
      vertex 11.0000 7.0000 0.4000
      vertex 11.0000 8.0000 0.4000
    endloop
  endfacet
  facet normal 0 0 0
    outer loop
      vertex 10.0000 7.0000 0.4000
      vertex 11.0000 8.0000 0.4000
      vertex 10.0000 8.0000 0.4000
    endloop
  endfacet
  facet normal 0 0 0
    outer loop
      vertex 10.0000 7.0000 1.0000
      vertex 11.0000 8.0000 1.0000
      vertex 11.0000 7.0000 1.0000
    endloop
  endfacet
  facet normal 0 0 0
    outer loop
      vertex 10.0000 7.0000 1.0000
      vertex 10.0000 8.0000 1.0000
      vertex 11.0000 8.0000 1.0000
    endloop
  endfacet
  facet normal 0 0 0
    outer loop
      vertex 10.0000 7.0000 0.4000
      vertex 10.0000 7.0000 1.0000
      vertex 11.0000 7.0000 1.0000
    endloop
  endfacet
  facet normal 0 0 0
    outer loop
      vertex 10.0000 7.0000 0.4000
      vertex 11.0000 7.0000 1.0000
      vertex 11.0000 7.0000 0.4000
    endloop
  endfacet
  facet normal 0 0 0
    outer loop
      vertex 11.0000 7.0000 0.4000
      vertex 11.0000 7.0000 1.0000
      vertex 11.0000 8.0000 1.0000
    endloop
  endfacet
  facet normal 0 0 0
    outer loop
      vertex 11.0000 7.0000 0.4000
      vertex 11.0000 8.0000 1.0000
      vertex 11.0000 8.0000 0.4000
    endloop
  endfacet
  facet normal 0 0 0
    outer loop
      vertex 11.0000 8.0000 0.4000
      vertex 11.0000 8.0000 1.0000
      vertex 10.0000 8.0000 1.0000
    endloop
  endfacet
  facet normal 0 0 0
    outer loop
      vertex 11.0000 8.0000 0.4000
      vertex 10.0000 8.0000 1.0000
      vertex 10.0000 8.0000 0.4000
    endloop
  endfacet
  facet normal 0 0 0
    outer loop
      vertex 10.0000 8.0000 0.4000
      vertex 10.0000 8.0000 1.0000
      vertex 10.0000 7.0000 1.0000
    endloop
  endfacet
  facet normal 0 0 0
    outer loop
      vertex 10.0000 8.0000 0.4000
      vertex 10.0000 7.0000 1.0000
      vertex 10.0000 7.0000 0.4000
    endloop
  endfacet
  facet normal 0 0 0
    outer loop
      vertex 14.0000 7.0000 0.4000
      vertex 15.0000 7.0000 0.4000
      vertex 15.0000 8.0000 0.4000
    endloop
  endfacet
  facet normal 0 0 0
    outer loop
      vertex 14.0000 7.0000 0.4000
      vertex 15.0000 8.0000 0.4000
      vertex 14.0000 8.0000 0.4000
    endloop
  endfacet
  facet normal 0 0 0
    outer loop
      vertex 14.0000 7.0000 1.0000
      vertex 15.0000 8.0000 1.0000
      vertex 15.0000 7.0000 1.0000
    endloop
  endfacet
  facet normal 0 0 0
    outer loop
      vertex 14.0000 7.0000 1.0000
      vertex 14.0000 8.0000 1.0000
      vertex 15.0000 8.0000 1.0000
    endloop
  endfacet
  facet normal 0 0 0
    outer loop
      vertex 14.0000 7.0000 0.4000
      vertex 14.0000 7.0000 1.0000
      vertex 15.0000 7.0000 1.0000
    endloop
  endfacet
  facet normal 0 0 0
    outer loop
      vertex 14.0000 7.0000 0.4000
      vertex 15.0000 7.0000 1.0000
      vertex 15.0000 7.0000 0.4000
    endloop
  endfacet
  facet normal 0 0 0
    outer loop
      vertex 15.0000 7.0000 0.4000
      vertex 15.0000 7.0000 1.0000
      vertex 15.0000 8.0000 1.0000
    endloop
  endfacet
  facet normal 0 0 0
    outer loop
      vertex 15.0000 7.0000 0.4000
      vertex 15.0000 8.0000 1.0000
      vertex 15.0000 8.0000 0.4000
    endloop
  endfacet
  facet normal 0 0 0
    outer loop
      vertex 15.0000 8.0000 0.4000
      vertex 15.0000 8.0000 1.0000
      vertex 14.0000 8.0000 1.0000
    endloop
  endfacet
  facet normal 0 0 0
    outer loop
      vertex 15.0000 8.0000 0.4000
      vertex 14.0000 8.0000 1.0000
      vertex 14.0000 8.0000 0.4000
    endloop
  endfacet
  facet normal 0 0 0
    outer loop
      vertex 14.0000 8.0000 0.4000
      vertex 14.0000 8.0000 1.0000
      vertex 14.0000 7.0000 1.0000
    endloop
  endfacet
  facet normal 0 0 0
    outer loop
      vertex 14.0000 8.0000 0.4000
      vertex 14.0000 7.0000 1.0000
      vertex 14.0000 7.0000 0.4000
    endloop
  endfacet
  facet normal 0 0 0
    outer loop
      vertex 17.0000 7.0000 0.4000
      vertex 18.0000 7.0000 0.4000
      vertex 18.0000 8.0000 0.4000
    endloop
  endfacet
  facet normal 0 0 0
    outer loop
      vertex 17.0000 7.0000 0.4000
      vertex 18.0000 8.0000 0.4000
      vertex 17.0000 8.0000 0.4000
    endloop
  endfacet
  facet normal 0 0 0
    outer loop
      vertex 17.0000 7.0000 1.0000
      vertex 18.0000 8.0000 1.0000
      vertex 18.0000 7.0000 1.0000
    endloop
  endfacet
  facet normal 0 0 0
    outer loop
      vertex 17.0000 7.0000 1.0000
      vertex 17.0000 8.0000 1.0000
      vertex 18.0000 8.0000 1.0000
    endloop
  endfacet
  facet normal 0 0 0
    outer loop
      vertex 17.0000 7.0000 0.4000
      vertex 17.0000 7.0000 1.0000
      vertex 18.0000 7.0000 1.0000
    endloop
  endfacet
  facet normal 0 0 0
    outer loop
      vertex 17.0000 7.0000 0.4000
      vertex 18.0000 7.0000 1.0000
      vertex 18.0000 7.0000 0.4000
    endloop
  endfacet
  facet normal 0 0 0
    outer loop
      vertex 18.0000 7.0000 0.4000
      vertex 18.0000 7.0000 1.0000
      vertex 18.0000 8.0000 1.0000
    endloop
  endfacet
  facet normal 0 0 0
    outer loop
      vertex 18.0000 7.0000 0.4000
      vertex 18.0000 8.0000 1.0000
      vertex 18.0000 8.0000 0.4000
    endloop
  endfacet
  facet normal 0 0 0
    outer loop
      vertex 18.0000 8.0000 0.4000
      vertex 18.0000 8.0000 1.0000
      vertex 17.0000 8.0000 1.0000
    endloop
  endfacet
  facet normal 0 0 0
    outer loop
      vertex 18.0000 8.0000 0.4000
      vertex 17.0000 8.0000 1.0000
      vertex 17.0000 8.0000 0.4000
    endloop
  endfacet
  facet normal 0 0 0
    outer loop
      vertex 17.0000 8.0000 0.4000
      vertex 17.0000 8.0000 1.0000
      vertex 17.0000 7.0000 1.0000
    endloop
  endfacet
  facet normal 0 0 0
    outer loop
      vertex 17.0000 8.0000 0.4000
      vertex 17.0000 7.0000 1.0000
      vertex 17.0000 7.0000 0.4000
    endloop
  endfacet
  facet normal 0 0 0
    outer loop
      vertex 19.0000 7.0000 0.4000
      vertex 20.0000 7.0000 0.4000
      vertex 20.0000 8.0000 0.4000
    endloop
  endfacet
  facet normal 0 0 0
    outer loop
      vertex 19.0000 7.0000 0.4000
      vertex 20.0000 8.0000 0.4000
      vertex 19.0000 8.0000 0.4000
    endloop
  endfacet
  facet normal 0 0 0
    outer loop
      vertex 19.0000 7.0000 1.0000
      vertex 20.0000 8.0000 1.0000
      vertex 20.0000 7.0000 1.0000
    endloop
  endfacet
  facet normal 0 0 0
    outer loop
      vertex 19.0000 7.0000 1.0000
      vertex 19.0000 8.0000 1.0000
      vertex 20.0000 8.0000 1.0000
    endloop
  endfacet
  facet normal 0 0 0
    outer loop
      vertex 19.0000 7.0000 0.4000
      vertex 19.0000 7.0000 1.0000
      vertex 20.0000 7.0000 1.0000
    endloop
  endfacet
  facet normal 0 0 0
    outer loop
      vertex 19.0000 7.0000 0.4000
      vertex 20.0000 7.0000 1.0000
      vertex 20.0000 7.0000 0.4000
    endloop
  endfacet
  facet normal 0 0 0
    outer loop
      vertex 20.0000 7.0000 0.4000
      vertex 20.0000 7.0000 1.0000
      vertex 20.0000 8.0000 1.0000
    endloop
  endfacet
  facet normal 0 0 0
    outer loop
      vertex 20.0000 7.0000 0.4000
      vertex 20.0000 8.0000 1.0000
      vertex 20.0000 8.0000 0.4000
    endloop
  endfacet
  facet normal 0 0 0
    outer loop
      vertex 20.0000 8.0000 0.4000
      vertex 20.0000 8.0000 1.0000
      vertex 19.0000 8.0000 1.0000
    endloop
  endfacet
  facet normal 0 0 0
    outer loop
      vertex 20.0000 8.0000 0.4000
      vertex 19.0000 8.0000 1.0000
      vertex 19.0000 8.0000 0.4000
    endloop
  endfacet
  facet normal 0 0 0
    outer loop
      vertex 19.0000 8.0000 0.4000
      vertex 19.0000 8.0000 1.0000
      vertex 19.0000 7.0000 1.0000
    endloop
  endfacet
  facet normal 0 0 0
    outer loop
      vertex 19.0000 8.0000 0.4000
      vertex 19.0000 7.0000 1.0000
      vertex 19.0000 7.0000 0.4000
    endloop
  endfacet
  facet normal 0 0 0
    outer loop
      vertex 20.0000 7.0000 0.4000
      vertex 21.0000 7.0000 0.4000
      vertex 21.0000 8.0000 0.4000
    endloop
  endfacet
  facet normal 0 0 0
    outer loop
      vertex 20.0000 7.0000 0.4000
      vertex 21.0000 8.0000 0.4000
      vertex 20.0000 8.0000 0.4000
    endloop
  endfacet
  facet normal 0 0 0
    outer loop
      vertex 20.0000 7.0000 1.0000
      vertex 21.0000 8.0000 1.0000
      vertex 21.0000 7.0000 1.0000
    endloop
  endfacet
  facet normal 0 0 0
    outer loop
      vertex 20.0000 7.0000 1.0000
      vertex 20.0000 8.0000 1.0000
      vertex 21.0000 8.0000 1.0000
    endloop
  endfacet
  facet normal 0 0 0
    outer loop
      vertex 20.0000 7.0000 0.4000
      vertex 20.0000 7.0000 1.0000
      vertex 21.0000 7.0000 1.0000
    endloop
  endfacet
  facet normal 0 0 0
    outer loop
      vertex 20.0000 7.0000 0.4000
      vertex 21.0000 7.0000 1.0000
      vertex 21.0000 7.0000 0.4000
    endloop
  endfacet
  facet normal 0 0 0
    outer loop
      vertex 21.0000 7.0000 0.4000
      vertex 21.0000 7.0000 1.0000
      vertex 21.0000 8.0000 1.0000
    endloop
  endfacet
  facet normal 0 0 0
    outer loop
      vertex 21.0000 7.0000 0.4000
      vertex 21.0000 8.0000 1.0000
      vertex 21.0000 8.0000 0.4000
    endloop
  endfacet
  facet normal 0 0 0
    outer loop
      vertex 21.0000 8.0000 0.4000
      vertex 21.0000 8.0000 1.0000
      vertex 20.0000 8.0000 1.0000
    endloop
  endfacet
  facet normal 0 0 0
    outer loop
      vertex 21.0000 8.0000 0.4000
      vertex 20.0000 8.0000 1.0000
      vertex 20.0000 8.0000 0.4000
    endloop
  endfacet
  facet normal 0 0 0
    outer loop
      vertex 20.0000 8.0000 0.4000
      vertex 20.0000 8.0000 1.0000
      vertex 20.0000 7.0000 1.0000
    endloop
  endfacet
  facet normal 0 0 0
    outer loop
      vertex 20.0000 8.0000 0.4000
      vertex 20.0000 7.0000 1.0000
      vertex 20.0000 7.0000 0.4000
    endloop
  endfacet
  facet normal 0 0 0
    outer loop
      vertex 21.0000 7.0000 0.4000
      vertex 22.0000 7.0000 0.4000
      vertex 22.0000 8.0000 0.4000
    endloop
  endfacet
  facet normal 0 0 0
    outer loop
      vertex 21.0000 7.0000 0.4000
      vertex 22.0000 8.0000 0.4000
      vertex 21.0000 8.0000 0.4000
    endloop
  endfacet
  facet normal 0 0 0
    outer loop
      vertex 21.0000 7.0000 1.0000
      vertex 22.0000 8.0000 1.0000
      vertex 22.0000 7.0000 1.0000
    endloop
  endfacet
  facet normal 0 0 0
    outer loop
      vertex 21.0000 7.0000 1.0000
      vertex 21.0000 8.0000 1.0000
      vertex 22.0000 8.0000 1.0000
    endloop
  endfacet
  facet normal 0 0 0
    outer loop
      vertex 21.0000 7.0000 0.4000
      vertex 21.0000 7.0000 1.0000
      vertex 22.0000 7.0000 1.0000
    endloop
  endfacet
  facet normal 0 0 0
    outer loop
      vertex 21.0000 7.0000 0.4000
      vertex 22.0000 7.0000 1.0000
      vertex 22.0000 7.0000 0.4000
    endloop
  endfacet
  facet normal 0 0 0
    outer loop
      vertex 22.0000 7.0000 0.4000
      vertex 22.0000 7.0000 1.0000
      vertex 22.0000 8.0000 1.0000
    endloop
  endfacet
  facet normal 0 0 0
    outer loop
      vertex 22.0000 7.0000 0.4000
      vertex 22.0000 8.0000 1.0000
      vertex 22.0000 8.0000 0.4000
    endloop
  endfacet
  facet normal 0 0 0
    outer loop
      vertex 22.0000 8.0000 0.4000
      vertex 22.0000 8.0000 1.0000
      vertex 21.0000 8.0000 1.0000
    endloop
  endfacet
  facet normal 0 0 0
    outer loop
      vertex 22.0000 8.0000 0.4000
      vertex 21.0000 8.0000 1.0000
      vertex 21.0000 8.0000 0.4000
    endloop
  endfacet
  facet normal 0 0 0
    outer loop
      vertex 21.0000 8.0000 0.4000
      vertex 21.0000 8.0000 1.0000
      vertex 21.0000 7.0000 1.0000
    endloop
  endfacet
  facet normal 0 0 0
    outer loop
      vertex 21.0000 8.0000 0.4000
      vertex 21.0000 7.0000 1.0000
      vertex 21.0000 7.0000 0.4000
    endloop
  endfacet
  facet normal 0 0 0
    outer loop
      vertex 22.0000 7.0000 0.4000
      vertex 23.0000 7.0000 0.4000
      vertex 23.0000 8.0000 0.4000
    endloop
  endfacet
  facet normal 0 0 0
    outer loop
      vertex 22.0000 7.0000 0.4000
      vertex 23.0000 8.0000 0.4000
      vertex 22.0000 8.0000 0.4000
    endloop
  endfacet
  facet normal 0 0 0
    outer loop
      vertex 22.0000 7.0000 1.0000
      vertex 23.0000 8.0000 1.0000
      vertex 23.0000 7.0000 1.0000
    endloop
  endfacet
  facet normal 0 0 0
    outer loop
      vertex 22.0000 7.0000 1.0000
      vertex 22.0000 8.0000 1.0000
      vertex 23.0000 8.0000 1.0000
    endloop
  endfacet
  facet normal 0 0 0
    outer loop
      vertex 22.0000 7.0000 0.4000
      vertex 22.0000 7.0000 1.0000
      vertex 23.0000 7.0000 1.0000
    endloop
  endfacet
  facet normal 0 0 0
    outer loop
      vertex 22.0000 7.0000 0.4000
      vertex 23.0000 7.0000 1.0000
      vertex 23.0000 7.0000 0.4000
    endloop
  endfacet
  facet normal 0 0 0
    outer loop
      vertex 23.0000 7.0000 0.4000
      vertex 23.0000 7.0000 1.0000
      vertex 23.0000 8.0000 1.0000
    endloop
  endfacet
  facet normal 0 0 0
    outer loop
      vertex 23.0000 7.0000 0.4000
      vertex 23.0000 8.0000 1.0000
      vertex 23.0000 8.0000 0.4000
    endloop
  endfacet
  facet normal 0 0 0
    outer loop
      vertex 23.0000 8.0000 0.4000
      vertex 23.0000 8.0000 1.0000
      vertex 22.0000 8.0000 1.0000
    endloop
  endfacet
  facet normal 0 0 0
    outer loop
      vertex 23.0000 8.0000 0.4000
      vertex 22.0000 8.0000 1.0000
      vertex 22.0000 8.0000 0.4000
    endloop
  endfacet
  facet normal 0 0 0
    outer loop
      vertex 22.0000 8.0000 0.4000
      vertex 22.0000 8.0000 1.0000
      vertex 22.0000 7.0000 1.0000
    endloop
  endfacet
  facet normal 0 0 0
    outer loop
      vertex 22.0000 8.0000 0.4000
      vertex 22.0000 7.0000 1.0000
      vertex 22.0000 7.0000 0.4000
    endloop
  endfacet
  facet normal 0 0 0
    outer loop
      vertex 4.0000 6.0000 0.4000
      vertex 5.0000 6.0000 0.4000
      vertex 5.0000 7.0000 0.4000
    endloop
  endfacet
  facet normal 0 0 0
    outer loop
      vertex 4.0000 6.0000 0.4000
      vertex 5.0000 7.0000 0.4000
      vertex 4.0000 7.0000 0.4000
    endloop
  endfacet
  facet normal 0 0 0
    outer loop
      vertex 4.0000 6.0000 1.0000
      vertex 5.0000 7.0000 1.0000
      vertex 5.0000 6.0000 1.0000
    endloop
  endfacet
  facet normal 0 0 0
    outer loop
      vertex 4.0000 6.0000 1.0000
      vertex 4.0000 7.0000 1.0000
      vertex 5.0000 7.0000 1.0000
    endloop
  endfacet
  facet normal 0 0 0
    outer loop
      vertex 4.0000 6.0000 0.4000
      vertex 4.0000 6.0000 1.0000
      vertex 5.0000 6.0000 1.0000
    endloop
  endfacet
  facet normal 0 0 0
    outer loop
      vertex 4.0000 6.0000 0.4000
      vertex 5.0000 6.0000 1.0000
      vertex 5.0000 6.0000 0.4000
    endloop
  endfacet
  facet normal 0 0 0
    outer loop
      vertex 5.0000 6.0000 0.4000
      vertex 5.0000 6.0000 1.0000
      vertex 5.0000 7.0000 1.0000
    endloop
  endfacet
  facet normal 0 0 0
    outer loop
      vertex 5.0000 6.0000 0.4000
      vertex 5.0000 7.0000 1.0000
      vertex 5.0000 7.0000 0.4000
    endloop
  endfacet
  facet normal 0 0 0
    outer loop
      vertex 5.0000 7.0000 0.4000
      vertex 5.0000 7.0000 1.0000
      vertex 4.0000 7.0000 1.0000
    endloop
  endfacet
  facet normal 0 0 0
    outer loop
      vertex 5.0000 7.0000 0.4000
      vertex 4.0000 7.0000 1.0000
      vertex 4.0000 7.0000 0.4000
    endloop
  endfacet
  facet normal 0 0 0
    outer loop
      vertex 4.0000 7.0000 0.4000
      vertex 4.0000 7.0000 1.0000
      vertex 4.0000 6.0000 1.0000
    endloop
  endfacet
  facet normal 0 0 0
    outer loop
      vertex 4.0000 7.0000 0.4000
      vertex 4.0000 6.0000 1.0000
      vertex 4.0000 6.0000 0.4000
    endloop
  endfacet
  facet normal 0 0 0
    outer loop
      vertex 6.0000 6.0000 0.4000
      vertex 7.0000 6.0000 0.4000
      vertex 7.0000 7.0000 0.4000
    endloop
  endfacet
  facet normal 0 0 0
    outer loop
      vertex 6.0000 6.0000 0.4000
      vertex 7.0000 7.0000 0.4000
      vertex 6.0000 7.0000 0.4000
    endloop
  endfacet
  facet normal 0 0 0
    outer loop
      vertex 6.0000 6.0000 1.0000
      vertex 7.0000 7.0000 1.0000
      vertex 7.0000 6.0000 1.0000
    endloop
  endfacet
  facet normal 0 0 0
    outer loop
      vertex 6.0000 6.0000 1.0000
      vertex 6.0000 7.0000 1.0000
      vertex 7.0000 7.0000 1.0000
    endloop
  endfacet
  facet normal 0 0 0
    outer loop
      vertex 6.0000 6.0000 0.4000
      vertex 6.0000 6.0000 1.0000
      vertex 7.0000 6.0000 1.0000
    endloop
  endfacet
  facet normal 0 0 0
    outer loop
      vertex 6.0000 6.0000 0.4000
      vertex 7.0000 6.0000 1.0000
      vertex 7.0000 6.0000 0.4000
    endloop
  endfacet
  facet normal 0 0 0
    outer loop
      vertex 7.0000 6.0000 0.4000
      vertex 7.0000 6.0000 1.0000
      vertex 7.0000 7.0000 1.0000
    endloop
  endfacet
  facet normal 0 0 0
    outer loop
      vertex 7.0000 6.0000 0.4000
      vertex 7.0000 7.0000 1.0000
      vertex 7.0000 7.0000 0.4000
    endloop
  endfacet
  facet normal 0 0 0
    outer loop
      vertex 7.0000 7.0000 0.4000
      vertex 7.0000 7.0000 1.0000
      vertex 6.0000 7.0000 1.0000
    endloop
  endfacet
  facet normal 0 0 0
    outer loop
      vertex 7.0000 7.0000 0.4000
      vertex 6.0000 7.0000 1.0000
      vertex 6.0000 7.0000 0.4000
    endloop
  endfacet
  facet normal 0 0 0
    outer loop
      vertex 6.0000 7.0000 0.4000
      vertex 6.0000 7.0000 1.0000
      vertex 6.0000 6.0000 1.0000
    endloop
  endfacet
  facet normal 0 0 0
    outer loop
      vertex 6.0000 7.0000 0.4000
      vertex 6.0000 6.0000 1.0000
      vertex 6.0000 6.0000 0.4000
    endloop
  endfacet
  facet normal 0 0 0
    outer loop
      vertex 7.0000 6.0000 0.4000
      vertex 8.0000 6.0000 0.4000
      vertex 8.0000 7.0000 0.4000
    endloop
  endfacet
  facet normal 0 0 0
    outer loop
      vertex 7.0000 6.0000 0.4000
      vertex 8.0000 7.0000 0.4000
      vertex 7.0000 7.0000 0.4000
    endloop
  endfacet
  facet normal 0 0 0
    outer loop
      vertex 7.0000 6.0000 1.0000
      vertex 8.0000 7.0000 1.0000
      vertex 8.0000 6.0000 1.0000
    endloop
  endfacet
  facet normal 0 0 0
    outer loop
      vertex 7.0000 6.0000 1.0000
      vertex 7.0000 7.0000 1.0000
      vertex 8.0000 7.0000 1.0000
    endloop
  endfacet
  facet normal 0 0 0
    outer loop
      vertex 7.0000 6.0000 0.4000
      vertex 7.0000 6.0000 1.0000
      vertex 8.0000 6.0000 1.0000
    endloop
  endfacet
  facet normal 0 0 0
    outer loop
      vertex 7.0000 6.0000 0.4000
      vertex 8.0000 6.0000 1.0000
      vertex 8.0000 6.0000 0.4000
    endloop
  endfacet
  facet normal 0 0 0
    outer loop
      vertex 8.0000 6.0000 0.4000
      vertex 8.0000 6.0000 1.0000
      vertex 8.0000 7.0000 1.0000
    endloop
  endfacet
  facet normal 0 0 0
    outer loop
      vertex 8.0000 6.0000 0.4000
      vertex 8.0000 7.0000 1.0000
      vertex 8.0000 7.0000 0.4000
    endloop
  endfacet
  facet normal 0 0 0
    outer loop
      vertex 8.0000 7.0000 0.4000
      vertex 8.0000 7.0000 1.0000
      vertex 7.0000 7.0000 1.0000
    endloop
  endfacet
  facet normal 0 0 0
    outer loop
      vertex 8.0000 7.0000 0.4000
      vertex 7.0000 7.0000 1.0000
      vertex 7.0000 7.0000 0.4000
    endloop
  endfacet
  facet normal 0 0 0
    outer loop
      vertex 7.0000 7.0000 0.4000
      vertex 7.0000 7.0000 1.0000
      vertex 7.0000 6.0000 1.0000
    endloop
  endfacet
  facet normal 0 0 0
    outer loop
      vertex 7.0000 7.0000 0.4000
      vertex 7.0000 6.0000 1.0000
      vertex 7.0000 6.0000 0.4000
    endloop
  endfacet
  facet normal 0 0 0
    outer loop
      vertex 8.0000 6.0000 0.4000
      vertex 9.0000 6.0000 0.4000
      vertex 9.0000 7.0000 0.4000
    endloop
  endfacet
  facet normal 0 0 0
    outer loop
      vertex 8.0000 6.0000 0.4000
      vertex 9.0000 7.0000 0.4000
      vertex 8.0000 7.0000 0.4000
    endloop
  endfacet
  facet normal 0 0 0
    outer loop
      vertex 8.0000 6.0000 1.0000
      vertex 9.0000 7.0000 1.0000
      vertex 9.0000 6.0000 1.0000
    endloop
  endfacet
  facet normal 0 0 0
    outer loop
      vertex 8.0000 6.0000 1.0000
      vertex 8.0000 7.0000 1.0000
      vertex 9.0000 7.0000 1.0000
    endloop
  endfacet
  facet normal 0 0 0
    outer loop
      vertex 8.0000 6.0000 0.4000
      vertex 8.0000 6.0000 1.0000
      vertex 9.0000 6.0000 1.0000
    endloop
  endfacet
  facet normal 0 0 0
    outer loop
      vertex 8.0000 6.0000 0.4000
      vertex 9.0000 6.0000 1.0000
      vertex 9.0000 6.0000 0.4000
    endloop
  endfacet
  facet normal 0 0 0
    outer loop
      vertex 9.0000 6.0000 0.4000
      vertex 9.0000 6.0000 1.0000
      vertex 9.0000 7.0000 1.0000
    endloop
  endfacet
  facet normal 0 0 0
    outer loop
      vertex 9.0000 6.0000 0.4000
      vertex 9.0000 7.0000 1.0000
      vertex 9.0000 7.0000 0.4000
    endloop
  endfacet
  facet normal 0 0 0
    outer loop
      vertex 9.0000 7.0000 0.4000
      vertex 9.0000 7.0000 1.0000
      vertex 8.0000 7.0000 1.0000
    endloop
  endfacet
  facet normal 0 0 0
    outer loop
      vertex 9.0000 7.0000 0.4000
      vertex 8.0000 7.0000 1.0000
      vertex 8.0000 7.0000 0.4000
    endloop
  endfacet
  facet normal 0 0 0
    outer loop
      vertex 8.0000 7.0000 0.4000
      vertex 8.0000 7.0000 1.0000
      vertex 8.0000 6.0000 1.0000
    endloop
  endfacet
  facet normal 0 0 0
    outer loop
      vertex 8.0000 7.0000 0.4000
      vertex 8.0000 6.0000 1.0000
      vertex 8.0000 6.0000 0.4000
    endloop
  endfacet
  facet normal 0 0 0
    outer loop
      vertex 10.0000 6.0000 0.4000
      vertex 11.0000 6.0000 0.4000
      vertex 11.0000 7.0000 0.4000
    endloop
  endfacet
  facet normal 0 0 0
    outer loop
      vertex 10.0000 6.0000 0.4000
      vertex 11.0000 7.0000 0.4000
      vertex 10.0000 7.0000 0.4000
    endloop
  endfacet
  facet normal 0 0 0
    outer loop
      vertex 10.0000 6.0000 1.0000
      vertex 11.0000 7.0000 1.0000
      vertex 11.0000 6.0000 1.0000
    endloop
  endfacet
  facet normal 0 0 0
    outer loop
      vertex 10.0000 6.0000 1.0000
      vertex 10.0000 7.0000 1.0000
      vertex 11.0000 7.0000 1.0000
    endloop
  endfacet
  facet normal 0 0 0
    outer loop
      vertex 10.0000 6.0000 0.4000
      vertex 10.0000 6.0000 1.0000
      vertex 11.0000 6.0000 1.0000
    endloop
  endfacet
  facet normal 0 0 0
    outer loop
      vertex 10.0000 6.0000 0.4000
      vertex 11.0000 6.0000 1.0000
      vertex 11.0000 6.0000 0.4000
    endloop
  endfacet
  facet normal 0 0 0
    outer loop
      vertex 11.0000 6.0000 0.4000
      vertex 11.0000 6.0000 1.0000
      vertex 11.0000 7.0000 1.0000
    endloop
  endfacet
  facet normal 0 0 0
    outer loop
      vertex 11.0000 6.0000 0.4000
      vertex 11.0000 7.0000 1.0000
      vertex 11.0000 7.0000 0.4000
    endloop
  endfacet
  facet normal 0 0 0
    outer loop
      vertex 11.0000 7.0000 0.4000
      vertex 11.0000 7.0000 1.0000
      vertex 10.0000 7.0000 1.0000
    endloop
  endfacet
  facet normal 0 0 0
    outer loop
      vertex 11.0000 7.0000 0.4000
      vertex 10.0000 7.0000 1.0000
      vertex 10.0000 7.0000 0.4000
    endloop
  endfacet
  facet normal 0 0 0
    outer loop
      vertex 10.0000 7.0000 0.4000
      vertex 10.0000 7.0000 1.0000
      vertex 10.0000 6.0000 1.0000
    endloop
  endfacet
  facet normal 0 0 0
    outer loop
      vertex 10.0000 7.0000 0.4000
      vertex 10.0000 6.0000 1.0000
      vertex 10.0000 6.0000 0.4000
    endloop
  endfacet
  facet normal 0 0 0
    outer loop
      vertex 12.0000 6.0000 0.4000
      vertex 13.0000 6.0000 0.4000
      vertex 13.0000 7.0000 0.4000
    endloop
  endfacet
  facet normal 0 0 0
    outer loop
      vertex 12.0000 6.0000 0.4000
      vertex 13.0000 7.0000 0.4000
      vertex 12.0000 7.0000 0.4000
    endloop
  endfacet
  facet normal 0 0 0
    outer loop
      vertex 12.0000 6.0000 1.0000
      vertex 13.0000 7.0000 1.0000
      vertex 13.0000 6.0000 1.0000
    endloop
  endfacet
  facet normal 0 0 0
    outer loop
      vertex 12.0000 6.0000 1.0000
      vertex 12.0000 7.0000 1.0000
      vertex 13.0000 7.0000 1.0000
    endloop
  endfacet
  facet normal 0 0 0
    outer loop
      vertex 12.0000 6.0000 0.4000
      vertex 12.0000 6.0000 1.0000
      vertex 13.0000 6.0000 1.0000
    endloop
  endfacet
  facet normal 0 0 0
    outer loop
      vertex 12.0000 6.0000 0.4000
      vertex 13.0000 6.0000 1.0000
      vertex 13.0000 6.0000 0.4000
    endloop
  endfacet
  facet normal 0 0 0
    outer loop
      vertex 13.0000 6.0000 0.4000
      vertex 13.0000 6.0000 1.0000
      vertex 13.0000 7.0000 1.0000
    endloop
  endfacet
  facet normal 0 0 0
    outer loop
      vertex 13.0000 6.0000 0.4000
      vertex 13.0000 7.0000 1.0000
      vertex 13.0000 7.0000 0.4000
    endloop
  endfacet
  facet normal 0 0 0
    outer loop
      vertex 13.0000 7.0000 0.4000
      vertex 13.0000 7.0000 1.0000
      vertex 12.0000 7.0000 1.0000
    endloop
  endfacet
  facet normal 0 0 0
    outer loop
      vertex 13.0000 7.0000 0.4000
      vertex 12.0000 7.0000 1.0000
      vertex 12.0000 7.0000 0.4000
    endloop
  endfacet
  facet normal 0 0 0
    outer loop
      vertex 12.0000 7.0000 0.4000
      vertex 12.0000 7.0000 1.0000
      vertex 12.0000 6.0000 1.0000
    endloop
  endfacet
  facet normal 0 0 0
    outer loop
      vertex 12.0000 7.0000 0.4000
      vertex 12.0000 6.0000 1.0000
      vertex 12.0000 6.0000 0.4000
    endloop
  endfacet
  facet normal 0 0 0
    outer loop
      vertex 13.0000 6.0000 0.4000
      vertex 14.0000 6.0000 0.4000
      vertex 14.0000 7.0000 0.4000
    endloop
  endfacet
  facet normal 0 0 0
    outer loop
      vertex 13.0000 6.0000 0.4000
      vertex 14.0000 7.0000 0.4000
      vertex 13.0000 7.0000 0.4000
    endloop
  endfacet
  facet normal 0 0 0
    outer loop
      vertex 13.0000 6.0000 1.0000
      vertex 14.0000 7.0000 1.0000
      vertex 14.0000 6.0000 1.0000
    endloop
  endfacet
  facet normal 0 0 0
    outer loop
      vertex 13.0000 6.0000 1.0000
      vertex 13.0000 7.0000 1.0000
      vertex 14.0000 7.0000 1.0000
    endloop
  endfacet
  facet normal 0 0 0
    outer loop
      vertex 13.0000 6.0000 0.4000
      vertex 13.0000 6.0000 1.0000
      vertex 14.0000 6.0000 1.0000
    endloop
  endfacet
  facet normal 0 0 0
    outer loop
      vertex 13.0000 6.0000 0.4000
      vertex 14.0000 6.0000 1.0000
      vertex 14.0000 6.0000 0.4000
    endloop
  endfacet
  facet normal 0 0 0
    outer loop
      vertex 14.0000 6.0000 0.4000
      vertex 14.0000 6.0000 1.0000
      vertex 14.0000 7.0000 1.0000
    endloop
  endfacet
  facet normal 0 0 0
    outer loop
      vertex 14.0000 6.0000 0.4000
      vertex 14.0000 7.0000 1.0000
      vertex 14.0000 7.0000 0.4000
    endloop
  endfacet
  facet normal 0 0 0
    outer loop
      vertex 14.0000 7.0000 0.4000
      vertex 14.0000 7.0000 1.0000
      vertex 13.0000 7.0000 1.0000
    endloop
  endfacet
  facet normal 0 0 0
    outer loop
      vertex 14.0000 7.0000 0.4000
      vertex 13.0000 7.0000 1.0000
      vertex 13.0000 7.0000 0.4000
    endloop
  endfacet
  facet normal 0 0 0
    outer loop
      vertex 13.0000 7.0000 0.4000
      vertex 13.0000 7.0000 1.0000
      vertex 13.0000 6.0000 1.0000
    endloop
  endfacet
  facet normal 0 0 0
    outer loop
      vertex 13.0000 7.0000 0.4000
      vertex 13.0000 6.0000 1.0000
      vertex 13.0000 6.0000 0.4000
    endloop
  endfacet
  facet normal 0 0 0
    outer loop
      vertex 14.0000 6.0000 0.4000
      vertex 15.0000 6.0000 0.4000
      vertex 15.0000 7.0000 0.4000
    endloop
  endfacet
  facet normal 0 0 0
    outer loop
      vertex 14.0000 6.0000 0.4000
      vertex 15.0000 7.0000 0.4000
      vertex 14.0000 7.0000 0.4000
    endloop
  endfacet
  facet normal 0 0 0
    outer loop
      vertex 14.0000 6.0000 1.0000
      vertex 15.0000 7.0000 1.0000
      vertex 15.0000 6.0000 1.0000
    endloop
  endfacet
  facet normal 0 0 0
    outer loop
      vertex 14.0000 6.0000 1.0000
      vertex 14.0000 7.0000 1.0000
      vertex 15.0000 7.0000 1.0000
    endloop
  endfacet
  facet normal 0 0 0
    outer loop
      vertex 14.0000 6.0000 0.4000
      vertex 14.0000 6.0000 1.0000
      vertex 15.0000 6.0000 1.0000
    endloop
  endfacet
  facet normal 0 0 0
    outer loop
      vertex 14.0000 6.0000 0.4000
      vertex 15.0000 6.0000 1.0000
      vertex 15.0000 6.0000 0.4000
    endloop
  endfacet
  facet normal 0 0 0
    outer loop
      vertex 15.0000 6.0000 0.4000
      vertex 15.0000 6.0000 1.0000
      vertex 15.0000 7.0000 1.0000
    endloop
  endfacet
  facet normal 0 0 0
    outer loop
      vertex 15.0000 6.0000 0.4000
      vertex 15.0000 7.0000 1.0000
      vertex 15.0000 7.0000 0.4000
    endloop
  endfacet
  facet normal 0 0 0
    outer loop
      vertex 15.0000 7.0000 0.4000
      vertex 15.0000 7.0000 1.0000
      vertex 14.0000 7.0000 1.0000
    endloop
  endfacet
  facet normal 0 0 0
    outer loop
      vertex 15.0000 7.0000 0.4000
      vertex 14.0000 7.0000 1.0000
      vertex 14.0000 7.0000 0.4000
    endloop
  endfacet
  facet normal 0 0 0
    outer loop
      vertex 14.0000 7.0000 0.4000
      vertex 14.0000 7.0000 1.0000
      vertex 14.0000 6.0000 1.0000
    endloop
  endfacet
  facet normal 0 0 0
    outer loop
      vertex 14.0000 7.0000 0.4000
      vertex 14.0000 6.0000 1.0000
      vertex 14.0000 6.0000 0.4000
    endloop
  endfacet
  facet normal 0 0 0
    outer loop
      vertex 15.0000 6.0000 0.4000
      vertex 16.0000 6.0000 0.4000
      vertex 16.0000 7.0000 0.4000
    endloop
  endfacet
  facet normal 0 0 0
    outer loop
      vertex 15.0000 6.0000 0.4000
      vertex 16.0000 7.0000 0.4000
      vertex 15.0000 7.0000 0.4000
    endloop
  endfacet
  facet normal 0 0 0
    outer loop
      vertex 15.0000 6.0000 1.0000
      vertex 16.0000 7.0000 1.0000
      vertex 16.0000 6.0000 1.0000
    endloop
  endfacet
  facet normal 0 0 0
    outer loop
      vertex 15.0000 6.0000 1.0000
      vertex 15.0000 7.0000 1.0000
      vertex 16.0000 7.0000 1.0000
    endloop
  endfacet
  facet normal 0 0 0
    outer loop
      vertex 15.0000 6.0000 0.4000
      vertex 15.0000 6.0000 1.0000
      vertex 16.0000 6.0000 1.0000
    endloop
  endfacet
  facet normal 0 0 0
    outer loop
      vertex 15.0000 6.0000 0.4000
      vertex 16.0000 6.0000 1.0000
      vertex 16.0000 6.0000 0.4000
    endloop
  endfacet
  facet normal 0 0 0
    outer loop
      vertex 16.0000 6.0000 0.4000
      vertex 16.0000 6.0000 1.0000
      vertex 16.0000 7.0000 1.0000
    endloop
  endfacet
  facet normal 0 0 0
    outer loop
      vertex 16.0000 6.0000 0.4000
      vertex 16.0000 7.0000 1.0000
      vertex 16.0000 7.0000 0.4000
    endloop
  endfacet
  facet normal 0 0 0
    outer loop
      vertex 16.0000 7.0000 0.4000
      vertex 16.0000 7.0000 1.0000
      vertex 15.0000 7.0000 1.0000
    endloop
  endfacet
  facet normal 0 0 0
    outer loop
      vertex 16.0000 7.0000 0.4000
      vertex 15.0000 7.0000 1.0000
      vertex 15.0000 7.0000 0.4000
    endloop
  endfacet
  facet normal 0 0 0
    outer loop
      vertex 15.0000 7.0000 0.4000
      vertex 15.0000 7.0000 1.0000
      vertex 15.0000 6.0000 1.0000
    endloop
  endfacet
  facet normal 0 0 0
    outer loop
      vertex 15.0000 7.0000 0.4000
      vertex 15.0000 6.0000 1.0000
      vertex 15.0000 6.0000 0.4000
    endloop
  endfacet
  facet normal 0 0 0
    outer loop
      vertex 16.0000 6.0000 0.4000
      vertex 17.0000 6.0000 0.4000
      vertex 17.0000 7.0000 0.4000
    endloop
  endfacet
  facet normal 0 0 0
    outer loop
      vertex 16.0000 6.0000 0.4000
      vertex 17.0000 7.0000 0.4000
      vertex 16.0000 7.0000 0.4000
    endloop
  endfacet
  facet normal 0 0 0
    outer loop
      vertex 16.0000 6.0000 1.0000
      vertex 17.0000 7.0000 1.0000
      vertex 17.0000 6.0000 1.0000
    endloop
  endfacet
  facet normal 0 0 0
    outer loop
      vertex 16.0000 6.0000 1.0000
      vertex 16.0000 7.0000 1.0000
      vertex 17.0000 7.0000 1.0000
    endloop
  endfacet
  facet normal 0 0 0
    outer loop
      vertex 16.0000 6.0000 0.4000
      vertex 16.0000 6.0000 1.0000
      vertex 17.0000 6.0000 1.0000
    endloop
  endfacet
  facet normal 0 0 0
    outer loop
      vertex 16.0000 6.0000 0.4000
      vertex 17.0000 6.0000 1.0000
      vertex 17.0000 6.0000 0.4000
    endloop
  endfacet
  facet normal 0 0 0
    outer loop
      vertex 17.0000 6.0000 0.4000
      vertex 17.0000 6.0000 1.0000
      vertex 17.0000 7.0000 1.0000
    endloop
  endfacet
  facet normal 0 0 0
    outer loop
      vertex 17.0000 6.0000 0.4000
      vertex 17.0000 7.0000 1.0000
      vertex 17.0000 7.0000 0.4000
    endloop
  endfacet
  facet normal 0 0 0
    outer loop
      vertex 17.0000 7.0000 0.4000
      vertex 17.0000 7.0000 1.0000
      vertex 16.0000 7.0000 1.0000
    endloop
  endfacet
  facet normal 0 0 0
    outer loop
      vertex 17.0000 7.0000 0.4000
      vertex 16.0000 7.0000 1.0000
      vertex 16.0000 7.0000 0.4000
    endloop
  endfacet
  facet normal 0 0 0
    outer loop
      vertex 16.0000 7.0000 0.4000
      vertex 16.0000 7.0000 1.0000
      vertex 16.0000 6.0000 1.0000
    endloop
  endfacet
  facet normal 0 0 0
    outer loop
      vertex 16.0000 7.0000 0.4000
      vertex 16.0000 6.0000 1.0000
      vertex 16.0000 6.0000 0.4000
    endloop
  endfacet
  facet normal 0 0 0
    outer loop
      vertex 18.0000 6.0000 0.4000
      vertex 19.0000 6.0000 0.4000
      vertex 19.0000 7.0000 0.4000
    endloop
  endfacet
  facet normal 0 0 0
    outer loop
      vertex 18.0000 6.0000 0.4000
      vertex 19.0000 7.0000 0.4000
      vertex 18.0000 7.0000 0.4000
    endloop
  endfacet
  facet normal 0 0 0
    outer loop
      vertex 18.0000 6.0000 1.0000
      vertex 19.0000 7.0000 1.0000
      vertex 19.0000 6.0000 1.0000
    endloop
  endfacet
  facet normal 0 0 0
    outer loop
      vertex 18.0000 6.0000 1.0000
      vertex 18.0000 7.0000 1.0000
      vertex 19.0000 7.0000 1.0000
    endloop
  endfacet
  facet normal 0 0 0
    outer loop
      vertex 18.0000 6.0000 0.4000
      vertex 18.0000 6.0000 1.0000
      vertex 19.0000 6.0000 1.0000
    endloop
  endfacet
  facet normal 0 0 0
    outer loop
      vertex 18.0000 6.0000 0.4000
      vertex 19.0000 6.0000 1.0000
      vertex 19.0000 6.0000 0.4000
    endloop
  endfacet
  facet normal 0 0 0
    outer loop
      vertex 19.0000 6.0000 0.4000
      vertex 19.0000 6.0000 1.0000
      vertex 19.0000 7.0000 1.0000
    endloop
  endfacet
  facet normal 0 0 0
    outer loop
      vertex 19.0000 6.0000 0.4000
      vertex 19.0000 7.0000 1.0000
      vertex 19.0000 7.0000 0.4000
    endloop
  endfacet
  facet normal 0 0 0
    outer loop
      vertex 19.0000 7.0000 0.4000
      vertex 19.0000 7.0000 1.0000
      vertex 18.0000 7.0000 1.0000
    endloop
  endfacet
  facet normal 0 0 0
    outer loop
      vertex 19.0000 7.0000 0.4000
      vertex 18.0000 7.0000 1.0000
      vertex 18.0000 7.0000 0.4000
    endloop
  endfacet
  facet normal 0 0 0
    outer loop
      vertex 18.0000 7.0000 0.4000
      vertex 18.0000 7.0000 1.0000
      vertex 18.0000 6.0000 1.0000
    endloop
  endfacet
  facet normal 0 0 0
    outer loop
      vertex 18.0000 7.0000 0.4000
      vertex 18.0000 6.0000 1.0000
      vertex 18.0000 6.0000 0.4000
    endloop
  endfacet
  facet normal 0 0 0
    outer loop
      vertex 20.0000 6.0000 0.4000
      vertex 21.0000 6.0000 0.4000
      vertex 21.0000 7.0000 0.4000
    endloop
  endfacet
  facet normal 0 0 0
    outer loop
      vertex 20.0000 6.0000 0.4000
      vertex 21.0000 7.0000 0.4000
      vertex 20.0000 7.0000 0.4000
    endloop
  endfacet
  facet normal 0 0 0
    outer loop
      vertex 20.0000 6.0000 1.0000
      vertex 21.0000 7.0000 1.0000
      vertex 21.0000 6.0000 1.0000
    endloop
  endfacet
  facet normal 0 0 0
    outer loop
      vertex 20.0000 6.0000 1.0000
      vertex 20.0000 7.0000 1.0000
      vertex 21.0000 7.0000 1.0000
    endloop
  endfacet
  facet normal 0 0 0
    outer loop
      vertex 20.0000 6.0000 0.4000
      vertex 20.0000 6.0000 1.0000
      vertex 21.0000 6.0000 1.0000
    endloop
  endfacet
  facet normal 0 0 0
    outer loop
      vertex 20.0000 6.0000 0.4000
      vertex 21.0000 6.0000 1.0000
      vertex 21.0000 6.0000 0.4000
    endloop
  endfacet
  facet normal 0 0 0
    outer loop
      vertex 21.0000 6.0000 0.4000
      vertex 21.0000 6.0000 1.0000
      vertex 21.0000 7.0000 1.0000
    endloop
  endfacet
  facet normal 0 0 0
    outer loop
      vertex 21.0000 6.0000 0.4000
      vertex 21.0000 7.0000 1.0000
      vertex 21.0000 7.0000 0.4000
    endloop
  endfacet
  facet normal 0 0 0
    outer loop
      vertex 21.0000 7.0000 0.4000
      vertex 21.0000 7.0000 1.0000
      vertex 20.0000 7.0000 1.0000
    endloop
  endfacet
  facet normal 0 0 0
    outer loop
      vertex 21.0000 7.0000 0.4000
      vertex 20.0000 7.0000 1.0000
      vertex 20.0000 7.0000 0.4000
    endloop
  endfacet
  facet normal 0 0 0
    outer loop
      vertex 20.0000 7.0000 0.4000
      vertex 20.0000 7.0000 1.0000
      vertex 20.0000 6.0000 1.0000
    endloop
  endfacet
  facet normal 0 0 0
    outer loop
      vertex 20.0000 7.0000 0.4000
      vertex 20.0000 6.0000 1.0000
      vertex 20.0000 6.0000 0.4000
    endloop
  endfacet
  facet normal 0 0 0
    outer loop
      vertex 21.0000 6.0000 0.4000
      vertex 22.0000 6.0000 0.4000
      vertex 22.0000 7.0000 0.4000
    endloop
  endfacet
  facet normal 0 0 0
    outer loop
      vertex 21.0000 6.0000 0.4000
      vertex 22.0000 7.0000 0.4000
      vertex 21.0000 7.0000 0.4000
    endloop
  endfacet
  facet normal 0 0 0
    outer loop
      vertex 21.0000 6.0000 1.0000
      vertex 22.0000 7.0000 1.0000
      vertex 22.0000 6.0000 1.0000
    endloop
  endfacet
  facet normal 0 0 0
    outer loop
      vertex 21.0000 6.0000 1.0000
      vertex 21.0000 7.0000 1.0000
      vertex 22.0000 7.0000 1.0000
    endloop
  endfacet
  facet normal 0 0 0
    outer loop
      vertex 21.0000 6.0000 0.4000
      vertex 21.0000 6.0000 1.0000
      vertex 22.0000 6.0000 1.0000
    endloop
  endfacet
  facet normal 0 0 0
    outer loop
      vertex 21.0000 6.0000 0.4000
      vertex 22.0000 6.0000 1.0000
      vertex 22.0000 6.0000 0.4000
    endloop
  endfacet
  facet normal 0 0 0
    outer loop
      vertex 22.0000 6.0000 0.4000
      vertex 22.0000 6.0000 1.0000
      vertex 22.0000 7.0000 1.0000
    endloop
  endfacet
  facet normal 0 0 0
    outer loop
      vertex 22.0000 6.0000 0.4000
      vertex 22.0000 7.0000 1.0000
      vertex 22.0000 7.0000 0.4000
    endloop
  endfacet
  facet normal 0 0 0
    outer loop
      vertex 22.0000 7.0000 0.4000
      vertex 22.0000 7.0000 1.0000
      vertex 21.0000 7.0000 1.0000
    endloop
  endfacet
  facet normal 0 0 0
    outer loop
      vertex 22.0000 7.0000 0.4000
      vertex 21.0000 7.0000 1.0000
      vertex 21.0000 7.0000 0.4000
    endloop
  endfacet
  facet normal 0 0 0
    outer loop
      vertex 21.0000 7.0000 0.4000
      vertex 21.0000 7.0000 1.0000
      vertex 21.0000 6.0000 1.0000
    endloop
  endfacet
  facet normal 0 0 0
    outer loop
      vertex 21.0000 7.0000 0.4000
      vertex 21.0000 6.0000 1.0000
      vertex 21.0000 6.0000 0.4000
    endloop
  endfacet
  facet normal 0 0 0
    outer loop
      vertex 22.0000 6.0000 0.4000
      vertex 23.0000 6.0000 0.4000
      vertex 23.0000 7.0000 0.4000
    endloop
  endfacet
  facet normal 0 0 0
    outer loop
      vertex 22.0000 6.0000 0.4000
      vertex 23.0000 7.0000 0.4000
      vertex 22.0000 7.0000 0.4000
    endloop
  endfacet
  facet normal 0 0 0
    outer loop
      vertex 22.0000 6.0000 1.0000
      vertex 23.0000 7.0000 1.0000
      vertex 23.0000 6.0000 1.0000
    endloop
  endfacet
  facet normal 0 0 0
    outer loop
      vertex 22.0000 6.0000 1.0000
      vertex 22.0000 7.0000 1.0000
      vertex 23.0000 7.0000 1.0000
    endloop
  endfacet
  facet normal 0 0 0
    outer loop
      vertex 22.0000 6.0000 0.4000
      vertex 22.0000 6.0000 1.0000
      vertex 23.0000 6.0000 1.0000
    endloop
  endfacet
  facet normal 0 0 0
    outer loop
      vertex 22.0000 6.0000 0.4000
      vertex 23.0000 6.0000 1.0000
      vertex 23.0000 6.0000 0.4000
    endloop
  endfacet
  facet normal 0 0 0
    outer loop
      vertex 23.0000 6.0000 0.4000
      vertex 23.0000 6.0000 1.0000
      vertex 23.0000 7.0000 1.0000
    endloop
  endfacet
  facet normal 0 0 0
    outer loop
      vertex 23.0000 6.0000 0.4000
      vertex 23.0000 7.0000 1.0000
      vertex 23.0000 7.0000 0.4000
    endloop
  endfacet
  facet normal 0 0 0
    outer loop
      vertex 23.0000 7.0000 0.4000
      vertex 23.0000 7.0000 1.0000
      vertex 22.0000 7.0000 1.0000
    endloop
  endfacet
  facet normal 0 0 0
    outer loop
      vertex 23.0000 7.0000 0.4000
      vertex 22.0000 7.0000 1.0000
      vertex 22.0000 7.0000 0.4000
    endloop
  endfacet
  facet normal 0 0 0
    outer loop
      vertex 22.0000 7.0000 0.4000
      vertex 22.0000 7.0000 1.0000
      vertex 22.0000 6.0000 1.0000
    endloop
  endfacet
  facet normal 0 0 0
    outer loop
      vertex 22.0000 7.0000 0.4000
      vertex 22.0000 6.0000 1.0000
      vertex 22.0000 6.0000 0.4000
    endloop
  endfacet
  facet normal 0 0 0
    outer loop
      vertex 23.0000 6.0000 0.4000
      vertex 24.0000 6.0000 0.4000
      vertex 24.0000 7.0000 0.4000
    endloop
  endfacet
  facet normal 0 0 0
    outer loop
      vertex 23.0000 6.0000 0.4000
      vertex 24.0000 7.0000 0.4000
      vertex 23.0000 7.0000 0.4000
    endloop
  endfacet
  facet normal 0 0 0
    outer loop
      vertex 23.0000 6.0000 1.0000
      vertex 24.0000 7.0000 1.0000
      vertex 24.0000 6.0000 1.0000
    endloop
  endfacet
  facet normal 0 0 0
    outer loop
      vertex 23.0000 6.0000 1.0000
      vertex 23.0000 7.0000 1.0000
      vertex 24.0000 7.0000 1.0000
    endloop
  endfacet
  facet normal 0 0 0
    outer loop
      vertex 23.0000 6.0000 0.4000
      vertex 23.0000 6.0000 1.0000
      vertex 24.0000 6.0000 1.0000
    endloop
  endfacet
  facet normal 0 0 0
    outer loop
      vertex 23.0000 6.0000 0.4000
      vertex 24.0000 6.0000 1.0000
      vertex 24.0000 6.0000 0.4000
    endloop
  endfacet
  facet normal 0 0 0
    outer loop
      vertex 24.0000 6.0000 0.4000
      vertex 24.0000 6.0000 1.0000
      vertex 24.0000 7.0000 1.0000
    endloop
  endfacet
  facet normal 0 0 0
    outer loop
      vertex 24.0000 6.0000 0.4000
      vertex 24.0000 7.0000 1.0000
      vertex 24.0000 7.0000 0.4000
    endloop
  endfacet
  facet normal 0 0 0
    outer loop
      vertex 24.0000 7.0000 0.4000
      vertex 24.0000 7.0000 1.0000
      vertex 23.0000 7.0000 1.0000
    endloop
  endfacet
  facet normal 0 0 0
    outer loop
      vertex 24.0000 7.0000 0.4000
      vertex 23.0000 7.0000 1.0000
      vertex 23.0000 7.0000 0.4000
    endloop
  endfacet
  facet normal 0 0 0
    outer loop
      vertex 23.0000 7.0000 0.4000
      vertex 23.0000 7.0000 1.0000
      vertex 23.0000 6.0000 1.0000
    endloop
  endfacet
  facet normal 0 0 0
    outer loop
      vertex 23.0000 7.0000 0.4000
      vertex 23.0000 6.0000 1.0000
      vertex 23.0000 6.0000 0.4000
    endloop
  endfacet
  facet normal 0 0 0
    outer loop
      vertex 24.0000 6.0000 0.4000
      vertex 25.0000 6.0000 0.4000
      vertex 25.0000 7.0000 0.4000
    endloop
  endfacet
  facet normal 0 0 0
    outer loop
      vertex 24.0000 6.0000 0.4000
      vertex 25.0000 7.0000 0.4000
      vertex 24.0000 7.0000 0.4000
    endloop
  endfacet
  facet normal 0 0 0
    outer loop
      vertex 24.0000 6.0000 1.0000
      vertex 25.0000 7.0000 1.0000
      vertex 25.0000 6.0000 1.0000
    endloop
  endfacet
  facet normal 0 0 0
    outer loop
      vertex 24.0000 6.0000 1.0000
      vertex 24.0000 7.0000 1.0000
      vertex 25.0000 7.0000 1.0000
    endloop
  endfacet
  facet normal 0 0 0
    outer loop
      vertex 24.0000 6.0000 0.4000
      vertex 24.0000 6.0000 1.0000
      vertex 25.0000 6.0000 1.0000
    endloop
  endfacet
  facet normal 0 0 0
    outer loop
      vertex 24.0000 6.0000 0.4000
      vertex 25.0000 6.0000 1.0000
      vertex 25.0000 6.0000 0.4000
    endloop
  endfacet
  facet normal 0 0 0
    outer loop
      vertex 25.0000 6.0000 0.4000
      vertex 25.0000 6.0000 1.0000
      vertex 25.0000 7.0000 1.0000
    endloop
  endfacet
  facet normal 0 0 0
    outer loop
      vertex 25.0000 6.0000 0.4000
      vertex 25.0000 7.0000 1.0000
      vertex 25.0000 7.0000 0.4000
    endloop
  endfacet
  facet normal 0 0 0
    outer loop
      vertex 25.0000 7.0000 0.4000
      vertex 25.0000 7.0000 1.0000
      vertex 24.0000 7.0000 1.0000
    endloop
  endfacet
  facet normal 0 0 0
    outer loop
      vertex 25.0000 7.0000 0.4000
      vertex 24.0000 7.0000 1.0000
      vertex 24.0000 7.0000 0.4000
    endloop
  endfacet
  facet normal 0 0 0
    outer loop
      vertex 24.0000 7.0000 0.4000
      vertex 24.0000 7.0000 1.0000
      vertex 24.0000 6.0000 1.0000
    endloop
  endfacet
  facet normal 0 0 0
    outer loop
      vertex 24.0000 7.0000 0.4000
      vertex 24.0000 6.0000 1.0000
      vertex 24.0000 6.0000 0.4000
    endloop
  endfacet
  facet normal 0 0 0
    outer loop
      vertex 4.0000 5.0000 0.4000
      vertex 5.0000 5.0000 0.4000
      vertex 5.0000 6.0000 0.4000
    endloop
  endfacet
  facet normal 0 0 0
    outer loop
      vertex 4.0000 5.0000 0.4000
      vertex 5.0000 6.0000 0.4000
      vertex 4.0000 6.0000 0.4000
    endloop
  endfacet
  facet normal 0 0 0
    outer loop
      vertex 4.0000 5.0000 1.0000
      vertex 5.0000 6.0000 1.0000
      vertex 5.0000 5.0000 1.0000
    endloop
  endfacet
  facet normal 0 0 0
    outer loop
      vertex 4.0000 5.0000 1.0000
      vertex 4.0000 6.0000 1.0000
      vertex 5.0000 6.0000 1.0000
    endloop
  endfacet
  facet normal 0 0 0
    outer loop
      vertex 4.0000 5.0000 0.4000
      vertex 4.0000 5.0000 1.0000
      vertex 5.0000 5.0000 1.0000
    endloop
  endfacet
  facet normal 0 0 0
    outer loop
      vertex 4.0000 5.0000 0.4000
      vertex 5.0000 5.0000 1.0000
      vertex 5.0000 5.0000 0.4000
    endloop
  endfacet
  facet normal 0 0 0
    outer loop
      vertex 5.0000 5.0000 0.4000
      vertex 5.0000 5.0000 1.0000
      vertex 5.0000 6.0000 1.0000
    endloop
  endfacet
  facet normal 0 0 0
    outer loop
      vertex 5.0000 5.0000 0.4000
      vertex 5.0000 6.0000 1.0000
      vertex 5.0000 6.0000 0.4000
    endloop
  endfacet
  facet normal 0 0 0
    outer loop
      vertex 5.0000 6.0000 0.4000
      vertex 5.0000 6.0000 1.0000
      vertex 4.0000 6.0000 1.0000
    endloop
  endfacet
  facet normal 0 0 0
    outer loop
      vertex 5.0000 6.0000 0.4000
      vertex 4.0000 6.0000 1.0000
      vertex 4.0000 6.0000 0.4000
    endloop
  endfacet
  facet normal 0 0 0
    outer loop
      vertex 4.0000 6.0000 0.4000
      vertex 4.0000 6.0000 1.0000
      vertex 4.0000 5.0000 1.0000
    endloop
  endfacet
  facet normal 0 0 0
    outer loop
      vertex 4.0000 6.0000 0.4000
      vertex 4.0000 5.0000 1.0000
      vertex 4.0000 5.0000 0.4000
    endloop
  endfacet
  facet normal 0 0 0
    outer loop
      vertex 10.0000 5.0000 0.4000
      vertex 11.0000 5.0000 0.4000
      vertex 11.0000 6.0000 0.4000
    endloop
  endfacet
  facet normal 0 0 0
    outer loop
      vertex 10.0000 5.0000 0.4000
      vertex 11.0000 6.0000 0.4000
      vertex 10.0000 6.0000 0.4000
    endloop
  endfacet
  facet normal 0 0 0
    outer loop
      vertex 10.0000 5.0000 1.0000
      vertex 11.0000 6.0000 1.0000
      vertex 11.0000 5.0000 1.0000
    endloop
  endfacet
  facet normal 0 0 0
    outer loop
      vertex 10.0000 5.0000 1.0000
      vertex 10.0000 6.0000 1.0000
      vertex 11.0000 6.0000 1.0000
    endloop
  endfacet
  facet normal 0 0 0
    outer loop
      vertex 10.0000 5.0000 0.4000
      vertex 10.0000 5.0000 1.0000
      vertex 11.0000 5.0000 1.0000
    endloop
  endfacet
  facet normal 0 0 0
    outer loop
      vertex 10.0000 5.0000 0.4000
      vertex 11.0000 5.0000 1.0000
      vertex 11.0000 5.0000 0.4000
    endloop
  endfacet
  facet normal 0 0 0
    outer loop
      vertex 11.0000 5.0000 0.4000
      vertex 11.0000 5.0000 1.0000
      vertex 11.0000 6.0000 1.0000
    endloop
  endfacet
  facet normal 0 0 0
    outer loop
      vertex 11.0000 5.0000 0.4000
      vertex 11.0000 6.0000 1.0000
      vertex 11.0000 6.0000 0.4000
    endloop
  endfacet
  facet normal 0 0 0
    outer loop
      vertex 11.0000 6.0000 0.4000
      vertex 11.0000 6.0000 1.0000
      vertex 10.0000 6.0000 1.0000
    endloop
  endfacet
  facet normal 0 0 0
    outer loop
      vertex 11.0000 6.0000 0.4000
      vertex 10.0000 6.0000 1.0000
      vertex 10.0000 6.0000 0.4000
    endloop
  endfacet
  facet normal 0 0 0
    outer loop
      vertex 10.0000 6.0000 0.4000
      vertex 10.0000 6.0000 1.0000
      vertex 10.0000 5.0000 1.0000
    endloop
  endfacet
  facet normal 0 0 0
    outer loop
      vertex 10.0000 6.0000 0.4000
      vertex 10.0000 5.0000 1.0000
      vertex 10.0000 5.0000 0.4000
    endloop
  endfacet
  facet normal 0 0 0
    outer loop
      vertex 24.0000 5.0000 0.4000
      vertex 25.0000 5.0000 0.4000
      vertex 25.0000 6.0000 0.4000
    endloop
  endfacet
  facet normal 0 0 0
    outer loop
      vertex 24.0000 5.0000 0.4000
      vertex 25.0000 6.0000 0.4000
      vertex 24.0000 6.0000 0.4000
    endloop
  endfacet
  facet normal 0 0 0
    outer loop
      vertex 24.0000 5.0000 1.0000
      vertex 25.0000 6.0000 1.0000
      vertex 25.0000 5.0000 1.0000
    endloop
  endfacet
  facet normal 0 0 0
    outer loop
      vertex 24.0000 5.0000 1.0000
      vertex 24.0000 6.0000 1.0000
      vertex 25.0000 6.0000 1.0000
    endloop
  endfacet
  facet normal 0 0 0
    outer loop
      vertex 24.0000 5.0000 0.4000
      vertex 24.0000 5.0000 1.0000
      vertex 25.0000 5.0000 1.0000
    endloop
  endfacet
  facet normal 0 0 0
    outer loop
      vertex 24.0000 5.0000 0.4000
      vertex 25.0000 5.0000 1.0000
      vertex 25.0000 5.0000 0.4000
    endloop
  endfacet
  facet normal 0 0 0
    outer loop
      vertex 25.0000 5.0000 0.4000
      vertex 25.0000 5.0000 1.0000
      vertex 25.0000 6.0000 1.0000
    endloop
  endfacet
  facet normal 0 0 0
    outer loop
      vertex 25.0000 5.0000 0.4000
      vertex 25.0000 6.0000 1.0000
      vertex 25.0000 6.0000 0.4000
    endloop
  endfacet
  facet normal 0 0 0
    outer loop
      vertex 25.0000 6.0000 0.4000
      vertex 25.0000 6.0000 1.0000
      vertex 24.0000 6.0000 1.0000
    endloop
  endfacet
  facet normal 0 0 0
    outer loop
      vertex 25.0000 6.0000 0.4000
      vertex 24.0000 6.0000 1.0000
      vertex 24.0000 6.0000 0.4000
    endloop
  endfacet
  facet normal 0 0 0
    outer loop
      vertex 24.0000 6.0000 0.4000
      vertex 24.0000 6.0000 1.0000
      vertex 24.0000 5.0000 1.0000
    endloop
  endfacet
  facet normal 0 0 0
    outer loop
      vertex 24.0000 6.0000 0.4000
      vertex 24.0000 5.0000 1.0000
      vertex 24.0000 5.0000 0.4000
    endloop
  endfacet
  facet normal 0 0 0
    outer loop
      vertex 4.0000 4.0000 0.4000
      vertex 5.0000 4.0000 0.4000
      vertex 5.0000 5.0000 0.4000
    endloop
  endfacet
  facet normal 0 0 0
    outer loop
      vertex 4.0000 4.0000 0.4000
      vertex 5.0000 5.0000 0.4000
      vertex 4.0000 5.0000 0.4000
    endloop
  endfacet
  facet normal 0 0 0
    outer loop
      vertex 4.0000 4.0000 1.0000
      vertex 5.0000 5.0000 1.0000
      vertex 5.0000 4.0000 1.0000
    endloop
  endfacet
  facet normal 0 0 0
    outer loop
      vertex 4.0000 4.0000 1.0000
      vertex 4.0000 5.0000 1.0000
      vertex 5.0000 5.0000 1.0000
    endloop
  endfacet
  facet normal 0 0 0
    outer loop
      vertex 4.0000 4.0000 0.4000
      vertex 4.0000 4.0000 1.0000
      vertex 5.0000 4.0000 1.0000
    endloop
  endfacet
  facet normal 0 0 0
    outer loop
      vertex 4.0000 4.0000 0.4000
      vertex 5.0000 4.0000 1.0000
      vertex 5.0000 4.0000 0.4000
    endloop
  endfacet
  facet normal 0 0 0
    outer loop
      vertex 5.0000 4.0000 0.4000
      vertex 5.0000 4.0000 1.0000
      vertex 5.0000 5.0000 1.0000
    endloop
  endfacet
  facet normal 0 0 0
    outer loop
      vertex 5.0000 4.0000 0.4000
      vertex 5.0000 5.0000 1.0000
      vertex 5.0000 5.0000 0.4000
    endloop
  endfacet
  facet normal 0 0 0
    outer loop
      vertex 5.0000 5.0000 0.4000
      vertex 5.0000 5.0000 1.0000
      vertex 4.0000 5.0000 1.0000
    endloop
  endfacet
  facet normal 0 0 0
    outer loop
      vertex 5.0000 5.0000 0.4000
      vertex 4.0000 5.0000 1.0000
      vertex 4.0000 5.0000 0.4000
    endloop
  endfacet
  facet normal 0 0 0
    outer loop
      vertex 4.0000 5.0000 0.4000
      vertex 4.0000 5.0000 1.0000
      vertex 4.0000 4.0000 1.0000
    endloop
  endfacet
  facet normal 0 0 0
    outer loop
      vertex 4.0000 5.0000 0.4000
      vertex 4.0000 4.0000 1.0000
      vertex 4.0000 4.0000 0.4000
    endloop
  endfacet
  facet normal 0 0 0
    outer loop
      vertex 5.0000 4.0000 0.4000
      vertex 6.0000 4.0000 0.4000
      vertex 6.0000 5.0000 0.4000
    endloop
  endfacet
  facet normal 0 0 0
    outer loop
      vertex 5.0000 4.0000 0.4000
      vertex 6.0000 5.0000 0.4000
      vertex 5.0000 5.0000 0.4000
    endloop
  endfacet
  facet normal 0 0 0
    outer loop
      vertex 5.0000 4.0000 1.0000
      vertex 6.0000 5.0000 1.0000
      vertex 6.0000 4.0000 1.0000
    endloop
  endfacet
  facet normal 0 0 0
    outer loop
      vertex 5.0000 4.0000 1.0000
      vertex 5.0000 5.0000 1.0000
      vertex 6.0000 5.0000 1.0000
    endloop
  endfacet
  facet normal 0 0 0
    outer loop
      vertex 5.0000 4.0000 0.4000
      vertex 5.0000 4.0000 1.0000
      vertex 6.0000 4.0000 1.0000
    endloop
  endfacet
  facet normal 0 0 0
    outer loop
      vertex 5.0000 4.0000 0.4000
      vertex 6.0000 4.0000 1.0000
      vertex 6.0000 4.0000 0.4000
    endloop
  endfacet
  facet normal 0 0 0
    outer loop
      vertex 6.0000 4.0000 0.4000
      vertex 6.0000 4.0000 1.0000
      vertex 6.0000 5.0000 1.0000
    endloop
  endfacet
  facet normal 0 0 0
    outer loop
      vertex 6.0000 4.0000 0.4000
      vertex 6.0000 5.0000 1.0000
      vertex 6.0000 5.0000 0.4000
    endloop
  endfacet
  facet normal 0 0 0
    outer loop
      vertex 6.0000 5.0000 0.4000
      vertex 6.0000 5.0000 1.0000
      vertex 5.0000 5.0000 1.0000
    endloop
  endfacet
  facet normal 0 0 0
    outer loop
      vertex 6.0000 5.0000 0.4000
      vertex 5.0000 5.0000 1.0000
      vertex 5.0000 5.0000 0.4000
    endloop
  endfacet
  facet normal 0 0 0
    outer loop
      vertex 5.0000 5.0000 0.4000
      vertex 5.0000 5.0000 1.0000
      vertex 5.0000 4.0000 1.0000
    endloop
  endfacet
  facet normal 0 0 0
    outer loop
      vertex 5.0000 5.0000 0.4000
      vertex 5.0000 4.0000 1.0000
      vertex 5.0000 4.0000 0.4000
    endloop
  endfacet
  facet normal 0 0 0
    outer loop
      vertex 6.0000 4.0000 0.4000
      vertex 7.0000 4.0000 0.4000
      vertex 7.0000 5.0000 0.4000
    endloop
  endfacet
  facet normal 0 0 0
    outer loop
      vertex 6.0000 4.0000 0.4000
      vertex 7.0000 5.0000 0.4000
      vertex 6.0000 5.0000 0.4000
    endloop
  endfacet
  facet normal 0 0 0
    outer loop
      vertex 6.0000 4.0000 1.0000
      vertex 7.0000 5.0000 1.0000
      vertex 7.0000 4.0000 1.0000
    endloop
  endfacet
  facet normal 0 0 0
    outer loop
      vertex 6.0000 4.0000 1.0000
      vertex 6.0000 5.0000 1.0000
      vertex 7.0000 5.0000 1.0000
    endloop
  endfacet
  facet normal 0 0 0
    outer loop
      vertex 6.0000 4.0000 0.4000
      vertex 6.0000 4.0000 1.0000
      vertex 7.0000 4.0000 1.0000
    endloop
  endfacet
  facet normal 0 0 0
    outer loop
      vertex 6.0000 4.0000 0.4000
      vertex 7.0000 4.0000 1.0000
      vertex 7.0000 4.0000 0.4000
    endloop
  endfacet
  facet normal 0 0 0
    outer loop
      vertex 7.0000 4.0000 0.4000
      vertex 7.0000 4.0000 1.0000
      vertex 7.0000 5.0000 1.0000
    endloop
  endfacet
  facet normal 0 0 0
    outer loop
      vertex 7.0000 4.0000 0.4000
      vertex 7.0000 5.0000 1.0000
      vertex 7.0000 5.0000 0.4000
    endloop
  endfacet
  facet normal 0 0 0
    outer loop
      vertex 7.0000 5.0000 0.4000
      vertex 7.0000 5.0000 1.0000
      vertex 6.0000 5.0000 1.0000
    endloop
  endfacet
  facet normal 0 0 0
    outer loop
      vertex 7.0000 5.0000 0.4000
      vertex 6.0000 5.0000 1.0000
      vertex 6.0000 5.0000 0.4000
    endloop
  endfacet
  facet normal 0 0 0
    outer loop
      vertex 6.0000 5.0000 0.4000
      vertex 6.0000 5.0000 1.0000
      vertex 6.0000 4.0000 1.0000
    endloop
  endfacet
  facet normal 0 0 0
    outer loop
      vertex 6.0000 5.0000 0.4000
      vertex 6.0000 4.0000 1.0000
      vertex 6.0000 4.0000 0.4000
    endloop
  endfacet
  facet normal 0 0 0
    outer loop
      vertex 7.0000 4.0000 0.4000
      vertex 8.0000 4.0000 0.4000
      vertex 8.0000 5.0000 0.4000
    endloop
  endfacet
  facet normal 0 0 0
    outer loop
      vertex 7.0000 4.0000 0.4000
      vertex 8.0000 5.0000 0.4000
      vertex 7.0000 5.0000 0.4000
    endloop
  endfacet
  facet normal 0 0 0
    outer loop
      vertex 7.0000 4.0000 1.0000
      vertex 8.0000 5.0000 1.0000
      vertex 8.0000 4.0000 1.0000
    endloop
  endfacet
  facet normal 0 0 0
    outer loop
      vertex 7.0000 4.0000 1.0000
      vertex 7.0000 5.0000 1.0000
      vertex 8.0000 5.0000 1.0000
    endloop
  endfacet
  facet normal 0 0 0
    outer loop
      vertex 7.0000 4.0000 0.4000
      vertex 7.0000 4.0000 1.0000
      vertex 8.0000 4.0000 1.0000
    endloop
  endfacet
  facet normal 0 0 0
    outer loop
      vertex 7.0000 4.0000 0.4000
      vertex 8.0000 4.0000 1.0000
      vertex 8.0000 4.0000 0.4000
    endloop
  endfacet
  facet normal 0 0 0
    outer loop
      vertex 8.0000 4.0000 0.4000
      vertex 8.0000 4.0000 1.0000
      vertex 8.0000 5.0000 1.0000
    endloop
  endfacet
  facet normal 0 0 0
    outer loop
      vertex 8.0000 4.0000 0.4000
      vertex 8.0000 5.0000 1.0000
      vertex 8.0000 5.0000 0.4000
    endloop
  endfacet
  facet normal 0 0 0
    outer loop
      vertex 8.0000 5.0000 0.4000
      vertex 8.0000 5.0000 1.0000
      vertex 7.0000 5.0000 1.0000
    endloop
  endfacet
  facet normal 0 0 0
    outer loop
      vertex 8.0000 5.0000 0.4000
      vertex 7.0000 5.0000 1.0000
      vertex 7.0000 5.0000 0.4000
    endloop
  endfacet
  facet normal 0 0 0
    outer loop
      vertex 7.0000 5.0000 0.4000
      vertex 7.0000 5.0000 1.0000
      vertex 7.0000 4.0000 1.0000
    endloop
  endfacet
  facet normal 0 0 0
    outer loop
      vertex 7.0000 5.0000 0.4000
      vertex 7.0000 4.0000 1.0000
      vertex 7.0000 4.0000 0.4000
    endloop
  endfacet
  facet normal 0 0 0
    outer loop
      vertex 8.0000 4.0000 0.4000
      vertex 9.0000 4.0000 0.4000
      vertex 9.0000 5.0000 0.4000
    endloop
  endfacet
  facet normal 0 0 0
    outer loop
      vertex 8.0000 4.0000 0.4000
      vertex 9.0000 5.0000 0.4000
      vertex 8.0000 5.0000 0.4000
    endloop
  endfacet
  facet normal 0 0 0
    outer loop
      vertex 8.0000 4.0000 1.0000
      vertex 9.0000 5.0000 1.0000
      vertex 9.0000 4.0000 1.0000
    endloop
  endfacet
  facet normal 0 0 0
    outer loop
      vertex 8.0000 4.0000 1.0000
      vertex 8.0000 5.0000 1.0000
      vertex 9.0000 5.0000 1.0000
    endloop
  endfacet
  facet normal 0 0 0
    outer loop
      vertex 8.0000 4.0000 0.4000
      vertex 8.0000 4.0000 1.0000
      vertex 9.0000 4.0000 1.0000
    endloop
  endfacet
  facet normal 0 0 0
    outer loop
      vertex 8.0000 4.0000 0.4000
      vertex 9.0000 4.0000 1.0000
      vertex 9.0000 4.0000 0.4000
    endloop
  endfacet
  facet normal 0 0 0
    outer loop
      vertex 9.0000 4.0000 0.4000
      vertex 9.0000 4.0000 1.0000
      vertex 9.0000 5.0000 1.0000
    endloop
  endfacet
  facet normal 0 0 0
    outer loop
      vertex 9.0000 4.0000 0.4000
      vertex 9.0000 5.0000 1.0000
      vertex 9.0000 5.0000 0.4000
    endloop
  endfacet
  facet normal 0 0 0
    outer loop
      vertex 9.0000 5.0000 0.4000
      vertex 9.0000 5.0000 1.0000
      vertex 8.0000 5.0000 1.0000
    endloop
  endfacet
  facet normal 0 0 0
    outer loop
      vertex 9.0000 5.0000 0.4000
      vertex 8.0000 5.0000 1.0000
      vertex 8.0000 5.0000 0.4000
    endloop
  endfacet
  facet normal 0 0 0
    outer loop
      vertex 8.0000 5.0000 0.4000
      vertex 8.0000 5.0000 1.0000
      vertex 8.0000 4.0000 1.0000
    endloop
  endfacet
  facet normal 0 0 0
    outer loop
      vertex 8.0000 5.0000 0.4000
      vertex 8.0000 4.0000 1.0000
      vertex 8.0000 4.0000 0.4000
    endloop
  endfacet
  facet normal 0 0 0
    outer loop
      vertex 9.0000 4.0000 0.4000
      vertex 10.0000 4.0000 0.4000
      vertex 10.0000 5.0000 0.4000
    endloop
  endfacet
  facet normal 0 0 0
    outer loop
      vertex 9.0000 4.0000 0.4000
      vertex 10.0000 5.0000 0.4000
      vertex 9.0000 5.0000 0.4000
    endloop
  endfacet
  facet normal 0 0 0
    outer loop
      vertex 9.0000 4.0000 1.0000
      vertex 10.0000 5.0000 1.0000
      vertex 10.0000 4.0000 1.0000
    endloop
  endfacet
  facet normal 0 0 0
    outer loop
      vertex 9.0000 4.0000 1.0000
      vertex 9.0000 5.0000 1.0000
      vertex 10.0000 5.0000 1.0000
    endloop
  endfacet
  facet normal 0 0 0
    outer loop
      vertex 9.0000 4.0000 0.4000
      vertex 9.0000 4.0000 1.0000
      vertex 10.0000 4.0000 1.0000
    endloop
  endfacet
  facet normal 0 0 0
    outer loop
      vertex 9.0000 4.0000 0.4000
      vertex 10.0000 4.0000 1.0000
      vertex 10.0000 4.0000 0.4000
    endloop
  endfacet
  facet normal 0 0 0
    outer loop
      vertex 10.0000 4.0000 0.4000
      vertex 10.0000 4.0000 1.0000
      vertex 10.0000 5.0000 1.0000
    endloop
  endfacet
  facet normal 0 0 0
    outer loop
      vertex 10.0000 4.0000 0.4000
      vertex 10.0000 5.0000 1.0000
      vertex 10.0000 5.0000 0.4000
    endloop
  endfacet
  facet normal 0 0 0
    outer loop
      vertex 10.0000 5.0000 0.4000
      vertex 10.0000 5.0000 1.0000
      vertex 9.0000 5.0000 1.0000
    endloop
  endfacet
  facet normal 0 0 0
    outer loop
      vertex 10.0000 5.0000 0.4000
      vertex 9.0000 5.0000 1.0000
      vertex 9.0000 5.0000 0.4000
    endloop
  endfacet
  facet normal 0 0 0
    outer loop
      vertex 9.0000 5.0000 0.4000
      vertex 9.0000 5.0000 1.0000
      vertex 9.0000 4.0000 1.0000
    endloop
  endfacet
  facet normal 0 0 0
    outer loop
      vertex 9.0000 5.0000 0.4000
      vertex 9.0000 4.0000 1.0000
      vertex 9.0000 4.0000 0.4000
    endloop
  endfacet
  facet normal 0 0 0
    outer loop
      vertex 10.0000 4.0000 0.4000
      vertex 11.0000 4.0000 0.4000
      vertex 11.0000 5.0000 0.4000
    endloop
  endfacet
  facet normal 0 0 0
    outer loop
      vertex 10.0000 4.0000 0.4000
      vertex 11.0000 5.0000 0.4000
      vertex 10.0000 5.0000 0.4000
    endloop
  endfacet
  facet normal 0 0 0
    outer loop
      vertex 10.0000 4.0000 1.0000
      vertex 11.0000 5.0000 1.0000
      vertex 11.0000 4.0000 1.0000
    endloop
  endfacet
  facet normal 0 0 0
    outer loop
      vertex 10.0000 4.0000 1.0000
      vertex 10.0000 5.0000 1.0000
      vertex 11.0000 5.0000 1.0000
    endloop
  endfacet
  facet normal 0 0 0
    outer loop
      vertex 10.0000 4.0000 0.4000
      vertex 10.0000 4.0000 1.0000
      vertex 11.0000 4.0000 1.0000
    endloop
  endfacet
  facet normal 0 0 0
    outer loop
      vertex 10.0000 4.0000 0.4000
      vertex 11.0000 4.0000 1.0000
      vertex 11.0000 4.0000 0.4000
    endloop
  endfacet
  facet normal 0 0 0
    outer loop
      vertex 11.0000 4.0000 0.4000
      vertex 11.0000 4.0000 1.0000
      vertex 11.0000 5.0000 1.0000
    endloop
  endfacet
  facet normal 0 0 0
    outer loop
      vertex 11.0000 4.0000 0.4000
      vertex 11.0000 5.0000 1.0000
      vertex 11.0000 5.0000 0.4000
    endloop
  endfacet
  facet normal 0 0 0
    outer loop
      vertex 11.0000 5.0000 0.4000
      vertex 11.0000 5.0000 1.0000
      vertex 10.0000 5.0000 1.0000
    endloop
  endfacet
  facet normal 0 0 0
    outer loop
      vertex 11.0000 5.0000 0.4000
      vertex 10.0000 5.0000 1.0000
      vertex 10.0000 5.0000 0.4000
    endloop
  endfacet
  facet normal 0 0 0
    outer loop
      vertex 10.0000 5.0000 0.4000
      vertex 10.0000 5.0000 1.0000
      vertex 10.0000 4.0000 1.0000
    endloop
  endfacet
  facet normal 0 0 0
    outer loop
      vertex 10.0000 5.0000 0.4000
      vertex 10.0000 4.0000 1.0000
      vertex 10.0000 4.0000 0.4000
    endloop
  endfacet
  facet normal 0 0 0
    outer loop
      vertex 12.0000 4.0000 0.4000
      vertex 13.0000 4.0000 0.4000
      vertex 13.0000 5.0000 0.4000
    endloop
  endfacet
  facet normal 0 0 0
    outer loop
      vertex 12.0000 4.0000 0.4000
      vertex 13.0000 5.0000 0.4000
      vertex 12.0000 5.0000 0.4000
    endloop
  endfacet
  facet normal 0 0 0
    outer loop
      vertex 12.0000 4.0000 1.0000
      vertex 13.0000 5.0000 1.0000
      vertex 13.0000 4.0000 1.0000
    endloop
  endfacet
  facet normal 0 0 0
    outer loop
      vertex 12.0000 4.0000 1.0000
      vertex 12.0000 5.0000 1.0000
      vertex 13.0000 5.0000 1.0000
    endloop
  endfacet
  facet normal 0 0 0
    outer loop
      vertex 12.0000 4.0000 0.4000
      vertex 12.0000 4.0000 1.0000
      vertex 13.0000 4.0000 1.0000
    endloop
  endfacet
  facet normal 0 0 0
    outer loop
      vertex 12.0000 4.0000 0.4000
      vertex 13.0000 4.0000 1.0000
      vertex 13.0000 4.0000 0.4000
    endloop
  endfacet
  facet normal 0 0 0
    outer loop
      vertex 13.0000 4.0000 0.4000
      vertex 13.0000 4.0000 1.0000
      vertex 13.0000 5.0000 1.0000
    endloop
  endfacet
  facet normal 0 0 0
    outer loop
      vertex 13.0000 4.0000 0.4000
      vertex 13.0000 5.0000 1.0000
      vertex 13.0000 5.0000 0.4000
    endloop
  endfacet
  facet normal 0 0 0
    outer loop
      vertex 13.0000 5.0000 0.4000
      vertex 13.0000 5.0000 1.0000
      vertex 12.0000 5.0000 1.0000
    endloop
  endfacet
  facet normal 0 0 0
    outer loop
      vertex 13.0000 5.0000 0.4000
      vertex 12.0000 5.0000 1.0000
      vertex 12.0000 5.0000 0.4000
    endloop
  endfacet
  facet normal 0 0 0
    outer loop
      vertex 12.0000 5.0000 0.4000
      vertex 12.0000 5.0000 1.0000
      vertex 12.0000 4.0000 1.0000
    endloop
  endfacet
  facet normal 0 0 0
    outer loop
      vertex 12.0000 5.0000 0.4000
      vertex 12.0000 4.0000 1.0000
      vertex 12.0000 4.0000 0.4000
    endloop
  endfacet
  facet normal 0 0 0
    outer loop
      vertex 13.0000 4.0000 0.4000
      vertex 14.0000 4.0000 0.4000
      vertex 14.0000 5.0000 0.4000
    endloop
  endfacet
  facet normal 0 0 0
    outer loop
      vertex 13.0000 4.0000 0.4000
      vertex 14.0000 5.0000 0.4000
      vertex 13.0000 5.0000 0.4000
    endloop
  endfacet
  facet normal 0 0 0
    outer loop
      vertex 13.0000 4.0000 1.0000
      vertex 14.0000 5.0000 1.0000
      vertex 14.0000 4.0000 1.0000
    endloop
  endfacet
  facet normal 0 0 0
    outer loop
      vertex 13.0000 4.0000 1.0000
      vertex 13.0000 5.0000 1.0000
      vertex 14.0000 5.0000 1.0000
    endloop
  endfacet
  facet normal 0 0 0
    outer loop
      vertex 13.0000 4.0000 0.4000
      vertex 13.0000 4.0000 1.0000
      vertex 14.0000 4.0000 1.0000
    endloop
  endfacet
  facet normal 0 0 0
    outer loop
      vertex 13.0000 4.0000 0.4000
      vertex 14.0000 4.0000 1.0000
      vertex 14.0000 4.0000 0.4000
    endloop
  endfacet
  facet normal 0 0 0
    outer loop
      vertex 14.0000 4.0000 0.4000
      vertex 14.0000 4.0000 1.0000
      vertex 14.0000 5.0000 1.0000
    endloop
  endfacet
  facet normal 0 0 0
    outer loop
      vertex 14.0000 4.0000 0.4000
      vertex 14.0000 5.0000 1.0000
      vertex 14.0000 5.0000 0.4000
    endloop
  endfacet
  facet normal 0 0 0
    outer loop
      vertex 14.0000 5.0000 0.4000
      vertex 14.0000 5.0000 1.0000
      vertex 13.0000 5.0000 1.0000
    endloop
  endfacet
  facet normal 0 0 0
    outer loop
      vertex 14.0000 5.0000 0.4000
      vertex 13.0000 5.0000 1.0000
      vertex 13.0000 5.0000 0.4000
    endloop
  endfacet
  facet normal 0 0 0
    outer loop
      vertex 13.0000 5.0000 0.4000
      vertex 13.0000 5.0000 1.0000
      vertex 13.0000 4.0000 1.0000
    endloop
  endfacet
  facet normal 0 0 0
    outer loop
      vertex 13.0000 5.0000 0.4000
      vertex 13.0000 4.0000 1.0000
      vertex 13.0000 4.0000 0.4000
    endloop
  endfacet
  facet normal 0 0 0
    outer loop
      vertex 14.0000 4.0000 0.4000
      vertex 15.0000 4.0000 0.4000
      vertex 15.0000 5.0000 0.4000
    endloop
  endfacet
  facet normal 0 0 0
    outer loop
      vertex 14.0000 4.0000 0.4000
      vertex 15.0000 5.0000 0.4000
      vertex 14.0000 5.0000 0.4000
    endloop
  endfacet
  facet normal 0 0 0
    outer loop
      vertex 14.0000 4.0000 1.0000
      vertex 15.0000 5.0000 1.0000
      vertex 15.0000 4.0000 1.0000
    endloop
  endfacet
  facet normal 0 0 0
    outer loop
      vertex 14.0000 4.0000 1.0000
      vertex 14.0000 5.0000 1.0000
      vertex 15.0000 5.0000 1.0000
    endloop
  endfacet
  facet normal 0 0 0
    outer loop
      vertex 14.0000 4.0000 0.4000
      vertex 14.0000 4.0000 1.0000
      vertex 15.0000 4.0000 1.0000
    endloop
  endfacet
  facet normal 0 0 0
    outer loop
      vertex 14.0000 4.0000 0.4000
      vertex 15.0000 4.0000 1.0000
      vertex 15.0000 4.0000 0.4000
    endloop
  endfacet
  facet normal 0 0 0
    outer loop
      vertex 15.0000 4.0000 0.4000
      vertex 15.0000 4.0000 1.0000
      vertex 15.0000 5.0000 1.0000
    endloop
  endfacet
  facet normal 0 0 0
    outer loop
      vertex 15.0000 4.0000 0.4000
      vertex 15.0000 5.0000 1.0000
      vertex 15.0000 5.0000 0.4000
    endloop
  endfacet
  facet normal 0 0 0
    outer loop
      vertex 15.0000 5.0000 0.4000
      vertex 15.0000 5.0000 1.0000
      vertex 14.0000 5.0000 1.0000
    endloop
  endfacet
  facet normal 0 0 0
    outer loop
      vertex 15.0000 5.0000 0.4000
      vertex 14.0000 5.0000 1.0000
      vertex 14.0000 5.0000 0.4000
    endloop
  endfacet
  facet normal 0 0 0
    outer loop
      vertex 14.0000 5.0000 0.4000
      vertex 14.0000 5.0000 1.0000
      vertex 14.0000 4.0000 1.0000
    endloop
  endfacet
  facet normal 0 0 0
    outer loop
      vertex 14.0000 5.0000 0.4000
      vertex 14.0000 4.0000 1.0000
      vertex 14.0000 4.0000 0.4000
    endloop
  endfacet
  facet normal 0 0 0
    outer loop
      vertex 15.0000 4.0000 0.4000
      vertex 16.0000 4.0000 0.4000
      vertex 16.0000 5.0000 0.4000
    endloop
  endfacet
  facet normal 0 0 0
    outer loop
      vertex 15.0000 4.0000 0.4000
      vertex 16.0000 5.0000 0.4000
      vertex 15.0000 5.0000 0.4000
    endloop
  endfacet
  facet normal 0 0 0
    outer loop
      vertex 15.0000 4.0000 1.0000
      vertex 16.0000 5.0000 1.0000
      vertex 16.0000 4.0000 1.0000
    endloop
  endfacet
  facet normal 0 0 0
    outer loop
      vertex 15.0000 4.0000 1.0000
      vertex 15.0000 5.0000 1.0000
      vertex 16.0000 5.0000 1.0000
    endloop
  endfacet
  facet normal 0 0 0
    outer loop
      vertex 15.0000 4.0000 0.4000
      vertex 15.0000 4.0000 1.0000
      vertex 16.0000 4.0000 1.0000
    endloop
  endfacet
  facet normal 0 0 0
    outer loop
      vertex 15.0000 4.0000 0.4000
      vertex 16.0000 4.0000 1.0000
      vertex 16.0000 4.0000 0.4000
    endloop
  endfacet
  facet normal 0 0 0
    outer loop
      vertex 16.0000 4.0000 0.4000
      vertex 16.0000 4.0000 1.0000
      vertex 16.0000 5.0000 1.0000
    endloop
  endfacet
  facet normal 0 0 0
    outer loop
      vertex 16.0000 4.0000 0.4000
      vertex 16.0000 5.0000 1.0000
      vertex 16.0000 5.0000 0.4000
    endloop
  endfacet
  facet normal 0 0 0
    outer loop
      vertex 16.0000 5.0000 0.4000
      vertex 16.0000 5.0000 1.0000
      vertex 15.0000 5.0000 1.0000
    endloop
  endfacet
  facet normal 0 0 0
    outer loop
      vertex 16.0000 5.0000 0.4000
      vertex 15.0000 5.0000 1.0000
      vertex 15.0000 5.0000 0.4000
    endloop
  endfacet
  facet normal 0 0 0
    outer loop
      vertex 15.0000 5.0000 0.4000
      vertex 15.0000 5.0000 1.0000
      vertex 15.0000 4.0000 1.0000
    endloop
  endfacet
  facet normal 0 0 0
    outer loop
      vertex 15.0000 5.0000 0.4000
      vertex 15.0000 4.0000 1.0000
      vertex 15.0000 4.0000 0.4000
    endloop
  endfacet
  facet normal 0 0 0
    outer loop
      vertex 17.0000 4.0000 0.4000
      vertex 18.0000 4.0000 0.4000
      vertex 18.0000 5.0000 0.4000
    endloop
  endfacet
  facet normal 0 0 0
    outer loop
      vertex 17.0000 4.0000 0.4000
      vertex 18.0000 5.0000 0.4000
      vertex 17.0000 5.0000 0.4000
    endloop
  endfacet
  facet normal 0 0 0
    outer loop
      vertex 17.0000 4.0000 1.0000
      vertex 18.0000 5.0000 1.0000
      vertex 18.0000 4.0000 1.0000
    endloop
  endfacet
  facet normal 0 0 0
    outer loop
      vertex 17.0000 4.0000 1.0000
      vertex 17.0000 5.0000 1.0000
      vertex 18.0000 5.0000 1.0000
    endloop
  endfacet
  facet normal 0 0 0
    outer loop
      vertex 17.0000 4.0000 0.4000
      vertex 17.0000 4.0000 1.0000
      vertex 18.0000 4.0000 1.0000
    endloop
  endfacet
  facet normal 0 0 0
    outer loop
      vertex 17.0000 4.0000 0.4000
      vertex 18.0000 4.0000 1.0000
      vertex 18.0000 4.0000 0.4000
    endloop
  endfacet
  facet normal 0 0 0
    outer loop
      vertex 18.0000 4.0000 0.4000
      vertex 18.0000 4.0000 1.0000
      vertex 18.0000 5.0000 1.0000
    endloop
  endfacet
  facet normal 0 0 0
    outer loop
      vertex 18.0000 4.0000 0.4000
      vertex 18.0000 5.0000 1.0000
      vertex 18.0000 5.0000 0.4000
    endloop
  endfacet
  facet normal 0 0 0
    outer loop
      vertex 18.0000 5.0000 0.4000
      vertex 18.0000 5.0000 1.0000
      vertex 17.0000 5.0000 1.0000
    endloop
  endfacet
  facet normal 0 0 0
    outer loop
      vertex 18.0000 5.0000 0.4000
      vertex 17.0000 5.0000 1.0000
      vertex 17.0000 5.0000 0.4000
    endloop
  endfacet
  facet normal 0 0 0
    outer loop
      vertex 17.0000 5.0000 0.4000
      vertex 17.0000 5.0000 1.0000
      vertex 17.0000 4.0000 1.0000
    endloop
  endfacet
  facet normal 0 0 0
    outer loop
      vertex 17.0000 5.0000 0.4000
      vertex 17.0000 4.0000 1.0000
      vertex 17.0000 4.0000 0.4000
    endloop
  endfacet
  facet normal 0 0 0
    outer loop
      vertex 19.0000 4.0000 0.4000
      vertex 20.0000 4.0000 0.4000
      vertex 20.0000 5.0000 0.4000
    endloop
  endfacet
  facet normal 0 0 0
    outer loop
      vertex 19.0000 4.0000 0.4000
      vertex 20.0000 5.0000 0.4000
      vertex 19.0000 5.0000 0.4000
    endloop
  endfacet
  facet normal 0 0 0
    outer loop
      vertex 19.0000 4.0000 1.0000
      vertex 20.0000 5.0000 1.0000
      vertex 20.0000 4.0000 1.0000
    endloop
  endfacet
  facet normal 0 0 0
    outer loop
      vertex 19.0000 4.0000 1.0000
      vertex 19.0000 5.0000 1.0000
      vertex 20.0000 5.0000 1.0000
    endloop
  endfacet
  facet normal 0 0 0
    outer loop
      vertex 19.0000 4.0000 0.4000
      vertex 19.0000 4.0000 1.0000
      vertex 20.0000 4.0000 1.0000
    endloop
  endfacet
  facet normal 0 0 0
    outer loop
      vertex 19.0000 4.0000 0.4000
      vertex 20.0000 4.0000 1.0000
      vertex 20.0000 4.0000 0.4000
    endloop
  endfacet
  facet normal 0 0 0
    outer loop
      vertex 20.0000 4.0000 0.4000
      vertex 20.0000 4.0000 1.0000
      vertex 20.0000 5.0000 1.0000
    endloop
  endfacet
  facet normal 0 0 0
    outer loop
      vertex 20.0000 4.0000 0.4000
      vertex 20.0000 5.0000 1.0000
      vertex 20.0000 5.0000 0.4000
    endloop
  endfacet
  facet normal 0 0 0
    outer loop
      vertex 20.0000 5.0000 0.4000
      vertex 20.0000 5.0000 1.0000
      vertex 19.0000 5.0000 1.0000
    endloop
  endfacet
  facet normal 0 0 0
    outer loop
      vertex 20.0000 5.0000 0.4000
      vertex 19.0000 5.0000 1.0000
      vertex 19.0000 5.0000 0.4000
    endloop
  endfacet
  facet normal 0 0 0
    outer loop
      vertex 19.0000 5.0000 0.4000
      vertex 19.0000 5.0000 1.0000
      vertex 19.0000 4.0000 1.0000
    endloop
  endfacet
  facet normal 0 0 0
    outer loop
      vertex 19.0000 5.0000 0.4000
      vertex 19.0000 4.0000 1.0000
      vertex 19.0000 4.0000 0.4000
    endloop
  endfacet
  facet normal 0 0 0
    outer loop
      vertex 20.0000 4.0000 0.4000
      vertex 21.0000 4.0000 0.4000
      vertex 21.0000 5.0000 0.4000
    endloop
  endfacet
  facet normal 0 0 0
    outer loop
      vertex 20.0000 4.0000 0.4000
      vertex 21.0000 5.0000 0.4000
      vertex 20.0000 5.0000 0.4000
    endloop
  endfacet
  facet normal 0 0 0
    outer loop
      vertex 20.0000 4.0000 1.0000
      vertex 21.0000 5.0000 1.0000
      vertex 21.0000 4.0000 1.0000
    endloop
  endfacet
  facet normal 0 0 0
    outer loop
      vertex 20.0000 4.0000 1.0000
      vertex 20.0000 5.0000 1.0000
      vertex 21.0000 5.0000 1.0000
    endloop
  endfacet
  facet normal 0 0 0
    outer loop
      vertex 20.0000 4.0000 0.4000
      vertex 20.0000 4.0000 1.0000
      vertex 21.0000 4.0000 1.0000
    endloop
  endfacet
  facet normal 0 0 0
    outer loop
      vertex 20.0000 4.0000 0.4000
      vertex 21.0000 4.0000 1.0000
      vertex 21.0000 4.0000 0.4000
    endloop
  endfacet
  facet normal 0 0 0
    outer loop
      vertex 21.0000 4.0000 0.4000
      vertex 21.0000 4.0000 1.0000
      vertex 21.0000 5.0000 1.0000
    endloop
  endfacet
  facet normal 0 0 0
    outer loop
      vertex 21.0000 4.0000 0.4000
      vertex 21.0000 5.0000 1.0000
      vertex 21.0000 5.0000 0.4000
    endloop
  endfacet
  facet normal 0 0 0
    outer loop
      vertex 21.0000 5.0000 0.4000
      vertex 21.0000 5.0000 1.0000
      vertex 20.0000 5.0000 1.0000
    endloop
  endfacet
  facet normal 0 0 0
    outer loop
      vertex 21.0000 5.0000 0.4000
      vertex 20.0000 5.0000 1.0000
      vertex 20.0000 5.0000 0.4000
    endloop
  endfacet
  facet normal 0 0 0
    outer loop
      vertex 20.0000 5.0000 0.4000
      vertex 20.0000 5.0000 1.0000
      vertex 20.0000 4.0000 1.0000
    endloop
  endfacet
  facet normal 0 0 0
    outer loop
      vertex 20.0000 5.0000 0.4000
      vertex 20.0000 4.0000 1.0000
      vertex 20.0000 4.0000 0.4000
    endloop
  endfacet
  facet normal 0 0 0
    outer loop
      vertex 21.0000 4.0000 0.4000
      vertex 22.0000 4.0000 0.4000
      vertex 22.0000 5.0000 0.4000
    endloop
  endfacet
  facet normal 0 0 0
    outer loop
      vertex 21.0000 4.0000 0.4000
      vertex 22.0000 5.0000 0.4000
      vertex 21.0000 5.0000 0.4000
    endloop
  endfacet
  facet normal 0 0 0
    outer loop
      vertex 21.0000 4.0000 1.0000
      vertex 22.0000 5.0000 1.0000
      vertex 22.0000 4.0000 1.0000
    endloop
  endfacet
  facet normal 0 0 0
    outer loop
      vertex 21.0000 4.0000 1.0000
      vertex 21.0000 5.0000 1.0000
      vertex 22.0000 5.0000 1.0000
    endloop
  endfacet
  facet normal 0 0 0
    outer loop
      vertex 21.0000 4.0000 0.4000
      vertex 21.0000 4.0000 1.0000
      vertex 22.0000 4.0000 1.0000
    endloop
  endfacet
  facet normal 0 0 0
    outer loop
      vertex 21.0000 4.0000 0.4000
      vertex 22.0000 4.0000 1.0000
      vertex 22.0000 4.0000 0.4000
    endloop
  endfacet
  facet normal 0 0 0
    outer loop
      vertex 22.0000 4.0000 0.4000
      vertex 22.0000 4.0000 1.0000
      vertex 22.0000 5.0000 1.0000
    endloop
  endfacet
  facet normal 0 0 0
    outer loop
      vertex 22.0000 4.0000 0.4000
      vertex 22.0000 5.0000 1.0000
      vertex 22.0000 5.0000 0.4000
    endloop
  endfacet
  facet normal 0 0 0
    outer loop
      vertex 22.0000 5.0000 0.4000
      vertex 22.0000 5.0000 1.0000
      vertex 21.0000 5.0000 1.0000
    endloop
  endfacet
  facet normal 0 0 0
    outer loop
      vertex 22.0000 5.0000 0.4000
      vertex 21.0000 5.0000 1.0000
      vertex 21.0000 5.0000 0.4000
    endloop
  endfacet
  facet normal 0 0 0
    outer loop
      vertex 21.0000 5.0000 0.4000
      vertex 21.0000 5.0000 1.0000
      vertex 21.0000 4.0000 1.0000
    endloop
  endfacet
  facet normal 0 0 0
    outer loop
      vertex 21.0000 5.0000 0.4000
      vertex 21.0000 4.0000 1.0000
      vertex 21.0000 4.0000 0.4000
    endloop
  endfacet
  facet normal 0 0 0
    outer loop
      vertex 23.0000 4.0000 0.4000
      vertex 24.0000 4.0000 0.4000
      vertex 24.0000 5.0000 0.4000
    endloop
  endfacet
  facet normal 0 0 0
    outer loop
      vertex 23.0000 4.0000 0.4000
      vertex 24.0000 5.0000 0.4000
      vertex 23.0000 5.0000 0.4000
    endloop
  endfacet
  facet normal 0 0 0
    outer loop
      vertex 23.0000 4.0000 1.0000
      vertex 24.0000 5.0000 1.0000
      vertex 24.0000 4.0000 1.0000
    endloop
  endfacet
  facet normal 0 0 0
    outer loop
      vertex 23.0000 4.0000 1.0000
      vertex 23.0000 5.0000 1.0000
      vertex 24.0000 5.0000 1.0000
    endloop
  endfacet
  facet normal 0 0 0
    outer loop
      vertex 23.0000 4.0000 0.4000
      vertex 23.0000 4.0000 1.0000
      vertex 24.0000 4.0000 1.0000
    endloop
  endfacet
  facet normal 0 0 0
    outer loop
      vertex 23.0000 4.0000 0.4000
      vertex 24.0000 4.0000 1.0000
      vertex 24.0000 4.0000 0.4000
    endloop
  endfacet
  facet normal 0 0 0
    outer loop
      vertex 24.0000 4.0000 0.4000
      vertex 24.0000 4.0000 1.0000
      vertex 24.0000 5.0000 1.0000
    endloop
  endfacet
  facet normal 0 0 0
    outer loop
      vertex 24.0000 4.0000 0.4000
      vertex 24.0000 5.0000 1.0000
      vertex 24.0000 5.0000 0.4000
    endloop
  endfacet
  facet normal 0 0 0
    outer loop
      vertex 24.0000 5.0000 0.4000
      vertex 24.0000 5.0000 1.0000
      vertex 23.0000 5.0000 1.0000
    endloop
  endfacet
  facet normal 0 0 0
    outer loop
      vertex 24.0000 5.0000 0.4000
      vertex 23.0000 5.0000 1.0000
      vertex 23.0000 5.0000 0.4000
    endloop
  endfacet
  facet normal 0 0 0
    outer loop
      vertex 23.0000 5.0000 0.4000
      vertex 23.0000 5.0000 1.0000
      vertex 23.0000 4.0000 1.0000
    endloop
  endfacet
  facet normal 0 0 0
    outer loop
      vertex 23.0000 5.0000 0.4000
      vertex 23.0000 4.0000 1.0000
      vertex 23.0000 4.0000 0.4000
    endloop
  endfacet
  facet normal 0 0 0
    outer loop
      vertex 24.0000 4.0000 0.4000
      vertex 25.0000 4.0000 0.4000
      vertex 25.0000 5.0000 0.4000
    endloop
  endfacet
  facet normal 0 0 0
    outer loop
      vertex 24.0000 4.0000 0.4000
      vertex 25.0000 5.0000 0.4000
      vertex 24.0000 5.0000 0.4000
    endloop
  endfacet
  facet normal 0 0 0
    outer loop
      vertex 24.0000 4.0000 1.0000
      vertex 25.0000 5.0000 1.0000
      vertex 25.0000 4.0000 1.0000
    endloop
  endfacet
  facet normal 0 0 0
    outer loop
      vertex 24.0000 4.0000 1.0000
      vertex 24.0000 5.0000 1.0000
      vertex 25.0000 5.0000 1.0000
    endloop
  endfacet
  facet normal 0 0 0
    outer loop
      vertex 24.0000 4.0000 0.4000
      vertex 24.0000 4.0000 1.0000
      vertex 25.0000 4.0000 1.0000
    endloop
  endfacet
  facet normal 0 0 0
    outer loop
      vertex 24.0000 4.0000 0.4000
      vertex 25.0000 4.0000 1.0000
      vertex 25.0000 4.0000 0.4000
    endloop
  endfacet
  facet normal 0 0 0
    outer loop
      vertex 25.0000 4.0000 0.4000
      vertex 25.0000 4.0000 1.0000
      vertex 25.0000 5.0000 1.0000
    endloop
  endfacet
  facet normal 0 0 0
    outer loop
      vertex 25.0000 4.0000 0.4000
      vertex 25.0000 5.0000 1.0000
      vertex 25.0000 5.0000 0.4000
    endloop
  endfacet
  facet normal 0 0 0
    outer loop
      vertex 25.0000 5.0000 0.4000
      vertex 25.0000 5.0000 1.0000
      vertex 24.0000 5.0000 1.0000
    endloop
  endfacet
  facet normal 0 0 0
    outer loop
      vertex 25.0000 5.0000 0.4000
      vertex 24.0000 5.0000 1.0000
      vertex 24.0000 5.0000 0.4000
    endloop
  endfacet
  facet normal 0 0 0
    outer loop
      vertex 24.0000 5.0000 0.4000
      vertex 24.0000 5.0000 1.0000
      vertex 24.0000 4.0000 1.0000
    endloop
  endfacet
  facet normal 0 0 0
    outer loop
      vertex 24.0000 5.0000 0.4000
      vertex 24.0000 4.0000 1.0000
      vertex 24.0000 4.0000 0.4000
    endloop
  endfacet
endsolid KUIN_G_DDD52MN3XCB6YBD7
